source,file_path,json_path,value
ablations,05_results/ablations/ablation_m1_tiny/ablation_summary.json,base_config,"""configs/default.yaml"""
ablations,05_results/ablations/ablation_m1_tiny/ablation_summary.json,epochs,1
ablations,05_results/ablations/ablation_m1_tiny/ablation_summary.json,variants.no_consistency.clean.i_auroc,78.67063492063492
ablations,05_results/ablations/ablation_m1_tiny/ablation_summary.json,variants.no_consistency.clean.i_f1,61.53846104142012
ablations,05_results/ablations/ablation_m1_tiny/ablation_summary.json,variants.no_consistency.clean.i_ap,57.061032572215176
ablations,05_results/ablations/ablation_m1_tiny/ablation_summary.json,variants.no_consistency.clean.p_auroc,78.56913563473685
ablations,05_results/ablations/ablation_m1_tiny/ablation_summary.json,variants.no_consistency.clean.p_pro,41.14109499684921
ablations,05_results/ablations/ablation_m1_tiny/ablation_summary.json,variants.no_consistency.clean.p_ap,4.037016977918952
ablations,05_results/ablations/ablation_m1_tiny/ablation_summary.json,variants.no_consistency.noisy.i_auroc,42.757936507936506
ablations,05_results/ablations/ablation_m1_tiny/ablation_summary.json,variants.no_consistency.noisy.i_f1,39.99999968
ablations,05_results/ablations/ablation_m1_tiny/ablation_summary.json,variants.no_consistency.noisy.i_ap,22.86829806381631
ablations,05_results/ablations/ablation_m1_tiny/ablation_summary.json,variants.no_consistency.noisy.p_auroc,71.66694852981577
ablations,05_results/ablations/ablation_m1_tiny/ablation_summary.json,variants.no_consistency.noisy.p_pro,39.64417580447453
ablations,05_results/ablations/ablation_m1_tiny/ablation_summary.json,variants.no_consistency.noisy.p_ap,2.120894938768592
ablations,05_results/ablations/ablation_m1_tiny/ablation_summary.json,variants.no_consistency.delta.i_auroc,-35.91269841269842
ablations,05_results/ablations/ablation_m1_tiny/ablation_summary.json,variants.no_consistency.delta.i_f1,-21.53846136142012
ablations,05_results/ablations/ablation_m1_tiny/ablation_summary.json,variants.no_consistency.delta.i_ap,-34.192734508398864
ablations,05_results/ablations/ablation_m1_tiny/ablation_summary.json,variants.no_consistency.delta.p_auroc,-6.902187104921083
ablations,05_results/ablations/ablation_m1_tiny/ablation_summary.json,variants.no_consistency.delta.p_pro,-1.4969191923746834
ablations,05_results/ablations/ablation_m1_tiny/ablation_summary.json,variants.no_consistency.delta.p_ap,-1.9161220391503604
ablations,05_results/ablations/ablation_m1_tiny/ablation_summary.json,variants.lora_no_consistency.clean.i_auroc,57.638888888888886
ablations,05_results/ablations/ablation_m1_tiny/ablation_summary.json,variants.lora_no_consistency.clean.i_f1,42.857142475102044
ablations,05_results/ablations/ablation_m1_tiny/ablation_summary.json,variants.lora_no_consistency.clean.i_ap,34.99833984569629
ablations,05_results/ablations/ablation_m1_tiny/ablation_summary.json,variants.lora_no_consistency.clean.p_auroc,66.06904880619055
ablations,05_results/ablations/ablation_m1_tiny/ablation_summary.json,variants.lora_no_consistency.clean.p_pro,27.71956321130486
ablations,05_results/ablations/ablation_m1_tiny/ablation_summary.json,variants.lora_no_consistency.clean.p_ap,1.8944560113995448
ablations,05_results/ablations/ablation_m1_tiny/ablation_summary.json,variants.lora_no_consistency.noisy.i_auroc,49.702380952380956
ablations,05_results/ablations/ablation_m1_tiny/ablation_summary.json,variants.lora_no_consistency.noisy.i_f1,42.62295040365493
ablations,05_results/ablations/ablation_m1_tiny/ablation_summary.json,variants.lora_no_consistency.noisy.i_ap,28.961937329327185
ablations,05_results/ablations/ablation_m1_tiny/ablation_summary.json,variants.lora_no_consistency.noisy.p_auroc,58.6906182480581
ablations,05_results/ablations/ablation_m1_tiny/ablation_summary.json,variants.lora_no_consistency.noisy.p_pro,22.905518534608724
ablations,05_results/ablations/ablation_m1_tiny/ablation_summary.json,variants.lora_no_consistency.noisy.p_ap,1.2736089655921425
ablations,05_results/ablations/ablation_m1_tiny/ablation_summary.json,variants.lora_no_consistency.delta.i_auroc,-7.93650793650793
ablations,05_results/ablations/ablation_m1_tiny/ablation_summary.json,variants.lora_no_consistency.delta.i_f1,-0.23419207144711152
ablations,05_results/ablations/ablation_m1_tiny/ablation_summary.json,variants.lora_no_consistency.delta.i_ap,-6.036402516369108
ablations,05_results/ablations/ablation_m1_tiny/ablation_summary.json,variants.lora_no_consistency.delta.p_auroc,-7.37843055813245
ablations,05_results/ablations/ablation_m1_tiny/ablation_summary.json,variants.lora_no_consistency.delta.p_pro,-4.814044676696135
ablations,05_results/ablations/ablation_m1_tiny/ablation_summary.json,variants.lora_no_consistency.delta.p_ap,-0.6208470458074022
ablations,05_results/ablations/ablation_m1_tiny/lora_no_consistency/calibration_thresholds.json,image_threshold,0.1142302080988884
ablations,05_results/ablations/ablation_m1_tiny/lora_no_consistency/calibration_thresholds.json,pixel_threshold,0.9240046739578247
ablations,05_results/ablations/ablation_m1_tiny/lora_no_consistency/calibration_thresholds.json,val_image_f1,0.40816326205747605
ablations,05_results/ablations/ablation_m1_tiny/lora_no_consistency/calibration_thresholds.json,val_pixel_f1,0.07285704064400107
ablations,05_results/ablations/ablation_m1_tiny/lora_no_consistency/eval_results/results.json,per_category.cable.image_level.auroc,57.638888888888886
ablations,05_results/ablations/ablation_m1_tiny/lora_no_consistency/eval_results/results.json,per_category.cable.image_level.f1_max,42.857142475102044
ablations,05_results/ablations/ablation_m1_tiny/lora_no_consistency/eval_results/results.json,per_category.cable.image_level.ap,34.99833984569629
ablations,05_results/ablations/ablation_m1_tiny/lora_no_consistency/eval_results/results.json,per_category.cable.pixel_level.auroc,66.06904880619055
ablations,05_results/ablations/ablation_m1_tiny/lora_no_consistency/eval_results/results.json,per_category.cable.pixel_level.pro,27.71956321130486
ablations,05_results/ablations/ablation_m1_tiny/lora_no_consistency/eval_results/results.json,per_category.cable.pixel_level.ap,1.8944560113995448
ablations,05_results/ablations/ablation_m1_tiny/lora_no_consistency/eval_results/results.json,per_category.cable.n_samples,74
ablations,05_results/ablations/ablation_m1_tiny/lora_no_consistency/eval_results/results.json,per_category.cable.n_anomalous,18
ablations,05_results/ablations/ablation_m1_tiny/lora_no_consistency/eval_results/results.json,overall.image_level.auroc,57.638888888888886
ablations,05_results/ablations/ablation_m1_tiny/lora_no_consistency/eval_results/results.json,overall.image_level.f1_max,42.857142475102044
ablations,05_results/ablations/ablation_m1_tiny/lora_no_consistency/eval_results/results.json,overall.image_level.ap,34.99833984569629
ablations,05_results/ablations/ablation_m1_tiny/lora_no_consistency/eval_results/results.json,overall.pixel_level.auroc,66.06904880619055
ablations,05_results/ablations/ablation_m1_tiny/lora_no_consistency/eval_results/results.json,overall.pixel_level.pro,27.71956321130486
ablations,05_results/ablations/ablation_m1_tiny/lora_no_consistency/eval_results/results.json,overall.pixel_level.ap,1.8944560113995448
ablations,05_results/ablations/ablation_m1_tiny/lora_no_consistency/eval_results/results.json,overall.n_samples,74
ablations,05_results/ablations/ablation_m1_tiny/lora_no_consistency/eval_results/results.json,overall.thresholded.image_threshold,0.1142302080988884
ablations,05_results/ablations/ablation_m1_tiny/lora_no_consistency/eval_results/results.json,overall.thresholded.pixel_threshold,0.9240046739578247
ablations,05_results/ablations/ablation_m1_tiny/lora_no_consistency/eval_results/results.json,overall.thresholded.image_accuracy,29.72972972972973
ablations,05_results/ablations/ablation_m1_tiny/lora_no_consistency/eval_results/results.json,overall.thresholded.image_precision,24.242424242424242
ablations,05_results/ablations/ablation_m1_tiny/lora_no_consistency/eval_results/results.json,overall.thresholded.image_recall,88.88888888888889
ablations,05_results/ablations/ablation_m1_tiny/lora_no_consistency/eval_results/results.json,overall.thresholded.image_f1,38.095238095238095
ablations,05_results/ablations/ablation_m1_tiny/lora_no_consistency/eval_results/results.json,overall.thresholded.pixel_accuracy,95.58656295716716
ablations,05_results/ablations/ablation_m1_tiny/lora_no_consistency/noise_eval/noise_results.json,overall.image_level.auroc,49.702380952380956
ablations,05_results/ablations/ablation_m1_tiny/lora_no_consistency/noise_eval/noise_results.json,overall.image_level.f1_max,42.62295040365493
ablations,05_results/ablations/ablation_m1_tiny/lora_no_consistency/noise_eval/noise_results.json,overall.image_level.ap,28.961937329327185
ablations,05_results/ablations/ablation_m1_tiny/lora_no_consistency/noise_eval/noise_results.json,overall.pixel_level.auroc,58.6906182480581
ablations,05_results/ablations/ablation_m1_tiny/lora_no_consistency/noise_eval/noise_results.json,overall.pixel_level.pro,22.905518534608724
ablations,05_results/ablations/ablation_m1_tiny/lora_no_consistency/noise_eval/noise_results.json,overall.pixel_level.ap,1.2736089655921425
ablations,05_results/ablations/ablation_m1_tiny/lora_no_consistency/noise_eval/noise_results.json,overall.n_samples,74
ablations,05_results/ablations/ablation_m1_tiny/lora_no_consistency/noise_eval/noise_results.json,overall.thresholded.image_threshold,0.1142302080988884
ablations,05_results/ablations/ablation_m1_tiny/lora_no_consistency/noise_eval/noise_results.json,overall.thresholded.pixel_threshold,0.9240046739578247
ablations,05_results/ablations/ablation_m1_tiny/lora_no_consistency/noise_eval/noise_results.json,overall.thresholded.image_accuracy,25.675675675675674
ablations,05_results/ablations/ablation_m1_tiny/lora_no_consistency/noise_eval/noise_results.json,overall.thresholded.image_precision,24.65753424657534
ablations,05_results/ablations/ablation_m1_tiny/lora_no_consistency/noise_eval/noise_results.json,overall.thresholded.image_recall,100.0
ablations,05_results/ablations/ablation_m1_tiny/lora_no_consistency/noise_eval/noise_results.json,overall.thresholded.image_f1,39.56043956043956
ablations,05_results/ablations/ablation_m1_tiny/lora_no_consistency/noise_eval/noise_results.json,overall.thresholded.pixel_accuracy,93.23707885223068
ablations,05_results/ablations/ablation_m1_tiny/lora_no_consistency/noise_eval/robustness_report.json,clean.image_level.auroc,57.638888888888886
ablations,05_results/ablations/ablation_m1_tiny/lora_no_consistency/noise_eval/robustness_report.json,clean.image_level.f1_max,42.857142475102044
ablations,05_results/ablations/ablation_m1_tiny/lora_no_consistency/noise_eval/robustness_report.json,clean.image_level.ap,34.99833984569629
ablations,05_results/ablations/ablation_m1_tiny/lora_no_consistency/noise_eval/robustness_report.json,clean.pixel_level.auroc,66.06904880619055
ablations,05_results/ablations/ablation_m1_tiny/lora_no_consistency/noise_eval/robustness_report.json,clean.pixel_level.pro,27.71956321130486
ablations,05_results/ablations/ablation_m1_tiny/lora_no_consistency/noise_eval/robustness_report.json,clean.pixel_level.ap,1.8944560113995448
ablations,05_results/ablations/ablation_m1_tiny/lora_no_consistency/noise_eval/robustness_report.json,clean.n_samples,74
ablations,05_results/ablations/ablation_m1_tiny/lora_no_consistency/noise_eval/robustness_report.json,clean.thresholded.image_threshold,0.1142302080988884
ablations,05_results/ablations/ablation_m1_tiny/lora_no_consistency/noise_eval/robustness_report.json,clean.thresholded.pixel_threshold,0.9240046739578247
ablations,05_results/ablations/ablation_m1_tiny/lora_no_consistency/noise_eval/robustness_report.json,clean.thresholded.image_accuracy,29.72972972972973
ablations,05_results/ablations/ablation_m1_tiny/lora_no_consistency/noise_eval/robustness_report.json,clean.thresholded.image_precision,24.242424242424242
ablations,05_results/ablations/ablation_m1_tiny/lora_no_consistency/noise_eval/robustness_report.json,clean.thresholded.image_recall,88.88888888888889
ablations,05_results/ablations/ablation_m1_tiny/lora_no_consistency/noise_eval/robustness_report.json,clean.thresholded.image_f1,38.095238095238095
ablations,05_results/ablations/ablation_m1_tiny/lora_no_consistency/noise_eval/robustness_report.json,clean.thresholded.pixel_accuracy,95.58656295716716
ablations,05_results/ablations/ablation_m1_tiny/lora_no_consistency/noise_eval/robustness_report.json,noisy.image_level.auroc,49.702380952380956
ablations,05_results/ablations/ablation_m1_tiny/lora_no_consistency/noise_eval/robustness_report.json,noisy.image_level.f1_max,42.62295040365493
ablations,05_results/ablations/ablation_m1_tiny/lora_no_consistency/noise_eval/robustness_report.json,noisy.image_level.ap,28.961937329327185
ablations,05_results/ablations/ablation_m1_tiny/lora_no_consistency/noise_eval/robustness_report.json,noisy.pixel_level.auroc,58.6906182480581
ablations,05_results/ablations/ablation_m1_tiny/lora_no_consistency/noise_eval/robustness_report.json,noisy.pixel_level.pro,22.905518534608724
ablations,05_results/ablations/ablation_m1_tiny/lora_no_consistency/noise_eval/robustness_report.json,noisy.pixel_level.ap,1.2736089655921425
ablations,05_results/ablations/ablation_m1_tiny/lora_no_consistency/noise_eval/robustness_report.json,noisy.n_samples,74
ablations,05_results/ablations/ablation_m1_tiny/lora_no_consistency/noise_eval/robustness_report.json,noisy.thresholded.image_threshold,0.1142302080988884
ablations,05_results/ablations/ablation_m1_tiny/lora_no_consistency/noise_eval/robustness_report.json,noisy.thresholded.pixel_threshold,0.9240046739578247
ablations,05_results/ablations/ablation_m1_tiny/lora_no_consistency/noise_eval/robustness_report.json,noisy.thresholded.image_accuracy,25.675675675675674
ablations,05_results/ablations/ablation_m1_tiny/lora_no_consistency/noise_eval/robustness_report.json,noisy.thresholded.image_precision,24.65753424657534
ablations,05_results/ablations/ablation_m1_tiny/lora_no_consistency/noise_eval/robustness_report.json,noisy.thresholded.image_recall,100.0
ablations,05_results/ablations/ablation_m1_tiny/lora_no_consistency/noise_eval/robustness_report.json,noisy.thresholded.image_f1,39.56043956043956
ablations,05_results/ablations/ablation_m1_tiny/lora_no_consistency/noise_eval/robustness_report.json,noisy.thresholded.pixel_accuracy,93.23707885223068
ablations,05_results/ablations/ablation_m1_tiny/lora_no_consistency/noise_eval/robustness_report.json,delta.image_auroc,-7.93650793650793
ablations,05_results/ablations/ablation_m1_tiny/lora_no_consistency/noise_eval/robustness_report.json,delta.image_f1_max,-0.23419207144711152
ablations,05_results/ablations/ablation_m1_tiny/lora_no_consistency/noise_eval/robustness_report.json,delta.image_ap,-6.036402516369108
ablations,05_results/ablations/ablation_m1_tiny/lora_no_consistency/noise_eval/robustness_report.json,delta.pixel_auroc,-7.37843055813245
ablations,05_results/ablations/ablation_m1_tiny/lora_no_consistency/noise_eval/robustness_report.json,delta.pixel_pro,-4.814044676696135
ablations,05_results/ablations/ablation_m1_tiny/lora_no_consistency/noise_eval/robustness_report.json,delta.pixel_ap,-0.6208470458074022
ablations,05_results/ablations/ablation_m1_tiny/lora_no_consistency/noise_eval/robustness_report.json,delta.image_accuracy,-4.054054054054056
ablations,05_results/ablations/ablation_m1_tiny/lora_no_consistency/noise_eval/robustness_report.json,delta.image_f1,1.465201465201467
ablations,05_results/ablations/ablation_m1_tiny/lora_no_consistency/noise_eval/robustness_report.json,delta.pixel_accuracy,-2.3494841049364794
ablations,05_results/ablations/ablation_m1_tiny/lora_no_consistency/training_metrics.json,[0].epoch,1
ablations,05_results/ablations/ablation_m1_tiny/lora_no_consistency/training_metrics.json,[0].train_loss,7.3704828262329105
ablations,05_results/ablations/ablation_m1_tiny/lora_no_consistency/training_metrics.json,[0].train_seg,0.026389013854070352
ablations,05_results/ablations/ablation_m1_tiny/lora_no_consistency/training_metrics.json,[0].train_class,0.7270500256465031
ablations,05_results/ablations/ablation_m1_tiny/lora_no_consistency/training_metrics.json,[0].train_vae,6.26491646033067
ablations,05_results/ablations/ablation_m1_tiny/lora_no_consistency/training_metrics.json,[0].train_reg,0.7042546556546138
ablations,05_results/ablations/ablation_m1_tiny/lora_no_consistency/training_metrics.json,[0].train_consistency,0.0
ablations,05_results/ablations/ablation_m1_tiny/lora_no_consistency/training_metrics.json,[0].val_loss,6.953101134300232
ablations,05_results/ablations/ablation_m1_tiny/lora_no_consistency/training_metrics.json,[0].val_seg,0.02431012303568423
ablations,05_results/ablations/ablation_m1_tiny/lora_no_consistency/training_metrics.json,[0].val_class,0.7206971168518066
ablations,05_results/ablations/ablation_m1_tiny/lora_no_consistency/training_metrics.json,[0].val_vae,5.856806039810181
ablations,05_results/ablations/ablation_m1_tiny/lora_no_consistency/training_metrics.json,[0].val_reg,0.7025756031274796
ablations,05_results/ablations/ablation_m1_tiny/lora_no_consistency/training_metrics.json,[0].lr,0.0001230769230769231
ablations,05_results/ablations/ablation_m1_tiny/lora_no_consistency/training_metrics.json,[0].epoch_time_sec,80.92507648468018
ablations,05_results/ablations/ablation_m1_tiny/lora_no_consistency/training_summary.json,best_val_loss,6.953101134300232
ablations,05_results/ablations/ablation_m1_tiny/lora_no_consistency/training_summary.json,epochs_completed,1
ablations,05_results/ablations/ablation_m1_tiny/lora_no_consistency/training_summary.json,early_stopping_enabled,True
ablations,05_results/ablations/ablation_m1_tiny/lora_no_consistency/training_summary.json,early_stopping_patience,5
ablations,05_results/ablations/ablation_m1_tiny/lora_no_consistency/training_summary.json,monitor,"""val_loss"""
ablations,05_results/ablations/ablation_m1_tiny/lora_no_consistency/training_summary.json,metrics_file,"""outputs\\ablation_m1_tiny\\lora_no_consistency\\training_metrics.json"""
ablations,05_results/ablations/ablation_m1_tiny/lora_no_consistency/training_summary.json,val_visualizations_dir,"""outputs\\ablation_m1_tiny\\lora_no_consistency\\val_visualizations"""
ablations,05_results/ablations/ablation_m1_tiny/no_consistency/calibration_thresholds.json,image_threshold,0.06629828363656998
ablations,05_results/ablations/ablation_m1_tiny/no_consistency/calibration_thresholds.json,pixel_threshold,0.9249926209449768
ablations,05_results/ablations/ablation_m1_tiny/no_consistency/calibration_thresholds.json,val_image_f1,0.48275861617122473
ablations,05_results/ablations/ablation_m1_tiny/no_consistency/calibration_thresholds.json,val_pixel_f1,0.10436782354485122
ablations,05_results/ablations/ablation_m1_tiny/no_consistency/eval_results/results.json,per_category.cable.image_level.auroc,78.67063492063492
ablations,05_results/ablations/ablation_m1_tiny/no_consistency/eval_results/results.json,per_category.cable.image_level.f1_max,61.53846104142012
ablations,05_results/ablations/ablation_m1_tiny/no_consistency/eval_results/results.json,per_category.cable.image_level.ap,57.061032572215176
ablations,05_results/ablations/ablation_m1_tiny/no_consistency/eval_results/results.json,per_category.cable.pixel_level.auroc,78.56913563473685
ablations,05_results/ablations/ablation_m1_tiny/no_consistency/eval_results/results.json,per_category.cable.pixel_level.pro,41.14109499684921
ablations,05_results/ablations/ablation_m1_tiny/no_consistency/eval_results/results.json,per_category.cable.pixel_level.ap,4.037016977918952
ablations,05_results/ablations/ablation_m1_tiny/no_consistency/eval_results/results.json,per_category.cable.n_samples,74
ablations,05_results/ablations/ablation_m1_tiny/no_consistency/eval_results/results.json,per_category.cable.n_anomalous,18
ablations,05_results/ablations/ablation_m1_tiny/no_consistency/eval_results/results.json,overall.image_level.auroc,78.67063492063492
ablations,05_results/ablations/ablation_m1_tiny/no_consistency/eval_results/results.json,overall.image_level.f1_max,61.53846104142012
ablations,05_results/ablations/ablation_m1_tiny/no_consistency/eval_results/results.json,overall.image_level.ap,57.061032572215176
ablations,05_results/ablations/ablation_m1_tiny/no_consistency/eval_results/results.json,overall.pixel_level.auroc,78.56913563473685
ablations,05_results/ablations/ablation_m1_tiny/no_consistency/eval_results/results.json,overall.pixel_level.pro,41.14109499684921
ablations,05_results/ablations/ablation_m1_tiny/no_consistency/eval_results/results.json,overall.pixel_level.ap,4.037016977918952
ablations,05_results/ablations/ablation_m1_tiny/no_consistency/eval_results/results.json,overall.n_samples,74
ablations,05_results/ablations/ablation_m1_tiny/no_consistency/eval_results/results.json,overall.thresholded.image_threshold,0.06629828363656998
ablations,05_results/ablations/ablation_m1_tiny/no_consistency/eval_results/results.json,overall.thresholded.pixel_threshold,0.9249926209449768
ablations,05_results/ablations/ablation_m1_tiny/no_consistency/eval_results/results.json,overall.thresholded.image_accuracy,66.21621621621621
ablations,05_results/ablations/ablation_m1_tiny/no_consistency/eval_results/results.json,overall.thresholded.image_precision,40.0
ablations,05_results/ablations/ablation_m1_tiny/no_consistency/eval_results/results.json,overall.thresholded.image_recall,77.77777777777779
ablations,05_results/ablations/ablation_m1_tiny/no_consistency/eval_results/results.json,overall.thresholded.image_f1,52.83018867924528
ablations,05_results/ablations/ablation_m1_tiny/no_consistency/eval_results/results.json,overall.thresholded.pixel_accuracy,97.23165962730818
ablations,05_results/ablations/ablation_m1_tiny/no_consistency/noise_eval/noise_results.json,overall.image_level.auroc,42.757936507936506
ablations,05_results/ablations/ablation_m1_tiny/no_consistency/noise_eval/noise_results.json,overall.image_level.f1_max,39.99999968
ablations,05_results/ablations/ablation_m1_tiny/no_consistency/noise_eval/noise_results.json,overall.image_level.ap,22.86829806381631
ablations,05_results/ablations/ablation_m1_tiny/no_consistency/noise_eval/noise_results.json,overall.pixel_level.auroc,71.66694852981577
ablations,05_results/ablations/ablation_m1_tiny/no_consistency/noise_eval/noise_results.json,overall.pixel_level.pro,39.64417580447453
ablations,05_results/ablations/ablation_m1_tiny/no_consistency/noise_eval/noise_results.json,overall.pixel_level.ap,2.120894938768592
ablations,05_results/ablations/ablation_m1_tiny/no_consistency/noise_eval/noise_results.json,overall.n_samples,74
ablations,05_results/ablations/ablation_m1_tiny/no_consistency/noise_eval/noise_results.json,overall.thresholded.image_threshold,0.06629828363656998
ablations,05_results/ablations/ablation_m1_tiny/no_consistency/noise_eval/noise_results.json,overall.thresholded.pixel_threshold,0.9249926209449768
ablations,05_results/ablations/ablation_m1_tiny/no_consistency/noise_eval/noise_results.json,overall.thresholded.image_accuracy,24.324324324324326
ablations,05_results/ablations/ablation_m1_tiny/no_consistency/noise_eval/noise_results.json,overall.thresholded.image_precision,24.324324324324326
ablations,05_results/ablations/ablation_m1_tiny/no_consistency/noise_eval/noise_results.json,overall.thresholded.image_recall,100.0
ablations,05_results/ablations/ablation_m1_tiny/no_consistency/noise_eval/noise_results.json,overall.thresholded.image_f1,39.130434782608695
ablations,05_results/ablations/ablation_m1_tiny/no_consistency/noise_eval/noise_results.json,overall.thresholded.pixel_accuracy,97.04304134936504
ablations,05_results/ablations/ablation_m1_tiny/no_consistency/noise_eval/robustness_report.json,clean.image_level.auroc,78.67063492063492
ablations,05_results/ablations/ablation_m1_tiny/no_consistency/noise_eval/robustness_report.json,clean.image_level.f1_max,61.53846104142012
ablations,05_results/ablations/ablation_m1_tiny/no_consistency/noise_eval/robustness_report.json,clean.image_level.ap,57.061032572215176
ablations,05_results/ablations/ablation_m1_tiny/no_consistency/noise_eval/robustness_report.json,clean.pixel_level.auroc,78.56913563473685
ablations,05_results/ablations/ablation_m1_tiny/no_consistency/noise_eval/robustness_report.json,clean.pixel_level.pro,41.14109499684921
ablations,05_results/ablations/ablation_m1_tiny/no_consistency/noise_eval/robustness_report.json,clean.pixel_level.ap,4.037016977918952
ablations,05_results/ablations/ablation_m1_tiny/no_consistency/noise_eval/robustness_report.json,clean.n_samples,74
ablations,05_results/ablations/ablation_m1_tiny/no_consistency/noise_eval/robustness_report.json,clean.thresholded.image_threshold,0.06629828363656998
ablations,05_results/ablations/ablation_m1_tiny/no_consistency/noise_eval/robustness_report.json,clean.thresholded.pixel_threshold,0.9249926209449768
ablations,05_results/ablations/ablation_m1_tiny/no_consistency/noise_eval/robustness_report.json,clean.thresholded.image_accuracy,66.21621621621621
ablations,05_results/ablations/ablation_m1_tiny/no_consistency/noise_eval/robustness_report.json,clean.thresholded.image_precision,40.0
ablations,05_results/ablations/ablation_m1_tiny/no_consistency/noise_eval/robustness_report.json,clean.thresholded.image_recall,77.77777777777779
ablations,05_results/ablations/ablation_m1_tiny/no_consistency/noise_eval/robustness_report.json,clean.thresholded.image_f1,52.83018867924528
ablations,05_results/ablations/ablation_m1_tiny/no_consistency/noise_eval/robustness_report.json,clean.thresholded.pixel_accuracy,97.23165962730818
ablations,05_results/ablations/ablation_m1_tiny/no_consistency/noise_eval/robustness_report.json,noisy.image_level.auroc,42.757936507936506
ablations,05_results/ablations/ablation_m1_tiny/no_consistency/noise_eval/robustness_report.json,noisy.image_level.f1_max,39.99999968
ablations,05_results/ablations/ablation_m1_tiny/no_consistency/noise_eval/robustness_report.json,noisy.image_level.ap,22.86829806381631
ablations,05_results/ablations/ablation_m1_tiny/no_consistency/noise_eval/robustness_report.json,noisy.pixel_level.auroc,71.66694852981577
ablations,05_results/ablations/ablation_m1_tiny/no_consistency/noise_eval/robustness_report.json,noisy.pixel_level.pro,39.64417580447453
ablations,05_results/ablations/ablation_m1_tiny/no_consistency/noise_eval/robustness_report.json,noisy.pixel_level.ap,2.120894938768592
ablations,05_results/ablations/ablation_m1_tiny/no_consistency/noise_eval/robustness_report.json,noisy.n_samples,74
ablations,05_results/ablations/ablation_m1_tiny/no_consistency/noise_eval/robustness_report.json,noisy.thresholded.image_threshold,0.06629828363656998
ablations,05_results/ablations/ablation_m1_tiny/no_consistency/noise_eval/robustness_report.json,noisy.thresholded.pixel_threshold,0.9249926209449768
ablations,05_results/ablations/ablation_m1_tiny/no_consistency/noise_eval/robustness_report.json,noisy.thresholded.image_accuracy,24.324324324324326
ablations,05_results/ablations/ablation_m1_tiny/no_consistency/noise_eval/robustness_report.json,noisy.thresholded.image_precision,24.324324324324326
ablations,05_results/ablations/ablation_m1_tiny/no_consistency/noise_eval/robustness_report.json,noisy.thresholded.image_recall,100.0
ablations,05_results/ablations/ablation_m1_tiny/no_consistency/noise_eval/robustness_report.json,noisy.thresholded.image_f1,39.130434782608695
ablations,05_results/ablations/ablation_m1_tiny/no_consistency/noise_eval/robustness_report.json,noisy.thresholded.pixel_accuracy,97.04304134936504
ablations,05_results/ablations/ablation_m1_tiny/no_consistency/noise_eval/robustness_report.json,delta.image_auroc,-35.91269841269842
ablations,05_results/ablations/ablation_m1_tiny/no_consistency/noise_eval/robustness_report.json,delta.image_f1_max,-21.53846136142012
ablations,05_results/ablations/ablation_m1_tiny/no_consistency/noise_eval/robustness_report.json,delta.image_ap,-34.192734508398864
ablations,05_results/ablations/ablation_m1_tiny/no_consistency/noise_eval/robustness_report.json,delta.pixel_auroc,-6.902187104921083
ablations,05_results/ablations/ablation_m1_tiny/no_consistency/noise_eval/robustness_report.json,delta.pixel_pro,-1.4969191923746834
ablations,05_results/ablations/ablation_m1_tiny/no_consistency/noise_eval/robustness_report.json,delta.pixel_ap,-1.9161220391503604
ablations,05_results/ablations/ablation_m1_tiny/no_consistency/noise_eval/robustness_report.json,delta.image_accuracy,-41.89189189189189
ablations,05_results/ablations/ablation_m1_tiny/no_consistency/noise_eval/robustness_report.json,delta.image_f1,-13.699753896636587
ablations,05_results/ablations/ablation_m1_tiny/no_consistency/noise_eval/robustness_report.json,delta.pixel_accuracy,-0.18861827794313513
ablations,05_results/ablations/ablation_m1_tiny/no_consistency/training_metrics.json,[0].epoch,1
ablations,05_results/ablations/ablation_m1_tiny/no_consistency/training_metrics.json,[0].train_loss,4.549841796434842
ablations,05_results/ablations/ablation_m1_tiny/no_consistency/training_metrics.json,[0].train_seg,0.02330958338615556
ablations,05_results/ablations/ablation_m1_tiny/no_consistency/training_metrics.json,[0].train_class,0.7215400833349962
ablations,05_results/ablations/ablation_m1_tiny/no_consistency/training_metrics.json,[0].train_vae,3.462850505572099
ablations,05_results/ablations/ablation_m1_tiny/no_consistency/training_metrics.json,[0].train_reg,0.6842832528627836
ablations,05_results/ablations/ablation_m1_tiny/no_consistency/training_metrics.json,[0].train_consistency,0.0
ablations,05_results/ablations/ablation_m1_tiny/no_consistency/training_metrics.json,[0].val_loss,2.2296865224838256
ablations,05_results/ablations/ablation_m1_tiny/no_consistency/training_metrics.json,[0].val_seg,0.021941908018197863
ablations,05_results/ablations/ablation_m1_tiny/no_consistency/training_metrics.json,[0].val_class,0.708574640750885
ablations,05_results/ablations/ablation_m1_tiny/no_consistency/training_metrics.json,[0].val_vae,1.1497180581092834
ablations,05_results/ablations/ablation_m1_tiny/no_consistency/training_metrics.json,[0].val_reg,0.6989038109779357
ablations,05_results/ablations/ablation_m1_tiny/no_consistency/training_metrics.json,[0].lr,0.0001230769230769231
ablations,05_results/ablations/ablation_m1_tiny/no_consistency/training_metrics.json,[0].epoch_time_sec,89.57061624526978
ablations,05_results/ablations/ablation_m1_tiny/no_consistency/training_summary.json,best_val_loss,2.2296865224838256
ablations,05_results/ablations/ablation_m1_tiny/no_consistency/training_summary.json,epochs_completed,1
ablations,05_results/ablations/ablation_m1_tiny/no_consistency/training_summary.json,early_stopping_enabled,True
ablations,05_results/ablations/ablation_m1_tiny/no_consistency/training_summary.json,early_stopping_patience,5
ablations,05_results/ablations/ablation_m1_tiny/no_consistency/training_summary.json,monitor,"""val_loss"""
ablations,05_results/ablations/ablation_m1_tiny/no_consistency/training_summary.json,metrics_file,"""outputs\\ablation_m1_tiny\\no_consistency\\training_metrics.json"""
ablations,05_results/ablations/ablation_m1_tiny/no_consistency/training_summary.json,val_visualizations_dir,"""outputs\\ablation_m1_tiny\\no_consistency\\val_visualizations"""
ablations,05_results/ablations/ablation_summary.json,base_config,"""configs/default.yaml"""
ablations,05_results/ablations/ablation_summary.json,epochs,1
ablations,05_results/ablations/ablation_summary.json,variants.no_consistency.clean.i_auroc,78.67063492063492
ablations,05_results/ablations/ablation_summary.json,variants.no_consistency.clean.i_f1,61.53846104142012
ablations,05_results/ablations/ablation_summary.json,variants.no_consistency.clean.i_ap,57.061032572215176
ablations,05_results/ablations/ablation_summary.json,variants.no_consistency.clean.p_auroc,78.56913563473685
ablations,05_results/ablations/ablation_summary.json,variants.no_consistency.clean.p_pro,41.14109499684921
ablations,05_results/ablations/ablation_summary.json,variants.no_consistency.clean.p_ap,4.037016977918952
ablations,05_results/ablations/ablation_summary.json,variants.no_consistency.noisy.i_auroc,42.757936507936506
ablations,05_results/ablations/ablation_summary.json,variants.no_consistency.noisy.i_f1,39.99999968
ablations,05_results/ablations/ablation_summary.json,variants.no_consistency.noisy.i_ap,22.86829806381631
ablations,05_results/ablations/ablation_summary.json,variants.no_consistency.noisy.p_auroc,71.66694852981577
ablations,05_results/ablations/ablation_summary.json,variants.no_consistency.noisy.p_pro,39.64417580447453
ablations,05_results/ablations/ablation_summary.json,variants.no_consistency.noisy.p_ap,2.120894938768592
ablations,05_results/ablations/ablation_summary.json,variants.no_consistency.delta.i_auroc,-35.91269841269842
ablations,05_results/ablations/ablation_summary.json,variants.no_consistency.delta.i_f1,-21.53846136142012
ablations,05_results/ablations/ablation_summary.json,variants.no_consistency.delta.i_ap,-34.192734508398864
ablations,05_results/ablations/ablation_summary.json,variants.no_consistency.delta.p_auroc,-6.902187104921083
ablations,05_results/ablations/ablation_summary.json,variants.no_consistency.delta.p_pro,-1.4969191923746834
ablations,05_results/ablations/ablation_summary.json,variants.no_consistency.delta.p_ap,-1.9161220391503604
ablations,05_results/ablations/ablation_summary.json,variants.lora_no_consistency.clean.i_auroc,57.638888888888886
ablations,05_results/ablations/ablation_summary.json,variants.lora_no_consistency.clean.i_f1,42.857142475102044
ablations,05_results/ablations/ablation_summary.json,variants.lora_no_consistency.clean.i_ap,34.99833984569629
ablations,05_results/ablations/ablation_summary.json,variants.lora_no_consistency.clean.p_auroc,66.06904880619055
ablations,05_results/ablations/ablation_summary.json,variants.lora_no_consistency.clean.p_pro,27.71956321130486
ablations,05_results/ablations/ablation_summary.json,variants.lora_no_consistency.clean.p_ap,1.8944560113995448
ablations,05_results/ablations/ablation_summary.json,variants.lora_no_consistency.noisy.i_auroc,49.702380952380956
ablations,05_results/ablations/ablation_summary.json,variants.lora_no_consistency.noisy.i_f1,42.62295040365493
ablations,05_results/ablations/ablation_summary.json,variants.lora_no_consistency.noisy.i_ap,28.961937329327185
ablations,05_results/ablations/ablation_summary.json,variants.lora_no_consistency.noisy.p_auroc,58.6906182480581
ablations,05_results/ablations/ablation_summary.json,variants.lora_no_consistency.noisy.p_pro,22.905518534608724
ablations,05_results/ablations/ablation_summary.json,variants.lora_no_consistency.noisy.p_ap,1.2736089655921425
ablations,05_results/ablations/ablation_summary.json,variants.lora_no_consistency.delta.i_auroc,-7.93650793650793
ablations,05_results/ablations/ablation_summary.json,variants.lora_no_consistency.delta.i_f1,-0.23419207144711152
ablations,05_results/ablations/ablation_summary.json,variants.lora_no_consistency.delta.i_ap,-6.036402516369108
ablations,05_results/ablations/ablation_summary.json,variants.lora_no_consistency.delta.p_auroc,-7.37843055813245
ablations,05_results/ablations/ablation_summary.json,variants.lora_no_consistency.delta.p_pro,-4.814044676696135
ablations,05_results/ablations/ablation_summary.json,variants.lora_no_consistency.delta.p_ap,-0.6208470458074022
ablations,05_results/ablations/apples_to_apples_run21_3ep/depth_pruning/calibration_thresholds.json,image_threshold,-0.06187478452920914
ablations,05_results/ablations/apples_to_apples_run21_3ep/depth_pruning/calibration_thresholds.json,pixel_threshold,0.08588613569736481
ablations,05_results/ablations/apples_to_apples_run21_3ep/depth_pruning/calibration_thresholds.json,val_image_f1,0.4516128988553591
ablations,05_results/ablations/apples_to_apples_run21_3ep/depth_pruning/calibration_thresholds.json,val_pixel_f1,0.07037801923503327
ablations,05_results/ablations/apples_to_apples_run21_3ep/depth_pruning/calibration_thresholds.json,calibration_mode,"""clean_only"""
ablations,05_results/ablations/apples_to_apples_run21_3ep/depth_pruning/comparison_to_run21.json,baseline_dir,"""outputs/run21_resplit_15es"""
ablations,05_results/ablations/apples_to_apples_run21_3ep/depth_pruning/comparison_to_run21.json,candidate_dir,"""outputs/apples_to_apples_run21_3ep/depth_pruning"""
ablations,05_results/ablations/apples_to_apples_run21_3ep/depth_pruning/comparison_to_run21.json,max_drop,100.0
ablations,05_results/ablations/apples_to_apples_run21_3ep/depth_pruning/comparison_to_run21.json,gate_pass,True
ablations,05_results/ablations/apples_to_apples_run21_3ep/depth_pruning/comparison_to_run21.json,worst_metric,"""clean.image_ap"""
ablations,05_results/ablations/apples_to_apples_run21_3ep/depth_pruning/comparison_to_run21.json,worst_delta,-61.8994543538891
ablations,05_results/ablations/apples_to_apples_run21_3ep/depth_pruning/comparison_to_run21.json,comparisons.clean.image_ap.baseline,93.61511539143119
ablations,05_results/ablations/apples_to_apples_run21_3ep/depth_pruning/comparison_to_run21.json,comparisons.clean.image_ap.candidate,31.715661037542088
ablations,05_results/ablations/apples_to_apples_run21_3ep/depth_pruning/comparison_to_run21.json,comparisons.clean.image_ap.delta,-61.8994543538891
ablations,05_results/ablations/apples_to_apples_run21_3ep/depth_pruning/comparison_to_run21.json,comparisons.clean.image_auroc.baseline,97.42063492063492
ablations,05_results/ablations/apples_to_apples_run21_3ep/depth_pruning/comparison_to_run21.json,comparisons.clean.image_auroc.candidate,53.968253968253975
ablations,05_results/ablations/apples_to_apples_run21_3ep/depth_pruning/comparison_to_run21.json,comparisons.clean.image_auroc.delta,-43.45238095238095
ablations,05_results/ablations/apples_to_apples_run21_3ep/depth_pruning/comparison_to_run21.json,comparisons.clean.image_f1_max.baseline,84.84848435261708
ablations,05_results/ablations/apples_to_apples_run21_3ep/depth_pruning/comparison_to_run21.json,comparisons.clean.image_f1_max.candidate,44.444443944444444
ablations,05_results/ablations/apples_to_apples_run21_3ep/depth_pruning/comparison_to_run21.json,comparisons.clean.image_f1_max.delta,-40.404040408172634
ablations,05_results/ablations/apples_to_apples_run21_3ep/depth_pruning/comparison_to_run21.json,comparisons.clean.pixel_ap.baseline,50.88694692577435
ablations,05_results/ablations/apples_to_apples_run21_3ep/depth_pruning/comparison_to_run21.json,comparisons.clean.pixel_ap.candidate,2.7545359827278766
ablations,05_results/ablations/apples_to_apples_run21_3ep/depth_pruning/comparison_to_run21.json,comparisons.clean.pixel_ap.delta,-48.13241094304648
ablations,05_results/ablations/apples_to_apples_run21_3ep/depth_pruning/comparison_to_run21.json,comparisons.clean.pixel_auroc.baseline,95.33689776120521
ablations,05_results/ablations/apples_to_apples_run21_3ep/depth_pruning/comparison_to_run21.json,comparisons.clean.pixel_auroc.candidate,80.670840539991
ablations,05_results/ablations/apples_to_apples_run21_3ep/depth_pruning/comparison_to_run21.json,comparisons.clean.pixel_auroc.delta,-14.666057221214203
ablations,05_results/ablations/apples_to_apples_run21_3ep/depth_pruning/comparison_to_run21.json,comparisons.clean.pixel_pro.baseline,29.535681104290955
ablations,05_results/ablations/apples_to_apples_run21_3ep/depth_pruning/comparison_to_run21.json,comparisons.clean.pixel_pro.candidate,35.05926282214416
ablations,05_results/ablations/apples_to_apples_run21_3ep/depth_pruning/comparison_to_run21.json,comparisons.clean.pixel_pro.delta,5.523581717853208
ablations,05_results/ablations/apples_to_apples_run21_3ep/depth_pruning/comparison_to_run21.json,comparisons.noisy.image_ap.baseline,81.33140933140935
ablations,05_results/ablations/apples_to_apples_run21_3ep/depth_pruning/comparison_to_run21.json,comparisons.noisy.image_ap.candidate,36.52630403570345
ablations,05_results/ablations/apples_to_apples_run21_3ep/depth_pruning/comparison_to_run21.json,comparisons.noisy.image_ap.delta,-44.8051052957059
ablations,05_results/ablations/apples_to_apples_run21_3ep/depth_pruning/comparison_to_run21.json,comparisons.noisy.image_auroc.baseline,87.00396825396825
ablations,05_results/ablations/apples_to_apples_run21_3ep/depth_pruning/comparison_to_run21.json,comparisons.noisy.image_auroc.candidate,57.936507936507944
ablations,05_results/ablations/apples_to_apples_run21_3ep/depth_pruning/comparison_to_run21.json,comparisons.noisy.image_auroc.delta,-29.06746031746031
ablations,05_results/ablations/apples_to_apples_run21_3ep/depth_pruning/comparison_to_run21.json,comparisons.noisy.image_f1_max.baseline,75.86206849464924
ablations,05_results/ablations/apples_to_apples_run21_3ep/depth_pruning/comparison_to_run21.json,comparisons.noisy.image_f1_max.candidate,47.82608648015124
ablations,05_results/ablations/apples_to_apples_run21_3ep/depth_pruning/comparison_to_run21.json,comparisons.noisy.image_f1_max.delta,-28.035982014497996
ablations,05_results/ablations/apples_to_apples_run21_3ep/depth_pruning/comparison_to_run21.json,comparisons.noisy.pixel_ap.baseline,34.91051079155625
ablations,05_results/ablations/apples_to_apples_run21_3ep/depth_pruning/comparison_to_run21.json,comparisons.noisy.pixel_ap.candidate,2.746359383936484
ablations,05_results/ablations/apples_to_apples_run21_3ep/depth_pruning/comparison_to_run21.json,comparisons.noisy.pixel_ap.delta,-32.16415140761976
ablations,05_results/ablations/apples_to_apples_run21_3ep/depth_pruning/comparison_to_run21.json,comparisons.noisy.pixel_auroc.baseline,91.81948060451154
ablations,05_results/ablations/apples_to_apples_run21_3ep/depth_pruning/comparison_to_run21.json,comparisons.noisy.pixel_auroc.candidate,81.22642916371227
ablations,05_results/ablations/apples_to_apples_run21_3ep/depth_pruning/comparison_to_run21.json,comparisons.noisy.pixel_auroc.delta,-10.593051440799272
ablations,05_results/ablations/apples_to_apples_run21_3ep/depth_pruning/comparison_to_run21.json,comparisons.noisy.pixel_pro.baseline,58.26781925065566
ablations,05_results/ablations/apples_to_apples_run21_3ep/depth_pruning/comparison_to_run21.json,comparisons.noisy.pixel_pro.candidate,43.36544462098103
ablations,05_results/ablations/apples_to_apples_run21_3ep/depth_pruning/comparison_to_run21.json,comparisons.noisy.pixel_pro.delta,-14.902374629674632
ablations,05_results/ablations/apples_to_apples_run21_3ep/depth_pruning/eval_results/results.json,per_category.cable.image_level.auroc,53.968253968253975
ablations,05_results/ablations/apples_to_apples_run21_3ep/depth_pruning/eval_results/results.json,per_category.cable.image_level.f1_max,44.444443944444444
ablations,05_results/ablations/apples_to_apples_run21_3ep/depth_pruning/eval_results/results.json,per_category.cable.image_level.ap,31.715661037542088
ablations,05_results/ablations/apples_to_apples_run21_3ep/depth_pruning/eval_results/results.json,per_category.cable.pixel_level.auroc,80.670840539991
ablations,05_results/ablations/apples_to_apples_run21_3ep/depth_pruning/eval_results/results.json,per_category.cable.pixel_level.pro,35.05926282214416
ablations,05_results/ablations/apples_to_apples_run21_3ep/depth_pruning/eval_results/results.json,per_category.cable.pixel_level.ap,2.7545359827278766
ablations,05_results/ablations/apples_to_apples_run21_3ep/depth_pruning/eval_results/results.json,per_category.cable.n_samples,74
ablations,05_results/ablations/apples_to_apples_run21_3ep/depth_pruning/eval_results/results.json,per_category.cable.n_anomalous,18
ablations,05_results/ablations/apples_to_apples_run21_3ep/depth_pruning/eval_results/results.json,overall.image_level.auroc,53.968253968253975
ablations,05_results/ablations/apples_to_apples_run21_3ep/depth_pruning/eval_results/results.json,overall.image_level.f1_max,44.444443944444444
ablations,05_results/ablations/apples_to_apples_run21_3ep/depth_pruning/eval_results/results.json,overall.image_level.ap,31.715661037542088
ablations,05_results/ablations/apples_to_apples_run21_3ep/depth_pruning/eval_results/results.json,overall.pixel_level.auroc,80.670840539991
ablations,05_results/ablations/apples_to_apples_run21_3ep/depth_pruning/eval_results/results.json,overall.pixel_level.pro,35.05926282214416
ablations,05_results/ablations/apples_to_apples_run21_3ep/depth_pruning/eval_results/results.json,overall.pixel_level.ap,2.7545359827278766
ablations,05_results/ablations/apples_to_apples_run21_3ep/depth_pruning/eval_results/results.json,overall.n_samples,74
ablations,05_results/ablations/apples_to_apples_run21_3ep/depth_pruning/eval_results/results.json,overall.thresholded.image_threshold,-0.06187478452920914
ablations,05_results/ablations/apples_to_apples_run21_3ep/depth_pruning/eval_results/results.json,overall.thresholded.pixel_threshold,0.08588613569736481
ablations,05_results/ablations/apples_to_apples_run21_3ep/depth_pruning/eval_results/results.json,overall.thresholded.image_accuracy,50.0
ablations,05_results/ablations/apples_to_apples_run21_3ep/depth_pruning/eval_results/results.json,overall.thresholded.image_precision,24.324324324324326
ablations,05_results/ablations/apples_to_apples_run21_3ep/depth_pruning/eval_results/results.json,overall.thresholded.image_recall,50.0
ablations,05_results/ablations/apples_to_apples_run21_3ep/depth_pruning/eval_results/results.json,overall.thresholded.image_f1,32.72727272727273
ablations,05_results/ablations/apples_to_apples_run21_3ep/depth_pruning/eval_results/results.json,overall.thresholded.pixel_accuracy,83.37526193625536
ablations,05_results/ablations/apples_to_apples_run21_3ep/depth_pruning/noise_eval/noise_results.json,overall.image_level.auroc,57.936507936507944
ablations,05_results/ablations/apples_to_apples_run21_3ep/depth_pruning/noise_eval/noise_results.json,overall.image_level.f1_max,47.82608648015124
ablations,05_results/ablations/apples_to_apples_run21_3ep/depth_pruning/noise_eval/noise_results.json,overall.image_level.ap,36.52630403570345
ablations,05_results/ablations/apples_to_apples_run21_3ep/depth_pruning/noise_eval/noise_results.json,overall.pixel_level.auroc,81.22642916371227
ablations,05_results/ablations/apples_to_apples_run21_3ep/depth_pruning/noise_eval/noise_results.json,overall.pixel_level.pro,43.36544462098103
ablations,05_results/ablations/apples_to_apples_run21_3ep/depth_pruning/noise_eval/noise_results.json,overall.pixel_level.ap,2.746359383936484
ablations,05_results/ablations/apples_to_apples_run21_3ep/depth_pruning/noise_eval/noise_results.json,overall.n_samples,74
ablations,05_results/ablations/apples_to_apples_run21_3ep/depth_pruning/noise_eval/noise_results.json,overall.thresholded.image_threshold,-0.06187478452920914
ablations,05_results/ablations/apples_to_apples_run21_3ep/depth_pruning/noise_eval/noise_results.json,overall.thresholded.pixel_threshold,0.08588613569736481
ablations,05_results/ablations/apples_to_apples_run21_3ep/depth_pruning/noise_eval/noise_results.json,overall.thresholded.image_accuracy,24.324324324324326
ablations,05_results/ablations/apples_to_apples_run21_3ep/depth_pruning/noise_eval/noise_results.json,overall.thresholded.image_precision,24.324324324324326
ablations,05_results/ablations/apples_to_apples_run21_3ep/depth_pruning/noise_eval/noise_results.json,overall.thresholded.image_recall,100.0
ablations,05_results/ablations/apples_to_apples_run21_3ep/depth_pruning/noise_eval/noise_results.json,overall.thresholded.image_f1,39.130434782608695
ablations,05_results/ablations/apples_to_apples_run21_3ep/depth_pruning/noise_eval/noise_results.json,overall.thresholded.pixel_accuracy,3.289558770618981
ablations,05_results/ablations/apples_to_apples_run21_3ep/depth_pruning/noise_eval/robustness_report.json,clean.image_level.auroc,53.968253968253975
ablations,05_results/ablations/apples_to_apples_run21_3ep/depth_pruning/noise_eval/robustness_report.json,clean.image_level.f1_max,44.444443944444444
ablations,05_results/ablations/apples_to_apples_run21_3ep/depth_pruning/noise_eval/robustness_report.json,clean.image_level.ap,31.715661037542088
ablations,05_results/ablations/apples_to_apples_run21_3ep/depth_pruning/noise_eval/robustness_report.json,clean.pixel_level.auroc,80.670840539991
ablations,05_results/ablations/apples_to_apples_run21_3ep/depth_pruning/noise_eval/robustness_report.json,clean.pixel_level.pro,35.05926282214416
ablations,05_results/ablations/apples_to_apples_run21_3ep/depth_pruning/noise_eval/robustness_report.json,clean.pixel_level.ap,2.7545359827278766
ablations,05_results/ablations/apples_to_apples_run21_3ep/depth_pruning/noise_eval/robustness_report.json,clean.n_samples,74
ablations,05_results/ablations/apples_to_apples_run21_3ep/depth_pruning/noise_eval/robustness_report.json,clean.thresholded.image_threshold,-0.06187478452920914
ablations,05_results/ablations/apples_to_apples_run21_3ep/depth_pruning/noise_eval/robustness_report.json,clean.thresholded.pixel_threshold,0.08588613569736481
ablations,05_results/ablations/apples_to_apples_run21_3ep/depth_pruning/noise_eval/robustness_report.json,clean.thresholded.image_accuracy,50.0
ablations,05_results/ablations/apples_to_apples_run21_3ep/depth_pruning/noise_eval/robustness_report.json,clean.thresholded.image_precision,24.324324324324326
ablations,05_results/ablations/apples_to_apples_run21_3ep/depth_pruning/noise_eval/robustness_report.json,clean.thresholded.image_recall,50.0
ablations,05_results/ablations/apples_to_apples_run21_3ep/depth_pruning/noise_eval/robustness_report.json,clean.thresholded.image_f1,32.72727272727273
ablations,05_results/ablations/apples_to_apples_run21_3ep/depth_pruning/noise_eval/robustness_report.json,clean.thresholded.pixel_accuracy,83.37526193625536
ablations,05_results/ablations/apples_to_apples_run21_3ep/depth_pruning/noise_eval/robustness_report.json,noisy.image_level.auroc,57.936507936507944
ablations,05_results/ablations/apples_to_apples_run21_3ep/depth_pruning/noise_eval/robustness_report.json,noisy.image_level.f1_max,47.82608648015124
ablations,05_results/ablations/apples_to_apples_run21_3ep/depth_pruning/noise_eval/robustness_report.json,noisy.image_level.ap,36.52630403570345
ablations,05_results/ablations/apples_to_apples_run21_3ep/depth_pruning/noise_eval/robustness_report.json,noisy.pixel_level.auroc,81.22642916371227
ablations,05_results/ablations/apples_to_apples_run21_3ep/depth_pruning/noise_eval/robustness_report.json,noisy.pixel_level.pro,43.36544462098103
ablations,05_results/ablations/apples_to_apples_run21_3ep/depth_pruning/noise_eval/robustness_report.json,noisy.pixel_level.ap,2.746359383936484
ablations,05_results/ablations/apples_to_apples_run21_3ep/depth_pruning/noise_eval/robustness_report.json,noisy.n_samples,74
ablations,05_results/ablations/apples_to_apples_run21_3ep/depth_pruning/noise_eval/robustness_report.json,noisy.thresholded.image_threshold,-0.06187478452920914
ablations,05_results/ablations/apples_to_apples_run21_3ep/depth_pruning/noise_eval/robustness_report.json,noisy.thresholded.pixel_threshold,0.08588613569736481
ablations,05_results/ablations/apples_to_apples_run21_3ep/depth_pruning/noise_eval/robustness_report.json,noisy.thresholded.image_accuracy,24.324324324324326
ablations,05_results/ablations/apples_to_apples_run21_3ep/depth_pruning/noise_eval/robustness_report.json,noisy.thresholded.image_precision,24.324324324324326
ablations,05_results/ablations/apples_to_apples_run21_3ep/depth_pruning/noise_eval/robustness_report.json,noisy.thresholded.image_recall,100.0
ablations,05_results/ablations/apples_to_apples_run21_3ep/depth_pruning/noise_eval/robustness_report.json,noisy.thresholded.image_f1,39.130434782608695
ablations,05_results/ablations/apples_to_apples_run21_3ep/depth_pruning/noise_eval/robustness_report.json,noisy.thresholded.pixel_accuracy,3.289558770618981
ablations,05_results/ablations/apples_to_apples_run21_3ep/depth_pruning/noise_eval/robustness_report.json,delta.image_auroc,3.9682539682539684
ablations,05_results/ablations/apples_to_apples_run21_3ep/depth_pruning/noise_eval/robustness_report.json,delta.image_f1_max,3.3816425357067956
ablations,05_results/ablations/apples_to_apples_run21_3ep/depth_pruning/noise_eval/robustness_report.json,delta.image_ap,4.810642998161359
ablations,05_results/ablations/apples_to_apples_run21_3ep/depth_pruning/noise_eval/robustness_report.json,delta.pixel_auroc,0.5555886237212633
ablations,05_results/ablations/apples_to_apples_run21_3ep/depth_pruning/noise_eval/robustness_report.json,delta.pixel_pro,8.306181798836867
ablations,05_results/ablations/apples_to_apples_run21_3ep/depth_pruning/noise_eval/robustness_report.json,delta.pixel_ap,-0.008176598791392653
ablations,05_results/ablations/apples_to_apples_run21_3ep/depth_pruning/noise_eval/robustness_report.json,delta.image_accuracy,-25.675675675675674
ablations,05_results/ablations/apples_to_apples_run21_3ep/depth_pruning/noise_eval/robustness_report.json,delta.image_f1,6.403162055335969
ablations,05_results/ablations/apples_to_apples_run21_3ep/depth_pruning/noise_eval/robustness_report.json,delta.pixel_accuracy,-80.08570316563637
ablations,05_results/ablations/apples_to_apples_run21_3ep/depth_pruning/training_metrics.json,[0].epoch,1
ablations,05_results/ablations/apples_to_apples_run21_3ep/depth_pruning/training_metrics.json,[0].train_loss,4.612858502681439
ablations,05_results/ablations/apples_to_apples_run21_3ep/depth_pruning/training_metrics.json,[0].train_seg,0.31948029123819793
ablations,05_results/ablations/apples_to_apples_run21_3ep/depth_pruning/training_metrics.json,[0].train_class,0.7017981744729556
ablations,05_results/ablations/apples_to_apples_run21_3ep/depth_pruning/training_metrics.json,[0].train_vae,3.59158003788728
ablations,05_results/ablations/apples_to_apples_run21_3ep/depth_pruning/training_metrics.json,[0].train_reg,0.0
ablations,05_results/ablations/apples_to_apples_run21_3ep/depth_pruning/training_metrics.json,[0].train_consistency,0.0
ablations,05_results/ablations/apples_to_apples_run21_3ep/depth_pruning/training_metrics.json,[0].train_distill,0.0
ablations,05_results/ablations/apples_to_apples_run21_3ep/depth_pruning/training_metrics.json,[0].train_distill_map,0.0
ablations,05_results/ablations/apples_to_apples_run21_3ep/depth_pruning/training_metrics.json,[0].train_distill_score,0.0
ablations,05_results/ablations/apples_to_apples_run21_3ep/depth_pruning/training_metrics.json,[0].train_distill_feat,0.0
ablations,05_results/ablations/apples_to_apples_run21_3ep/depth_pruning/training_metrics.json,[0].val_loss,2.2388169407844543
ablations,05_results/ablations/apples_to_apples_run21_3ep/depth_pruning/training_metrics.json,[0].val_seg,0.3218122720718384
ablations,05_results/ablations/apples_to_apples_run21_3ep/depth_pruning/training_metrics.json,[0].val_class,0.6795601844787598
ablations,05_results/ablations/apples_to_apples_run21_3ep/depth_pruning/training_metrics.json,[0].val_vae,1.2374444603919983
ablations,05_results/ablations/apples_to_apples_run21_3ep/depth_pruning/training_metrics.json,[0].val_reg,0.0
ablations,05_results/ablations/apples_to_apples_run21_3ep/depth_pruning/training_metrics.json,[0].lr,0.0001230769230769231
ablations,05_results/ablations/apples_to_apples_run21_3ep/depth_pruning/training_metrics.json,[0].epoch_time_sec,83.17548561096191
ablations,05_results/ablations/apples_to_apples_run21_3ep/depth_pruning/training_metrics.json,[1].epoch,2
ablations,05_results/ablations/apples_to_apples_run21_3ep/depth_pruning/training_metrics.json,[1].train_loss,4.868404931288499
ablations,05_results/ablations/apples_to_apples_run21_3ep/depth_pruning/training_metrics.json,[1].train_seg,0.32593482365975013
ablations,05_results/ablations/apples_to_apples_run21_3ep/depth_pruning/training_metrics.json,[1].train_class,0.6709263402682084
ablations,05_results/ablations/apples_to_apples_run21_3ep/depth_pruning/training_metrics.json,[1].train_vae,3.8715437678190376
ablations,05_results/ablations/apples_to_apples_run21_3ep/depth_pruning/training_metrics.json,[1].train_reg,0.0
ablations,05_results/ablations/apples_to_apples_run21_3ep/depth_pruning/training_metrics.json,[1].train_consistency,0.0
ablations,05_results/ablations/apples_to_apples_run21_3ep/depth_pruning/training_metrics.json,[1].train_distill,0.0
ablations,05_results/ablations/apples_to_apples_run21_3ep/depth_pruning/training_metrics.json,[1].train_distill_map,0.0
ablations,05_results/ablations/apples_to_apples_run21_3ep/depth_pruning/training_metrics.json,[1].train_distill_score,0.0
ablations,05_results/ablations/apples_to_apples_run21_3ep/depth_pruning/training_metrics.json,[1].train_distill_feat,0.0
ablations,05_results/ablations/apples_to_apples_run21_3ep/depth_pruning/training_metrics.json,[1].val_loss,3.9532846093177794
ablations,05_results/ablations/apples_to_apples_run21_3ep/depth_pruning/training_metrics.json,[1].val_seg,0.32028964906930923
ablations,05_results/ablations/apples_to_apples_run21_3ep/depth_pruning/training_metrics.json,[1].val_class,0.6708463966846466
ablations,05_results/ablations/apples_to_apples_run21_3ep/depth_pruning/training_metrics.json,[1].val_vae,2.962148594856262
ablations,05_results/ablations/apples_to_apples_run21_3ep/depth_pruning/training_metrics.json,[1].val_reg,0.0
ablations,05_results/ablations/apples_to_apples_run21_3ep/depth_pruning/training_metrics.json,[1].lr,0.0002461538461538462
ablations,05_results/ablations/apples_to_apples_run21_3ep/depth_pruning/training_metrics.json,[1].epoch_time_sec,84.18389701843262
ablations,05_results/ablations/apples_to_apples_run21_3ep/depth_pruning/training_metrics.json,[2].epoch,3
ablations,05_results/ablations/apples_to_apples_run21_3ep/depth_pruning/training_metrics.json,[2].train_loss,5.181794261932373
ablations,05_results/ablations/apples_to_apples_run21_3ep/depth_pruning/training_metrics.json,[2].train_seg,0.3160323351621628
ablations,05_results/ablations/apples_to_apples_run21_3ep/depth_pruning/training_metrics.json,[2].train_class,0.6793143056906187
ablations,05_results/ablations/apples_to_apples_run21_3ep/depth_pruning/training_metrics.json,[2].train_vae,4.18644761305589
ablations,05_results/ablations/apples_to_apples_run21_3ep/depth_pruning/training_metrics.json,[2].train_reg,0.0
ablations,05_results/ablations/apples_to_apples_run21_3ep/depth_pruning/training_metrics.json,[2].train_consistency,0.0
ablations,05_results/ablations/apples_to_apples_run21_3ep/depth_pruning/training_metrics.json,[2].train_distill,0.0
ablations,05_results/ablations/apples_to_apples_run21_3ep/depth_pruning/training_metrics.json,[2].train_distill_map,0.0
ablations,05_results/ablations/apples_to_apples_run21_3ep/depth_pruning/training_metrics.json,[2].train_distill_score,0.0
ablations,05_results/ablations/apples_to_apples_run21_3ep/depth_pruning/training_metrics.json,[2].train_distill_feat,0.0
ablations,05_results/ablations/apples_to_apples_run21_3ep/depth_pruning/training_metrics.json,[2].val_loss,4.704467248916626
ablations,05_results/ablations/apples_to_apples_run21_3ep/depth_pruning/training_metrics.json,[2].val_seg,0.319149574637413
ablations,05_results/ablations/apples_to_apples_run21_3ep/depth_pruning/training_metrics.json,[2].val_class,0.6690035372972488
ablations,05_results/ablations/apples_to_apples_run21_3ep/depth_pruning/training_metrics.json,[2].val_vae,3.716314172744751
ablations,05_results/ablations/apples_to_apples_run21_3ep/depth_pruning/training_metrics.json,[2].val_reg,0.0
ablations,05_results/ablations/apples_to_apples_run21_3ep/depth_pruning/training_metrics.json,[2].lr,0.00036923076923076927
ablations,05_results/ablations/apples_to_apples_run21_3ep/depth_pruning/training_metrics.json,[2].epoch_time_sec,83.0675756931305
ablations,05_results/ablations/apples_to_apples_run21_3ep/depth_pruning/training_summary.json,best_val_loss,2.2388169407844543
ablations,05_results/ablations/apples_to_apples_run21_3ep/depth_pruning/training_summary.json,epochs_completed,3
ablations,05_results/ablations/apples_to_apples_run21_3ep/depth_pruning/training_summary.json,early_stopping_enabled,True
ablations,05_results/ablations/apples_to_apples_run21_3ep/depth_pruning/training_summary.json,early_stopping_patience,5
ablations,05_results/ablations/apples_to_apples_run21_3ep/depth_pruning/training_summary.json,monitor,"""val_loss"""
ablations,05_results/ablations/apples_to_apples_run21_3ep/depth_pruning/training_summary.json,metrics_file,"""outputs/apples_to_apples_run21_3ep/depth_pruning\\training_metrics.json"""
ablations,05_results/ablations/apples_to_apples_run21_3ep/depth_pruning/training_summary.json,val_visualizations_dir,"""outputs/apples_to_apples_run21_3ep/depth_pruning\\val_visualizations"""
ablations,05_results/ablations/apples_to_apples_run21_3ep/differentiated_pruning/calibration_thresholds.json,image_threshold,-0.0537857711315155
ablations,05_results/ablations/apples_to_apples_run21_3ep/differentiated_pruning/calibration_thresholds.json,pixel_threshold,0.05945547670125961
ablations,05_results/ablations/apples_to_apples_run21_3ep/differentiated_pruning/calibration_thresholds.json,val_image_f1,0.4444444397805213
ablations,05_results/ablations/apples_to_apples_run21_3ep/differentiated_pruning/calibration_thresholds.json,val_pixel_f1,0.07015765330204256
ablations,05_results/ablations/apples_to_apples_run21_3ep/differentiated_pruning/calibration_thresholds.json,calibration_mode,"""clean_only"""
ablations,05_results/ablations/apples_to_apples_run21_3ep/differentiated_pruning/comparison_to_run21.json,baseline_dir,"""outputs/run21_resplit_15es"""
ablations,05_results/ablations/apples_to_apples_run21_3ep/differentiated_pruning/comparison_to_run21.json,candidate_dir,"""outputs/apples_to_apples_run21_3ep/differentiated_pruning"""
ablations,05_results/ablations/apples_to_apples_run21_3ep/differentiated_pruning/comparison_to_run21.json,max_drop,100.0
ablations,05_results/ablations/apples_to_apples_run21_3ep/differentiated_pruning/comparison_to_run21.json,gate_pass,True
ablations,05_results/ablations/apples_to_apples_run21_3ep/differentiated_pruning/comparison_to_run21.json,worst_metric,"""clean.image_ap"""
ablations,05_results/ablations/apples_to_apples_run21_3ep/differentiated_pruning/comparison_to_run21.json,worst_delta,-59.99791727163477
ablations,05_results/ablations/apples_to_apples_run21_3ep/differentiated_pruning/comparison_to_run21.json,comparisons.clean.image_ap.baseline,93.61511539143119
ablations,05_results/ablations/apples_to_apples_run21_3ep/differentiated_pruning/comparison_to_run21.json,comparisons.clean.image_ap.candidate,33.61719811979642
ablations,05_results/ablations/apples_to_apples_run21_3ep/differentiated_pruning/comparison_to_run21.json,comparisons.clean.image_ap.delta,-59.99791727163477
ablations,05_results/ablations/apples_to_apples_run21_3ep/differentiated_pruning/comparison_to_run21.json,comparisons.clean.image_auroc.baseline,97.42063492063492
ablations,05_results/ablations/apples_to_apples_run21_3ep/differentiated_pruning/comparison_to_run21.json,comparisons.clean.image_auroc.candidate,44.54365079365079
ablations,05_results/ablations/apples_to_apples_run21_3ep/differentiated_pruning/comparison_to_run21.json,comparisons.clean.image_auroc.delta,-52.876984126984134
ablations,05_results/ablations/apples_to_apples_run21_3ep/differentiated_pruning/comparison_to_run21.json,comparisons.clean.image_f1_max.baseline,84.84848435261708
ablations,05_results/ablations/apples_to_apples_run21_3ep/differentiated_pruning/comparison_to_run21.json,comparisons.clean.image_f1_max.candidate,39.1304344678639
ablations,05_results/ablations/apples_to_apples_run21_3ep/differentiated_pruning/comparison_to_run21.json,comparisons.clean.image_f1_max.delta,-45.71804988475318
ablations,05_results/ablations/apples_to_apples_run21_3ep/differentiated_pruning/comparison_to_run21.json,comparisons.clean.pixel_ap.baseline,50.88694692577435
ablations,05_results/ablations/apples_to_apples_run21_3ep/differentiated_pruning/comparison_to_run21.json,comparisons.clean.pixel_ap.candidate,2.8366065894114314
ablations,05_results/ablations/apples_to_apples_run21_3ep/differentiated_pruning/comparison_to_run21.json,comparisons.clean.pixel_ap.delta,-48.05034033636292
ablations,05_results/ablations/apples_to_apples_run21_3ep/differentiated_pruning/comparison_to_run21.json,comparisons.clean.pixel_auroc.baseline,95.33689776120521
ablations,05_results/ablations/apples_to_apples_run21_3ep/differentiated_pruning/comparison_to_run21.json,comparisons.clean.pixel_auroc.candidate,82.44177700418203
ablations,05_results/ablations/apples_to_apples_run21_3ep/differentiated_pruning/comparison_to_run21.json,comparisons.clean.pixel_auroc.delta,-12.895120757023179
ablations,05_results/ablations/apples_to_apples_run21_3ep/differentiated_pruning/comparison_to_run21.json,comparisons.clean.pixel_pro.baseline,29.535681104290955
ablations,05_results/ablations/apples_to_apples_run21_3ep/differentiated_pruning/comparison_to_run21.json,comparisons.clean.pixel_pro.candidate,37.79284510077225
ablations,05_results/ablations/apples_to_apples_run21_3ep/differentiated_pruning/comparison_to_run21.json,comparisons.clean.pixel_pro.delta,8.257163996481292
ablations,05_results/ablations/apples_to_apples_run21_3ep/differentiated_pruning/comparison_to_run21.json,comparisons.noisy.image_ap.baseline,81.33140933140935
ablations,05_results/ablations/apples_to_apples_run21_3ep/differentiated_pruning/comparison_to_run21.json,comparisons.noisy.image_ap.candidate,24.978898619040702
ablations,05_results/ablations/apples_to_apples_run21_3ep/differentiated_pruning/comparison_to_run21.json,comparisons.noisy.image_ap.delta,-56.35251071236864
ablations,05_results/ablations/apples_to_apples_run21_3ep/differentiated_pruning/comparison_to_run21.json,comparisons.noisy.image_auroc.baseline,87.00396825396825
ablations,05_results/ablations/apples_to_apples_run21_3ep/differentiated_pruning/comparison_to_run21.json,comparisons.noisy.image_auroc.candidate,45.23809523809524
ablations,05_results/ablations/apples_to_apples_run21_3ep/differentiated_pruning/comparison_to_run21.json,comparisons.noisy.image_auroc.delta,-41.76587301587301
ablations,05_results/ablations/apples_to_apples_run21_3ep/differentiated_pruning/comparison_to_run21.json,comparisons.noisy.image_f1_max.baseline,75.86206849464924
ablations,05_results/ablations/apples_to_apples_run21_3ep/differentiated_pruning/comparison_to_run21.json,comparisons.noisy.image_f1_max.candidate,39.1304344678639
ablations,05_results/ablations/apples_to_apples_run21_3ep/differentiated_pruning/comparison_to_run21.json,comparisons.noisy.image_f1_max.delta,-36.731634026785336
ablations,05_results/ablations/apples_to_apples_run21_3ep/differentiated_pruning/comparison_to_run21.json,comparisons.noisy.pixel_ap.baseline,34.91051079155625
ablations,05_results/ablations/apples_to_apples_run21_3ep/differentiated_pruning/comparison_to_run21.json,comparisons.noisy.pixel_ap.candidate,3.424047514035581
ablations,05_results/ablations/apples_to_apples_run21_3ep/differentiated_pruning/comparison_to_run21.json,comparisons.noisy.pixel_ap.delta,-31.486463277520667
ablations,05_results/ablations/apples_to_apples_run21_3ep/differentiated_pruning/comparison_to_run21.json,comparisons.noisy.pixel_auroc.baseline,91.81948060451154
ablations,05_results/ablations/apples_to_apples_run21_3ep/differentiated_pruning/comparison_to_run21.json,comparisons.noisy.pixel_auroc.candidate,85.11935548111532
ablations,05_results/ablations/apples_to_apples_run21_3ep/differentiated_pruning/comparison_to_run21.json,comparisons.noisy.pixel_auroc.delta,-6.700125123396219
ablations,05_results/ablations/apples_to_apples_run21_3ep/differentiated_pruning/comparison_to_run21.json,comparisons.noisy.pixel_pro.baseline,58.26781925065566
ablations,05_results/ablations/apples_to_apples_run21_3ep/differentiated_pruning/comparison_to_run21.json,comparisons.noisy.pixel_pro.candidate,44.6810147599366
ablations,05_results/ablations/apples_to_apples_run21_3ep/differentiated_pruning/comparison_to_run21.json,comparisons.noisy.pixel_pro.delta,-13.58680449071906
ablations,05_results/ablations/apples_to_apples_run21_3ep/differentiated_pruning/eval_results/results.json,per_category.cable.image_level.auroc,44.54365079365079
ablations,05_results/ablations/apples_to_apples_run21_3ep/differentiated_pruning/eval_results/results.json,per_category.cable.image_level.f1_max,39.1304344678639
ablations,05_results/ablations/apples_to_apples_run21_3ep/differentiated_pruning/eval_results/results.json,per_category.cable.image_level.ap,33.61719811979642
ablations,05_results/ablations/apples_to_apples_run21_3ep/differentiated_pruning/eval_results/results.json,per_category.cable.pixel_level.auroc,82.44177700418203
ablations,05_results/ablations/apples_to_apples_run21_3ep/differentiated_pruning/eval_results/results.json,per_category.cable.pixel_level.pro,37.79284510077225
ablations,05_results/ablations/apples_to_apples_run21_3ep/differentiated_pruning/eval_results/results.json,per_category.cable.pixel_level.ap,2.8366065894114314
ablations,05_results/ablations/apples_to_apples_run21_3ep/differentiated_pruning/eval_results/results.json,per_category.cable.n_samples,74
ablations,05_results/ablations/apples_to_apples_run21_3ep/differentiated_pruning/eval_results/results.json,per_category.cable.n_anomalous,18
ablations,05_results/ablations/apples_to_apples_run21_3ep/differentiated_pruning/eval_results/results.json,overall.image_level.auroc,44.54365079365079
ablations,05_results/ablations/apples_to_apples_run21_3ep/differentiated_pruning/eval_results/results.json,overall.image_level.f1_max,39.1304344678639
ablations,05_results/ablations/apples_to_apples_run21_3ep/differentiated_pruning/eval_results/results.json,overall.image_level.ap,33.61719811979642
ablations,05_results/ablations/apples_to_apples_run21_3ep/differentiated_pruning/eval_results/results.json,overall.pixel_level.auroc,82.44177700418203
ablations,05_results/ablations/apples_to_apples_run21_3ep/differentiated_pruning/eval_results/results.json,overall.pixel_level.pro,37.79284510077225
ablations,05_results/ablations/apples_to_apples_run21_3ep/differentiated_pruning/eval_results/results.json,overall.pixel_level.ap,2.8366065894114314
ablations,05_results/ablations/apples_to_apples_run21_3ep/differentiated_pruning/eval_results/results.json,overall.n_samples,74
ablations,05_results/ablations/apples_to_apples_run21_3ep/differentiated_pruning/eval_results/results.json,overall.thresholded.image_threshold,-0.0537857711315155
ablations,05_results/ablations/apples_to_apples_run21_3ep/differentiated_pruning/eval_results/results.json,overall.thresholded.pixel_threshold,0.05945547670125961
ablations,05_results/ablations/apples_to_apples_run21_3ep/differentiated_pruning/eval_results/results.json,overall.thresholded.image_accuracy,50.0
ablations,05_results/ablations/apples_to_apples_run21_3ep/differentiated_pruning/eval_results/results.json,overall.thresholded.image_precision,17.24137931034483
ablations,05_results/ablations/apples_to_apples_run21_3ep/differentiated_pruning/eval_results/results.json,overall.thresholded.image_recall,27.77777777777778
ablations,05_results/ablations/apples_to_apples_run21_3ep/differentiated_pruning/eval_results/results.json,overall.thresholded.image_f1,21.27659574468085
ablations,05_results/ablations/apples_to_apples_run21_3ep/differentiated_pruning/eval_results/results.json,overall.thresholded.pixel_accuracy,81.97967201410799
ablations,05_results/ablations/apples_to_apples_run21_3ep/differentiated_pruning/noise_eval/noise_results.json,overall.image_level.auroc,45.23809523809524
ablations,05_results/ablations/apples_to_apples_run21_3ep/differentiated_pruning/noise_eval/noise_results.json,overall.image_level.f1_max,39.1304344678639
ablations,05_results/ablations/apples_to_apples_run21_3ep/differentiated_pruning/noise_eval/noise_results.json,overall.image_level.ap,24.978898619040702
ablations,05_results/ablations/apples_to_apples_run21_3ep/differentiated_pruning/noise_eval/noise_results.json,overall.pixel_level.auroc,85.11935548111532
ablations,05_results/ablations/apples_to_apples_run21_3ep/differentiated_pruning/noise_eval/noise_results.json,overall.pixel_level.pro,44.6810147599366
ablations,05_results/ablations/apples_to_apples_run21_3ep/differentiated_pruning/noise_eval/noise_results.json,overall.pixel_level.ap,3.424047514035581
ablations,05_results/ablations/apples_to_apples_run21_3ep/differentiated_pruning/noise_eval/noise_results.json,overall.n_samples,74
ablations,05_results/ablations/apples_to_apples_run21_3ep/differentiated_pruning/noise_eval/noise_results.json,overall.thresholded.image_threshold,-0.0537857711315155
ablations,05_results/ablations/apples_to_apples_run21_3ep/differentiated_pruning/noise_eval/noise_results.json,overall.thresholded.pixel_threshold,0.05945547670125961
ablations,05_results/ablations/apples_to_apples_run21_3ep/differentiated_pruning/noise_eval/noise_results.json,overall.thresholded.image_accuracy,24.324324324324326
ablations,05_results/ablations/apples_to_apples_run21_3ep/differentiated_pruning/noise_eval/noise_results.json,overall.thresholded.image_precision,24.324324324324326
ablations,05_results/ablations/apples_to_apples_run21_3ep/differentiated_pruning/noise_eval/noise_results.json,overall.thresholded.image_recall,100.0
ablations,05_results/ablations/apples_to_apples_run21_3ep/differentiated_pruning/noise_eval/noise_results.json,overall.thresholded.image_f1,39.130434782608695
ablations,05_results/ablations/apples_to_apples_run21_3ep/differentiated_pruning/noise_eval/noise_results.json,overall.thresholded.pixel_accuracy,49.19683625725575
ablations,05_results/ablations/apples_to_apples_run21_3ep/differentiated_pruning/noise_eval/robustness_report.json,clean.image_level.auroc,44.54365079365079
ablations,05_results/ablations/apples_to_apples_run21_3ep/differentiated_pruning/noise_eval/robustness_report.json,clean.image_level.f1_max,39.1304344678639
ablations,05_results/ablations/apples_to_apples_run21_3ep/differentiated_pruning/noise_eval/robustness_report.json,clean.image_level.ap,33.61719811979642
ablations,05_results/ablations/apples_to_apples_run21_3ep/differentiated_pruning/noise_eval/robustness_report.json,clean.pixel_level.auroc,82.44177700418203
ablations,05_results/ablations/apples_to_apples_run21_3ep/differentiated_pruning/noise_eval/robustness_report.json,clean.pixel_level.pro,37.79284510077225
ablations,05_results/ablations/apples_to_apples_run21_3ep/differentiated_pruning/noise_eval/robustness_report.json,clean.pixel_level.ap,2.8366065894114314
ablations,05_results/ablations/apples_to_apples_run21_3ep/differentiated_pruning/noise_eval/robustness_report.json,clean.n_samples,74
ablations,05_results/ablations/apples_to_apples_run21_3ep/differentiated_pruning/noise_eval/robustness_report.json,clean.thresholded.image_threshold,-0.0537857711315155
ablations,05_results/ablations/apples_to_apples_run21_3ep/differentiated_pruning/noise_eval/robustness_report.json,clean.thresholded.pixel_threshold,0.05945547670125961
ablations,05_results/ablations/apples_to_apples_run21_3ep/differentiated_pruning/noise_eval/robustness_report.json,clean.thresholded.image_accuracy,50.0
ablations,05_results/ablations/apples_to_apples_run21_3ep/differentiated_pruning/noise_eval/robustness_report.json,clean.thresholded.image_precision,17.24137931034483
ablations,05_results/ablations/apples_to_apples_run21_3ep/differentiated_pruning/noise_eval/robustness_report.json,clean.thresholded.image_recall,27.77777777777778
ablations,05_results/ablations/apples_to_apples_run21_3ep/differentiated_pruning/noise_eval/robustness_report.json,clean.thresholded.image_f1,21.27659574468085
ablations,05_results/ablations/apples_to_apples_run21_3ep/differentiated_pruning/noise_eval/robustness_report.json,clean.thresholded.pixel_accuracy,81.97967201410799
ablations,05_results/ablations/apples_to_apples_run21_3ep/differentiated_pruning/noise_eval/robustness_report.json,noisy.image_level.auroc,45.23809523809524
ablations,05_results/ablations/apples_to_apples_run21_3ep/differentiated_pruning/noise_eval/robustness_report.json,noisy.image_level.f1_max,39.1304344678639
ablations,05_results/ablations/apples_to_apples_run21_3ep/differentiated_pruning/noise_eval/robustness_report.json,noisy.image_level.ap,24.978898619040702
ablations,05_results/ablations/apples_to_apples_run21_3ep/differentiated_pruning/noise_eval/robustness_report.json,noisy.pixel_level.auroc,85.11935548111532
ablations,05_results/ablations/apples_to_apples_run21_3ep/differentiated_pruning/noise_eval/robustness_report.json,noisy.pixel_level.pro,44.6810147599366
ablations,05_results/ablations/apples_to_apples_run21_3ep/differentiated_pruning/noise_eval/robustness_report.json,noisy.pixel_level.ap,3.424047514035581
ablations,05_results/ablations/apples_to_apples_run21_3ep/differentiated_pruning/noise_eval/robustness_report.json,noisy.n_samples,74
ablations,05_results/ablations/apples_to_apples_run21_3ep/differentiated_pruning/noise_eval/robustness_report.json,noisy.thresholded.image_threshold,-0.0537857711315155
ablations,05_results/ablations/apples_to_apples_run21_3ep/differentiated_pruning/noise_eval/robustness_report.json,noisy.thresholded.pixel_threshold,0.05945547670125961
ablations,05_results/ablations/apples_to_apples_run21_3ep/differentiated_pruning/noise_eval/robustness_report.json,noisy.thresholded.image_accuracy,24.324324324324326
ablations,05_results/ablations/apples_to_apples_run21_3ep/differentiated_pruning/noise_eval/robustness_report.json,noisy.thresholded.image_precision,24.324324324324326
ablations,05_results/ablations/apples_to_apples_run21_3ep/differentiated_pruning/noise_eval/robustness_report.json,noisy.thresholded.image_recall,100.0
ablations,05_results/ablations/apples_to_apples_run21_3ep/differentiated_pruning/noise_eval/robustness_report.json,noisy.thresholded.image_f1,39.130434782608695
ablations,05_results/ablations/apples_to_apples_run21_3ep/differentiated_pruning/noise_eval/robustness_report.json,noisy.thresholded.pixel_accuracy,49.19683625725575
ablations,05_results/ablations/apples_to_apples_run21_3ep/differentiated_pruning/noise_eval/robustness_report.json,delta.image_auroc,0.69444444444445
ablations,05_results/ablations/apples_to_apples_run21_3ep/differentiated_pruning/noise_eval/robustness_report.json,delta.image_f1_max,0.0
ablations,05_results/ablations/apples_to_apples_run21_3ep/differentiated_pruning/noise_eval/robustness_report.json,delta.image_ap,-8.638299500755718
ablations,05_results/ablations/apples_to_apples_run21_3ep/differentiated_pruning/noise_eval/robustness_report.json,delta.pixel_auroc,2.6775784769332915
ablations,05_results/ablations/apples_to_apples_run21_3ep/differentiated_pruning/noise_eval/robustness_report.json,delta.pixel_pro,6.888169659164355
ablations,05_results/ablations/apples_to_apples_run21_3ep/differentiated_pruning/noise_eval/robustness_report.json,delta.pixel_ap,0.5874409246241497
ablations,05_results/ablations/apples_to_apples_run21_3ep/differentiated_pruning/noise_eval/robustness_report.json,delta.image_accuracy,-25.675675675675674
ablations,05_results/ablations/apples_to_apples_run21_3ep/differentiated_pruning/noise_eval/robustness_report.json,delta.image_f1,17.853839037927845
ablations,05_results/ablations/apples_to_apples_run21_3ep/differentiated_pruning/noise_eval/robustness_report.json,delta.pixel_accuracy,-32.78283575685224
ablations,05_results/ablations/apples_to_apples_run21_3ep/differentiated_pruning/training_metrics.json,[0].epoch,1
ablations,05_results/ablations/apples_to_apples_run21_3ep/differentiated_pruning/training_metrics.json,[0].train_loss,4.280655750861535
ablations,05_results/ablations/apples_to_apples_run21_3ep/differentiated_pruning/training_metrics.json,[0].train_seg,0.3219556191792855
ablations,05_results/ablations/apples_to_apples_run21_3ep/differentiated_pruning/training_metrics.json,[0].train_class,0.7026832030369685
ablations,05_results/ablations/apples_to_apples_run21_3ep/differentiated_pruning/training_metrics.json,[0].train_vae,3.2560169274990374
ablations,05_results/ablations/apples_to_apples_run21_3ep/differentiated_pruning/training_metrics.json,[0].train_reg,0.0
ablations,05_results/ablations/apples_to_apples_run21_3ep/differentiated_pruning/training_metrics.json,[0].train_consistency,0.0
ablations,05_results/ablations/apples_to_apples_run21_3ep/differentiated_pruning/training_metrics.json,[0].train_distill,0.0
ablations,05_results/ablations/apples_to_apples_run21_3ep/differentiated_pruning/training_metrics.json,[0].train_distill_map,0.0
ablations,05_results/ablations/apples_to_apples_run21_3ep/differentiated_pruning/training_metrics.json,[0].train_distill_score,0.0
ablations,05_results/ablations/apples_to_apples_run21_3ep/differentiated_pruning/training_metrics.json,[0].train_distill_feat,0.0
ablations,05_results/ablations/apples_to_apples_run21_3ep/differentiated_pruning/training_metrics.json,[0].val_loss,2.0506011724472044
ablations,05_results/ablations/apples_to_apples_run21_3ep/differentiated_pruning/training_metrics.json,[0].val_seg,0.3276486247777939
ablations,05_results/ablations/apples_to_apples_run21_3ep/differentiated_pruning/training_metrics.json,[0].val_class,0.6811116069555283
ablations,05_results/ablations/apples_to_apples_run21_3ep/differentiated_pruning/training_metrics.json,[0].val_vae,1.0418409287929535
ablations,05_results/ablations/apples_to_apples_run21_3ep/differentiated_pruning/training_metrics.json,[0].val_reg,0.0
ablations,05_results/ablations/apples_to_apples_run21_3ep/differentiated_pruning/training_metrics.json,[0].lr,0.0001230769230769231
ablations,05_results/ablations/apples_to_apples_run21_3ep/differentiated_pruning/training_metrics.json,[0].epoch_time_sec,84.14384388923645
ablations,05_results/ablations/apples_to_apples_run21_3ep/differentiated_pruning/training_metrics.json,[1].epoch,2
ablations,05_results/ablations/apples_to_apples_run21_3ep/differentiated_pruning/training_metrics.json,[1].train_loss,3.965113065792964
ablations,05_results/ablations/apples_to_apples_run21_3ep/differentiated_pruning/training_metrics.json,[1].train_seg,0.3667601328629714
ablations,05_results/ablations/apples_to_apples_run21_3ep/differentiated_pruning/training_metrics.json,[1].train_class,0.6665644778655125
ablations,05_results/ablations/apples_to_apples_run21_3ep/differentiated_pruning/training_metrics.json,[1].train_vae,2.931788438100081
ablations,05_results/ablations/apples_to_apples_run21_3ep/differentiated_pruning/training_metrics.json,[1].train_reg,0.0
ablations,05_results/ablations/apples_to_apples_run21_3ep/differentiated_pruning/training_metrics.json,[1].train_consistency,0.0
ablations,05_results/ablations/apples_to_apples_run21_3ep/differentiated_pruning/training_metrics.json,[1].train_distill,0.0
ablations,05_results/ablations/apples_to_apples_run21_3ep/differentiated_pruning/training_metrics.json,[1].train_distill_map,0.0
ablations,05_results/ablations/apples_to_apples_run21_3ep/differentiated_pruning/training_metrics.json,[1].train_distill_score,0.0
ablations,05_results/ablations/apples_to_apples_run21_3ep/differentiated_pruning/training_metrics.json,[1].train_distill_feat,0.0
ablations,05_results/ablations/apples_to_apples_run21_3ep/differentiated_pruning/training_metrics.json,[1].val_loss,3.0288248896598815
ablations,05_results/ablations/apples_to_apples_run21_3ep/differentiated_pruning/training_metrics.json,[1].val_seg,0.39636711627244947
ablations,05_results/ablations/apples_to_apples_run21_3ep/differentiated_pruning/training_metrics.json,[1].val_class,0.6634634822607041
ablations,05_results/ablations/apples_to_apples_run21_3ep/differentiated_pruning/training_metrics.json,[1].val_vae,1.9689942717552185
ablations,05_results/ablations/apples_to_apples_run21_3ep/differentiated_pruning/training_metrics.json,[1].val_reg,0.0
ablations,05_results/ablations/apples_to_apples_run21_3ep/differentiated_pruning/training_metrics.json,[1].lr,0.0002461538461538462
ablations,05_results/ablations/apples_to_apples_run21_3ep/differentiated_pruning/training_metrics.json,[1].epoch_time_sec,82.81521511077881
ablations,05_results/ablations/apples_to_apples_run21_3ep/differentiated_pruning/training_metrics.json,[2].epoch,3
ablations,05_results/ablations/apples_to_apples_run21_3ep/differentiated_pruning/training_metrics.json,[2].train_loss,4.502960205078125
ablations,05_results/ablations/apples_to_apples_run21_3ep/differentiated_pruning/training_metrics.json,[2].train_seg,0.35597085631810704
ablations,05_results/ablations/apples_to_apples_run21_3ep/differentiated_pruning/training_metrics.json,[2].train_class,0.6643114332969372
ablations,05_results/ablations/apples_to_apples_run21_3ep/differentiated_pruning/training_metrics.json,[2].train_vae,3.4826779218820425
ablations,05_results/ablations/apples_to_apples_run21_3ep/differentiated_pruning/training_metrics.json,[2].train_reg,0.0
ablations,05_results/ablations/apples_to_apples_run21_3ep/differentiated_pruning/training_metrics.json,[2].train_consistency,0.0
ablations,05_results/ablations/apples_to_apples_run21_3ep/differentiated_pruning/training_metrics.json,[2].train_distill,0.0
ablations,05_results/ablations/apples_to_apples_run21_3ep/differentiated_pruning/training_metrics.json,[2].train_distill_map,0.0
ablations,05_results/ablations/apples_to_apples_run21_3ep/differentiated_pruning/training_metrics.json,[2].train_distill_score,0.0
ablations,05_results/ablations/apples_to_apples_run21_3ep/differentiated_pruning/training_metrics.json,[2].train_distill_feat,0.0
ablations,05_results/ablations/apples_to_apples_run21_3ep/differentiated_pruning/training_metrics.json,[2].val_loss,3.984609377384186
ablations,05_results/ablations/apples_to_apples_run21_3ep/differentiated_pruning/training_metrics.json,[2].val_seg,0.3529764026403427
ablations,05_results/ablations/apples_to_apples_run21_3ep/differentiated_pruning/training_metrics.json,[2].val_class,0.6635743021965027
ablations,05_results/ablations/apples_to_apples_run21_3ep/differentiated_pruning/training_metrics.json,[2].val_vae,2.968058693408966
ablations,05_results/ablations/apples_to_apples_run21_3ep/differentiated_pruning/training_metrics.json,[2].val_reg,0.0
ablations,05_results/ablations/apples_to_apples_run21_3ep/differentiated_pruning/training_metrics.json,[2].lr,0.00036923076923076927
ablations,05_results/ablations/apples_to_apples_run21_3ep/differentiated_pruning/training_metrics.json,[2].epoch_time_sec,83.63573098182678
ablations,05_results/ablations/apples_to_apples_run21_3ep/differentiated_pruning/training_summary.json,best_val_loss,2.0506011724472044
ablations,05_results/ablations/apples_to_apples_run21_3ep/differentiated_pruning/training_summary.json,epochs_completed,3
ablations,05_results/ablations/apples_to_apples_run21_3ep/differentiated_pruning/training_summary.json,early_stopping_enabled,True
ablations,05_results/ablations/apples_to_apples_run21_3ep/differentiated_pruning/training_summary.json,early_stopping_patience,5
ablations,05_results/ablations/apples_to_apples_run21_3ep/differentiated_pruning/training_summary.json,monitor,"""val_loss"""
ablations,05_results/ablations/apples_to_apples_run21_3ep/differentiated_pruning/training_summary.json,metrics_file,"""outputs/apples_to_apples_run21_3ep/differentiated_pruning\\training_metrics.json"""
ablations,05_results/ablations/apples_to_apples_run21_3ep/differentiated_pruning/training_summary.json,val_visualizations_dir,"""outputs/apples_to_apples_run21_3ep/differentiated_pruning\\val_visualizations"""
ablations,05_results/ablations/compression_gate/compression_gate_summary.json,baseline_dir,"""outputs/run21_resplit_15es"""
ablations,05_results/ablations/compression_gate/compression_gate_summary.json,data_root,"""data/cable_resplit"""
ablations,05_results/ablations/compression_gate/compression_gate_summary.json,categories[0],"""cable"""
ablations,05_results/ablations/compression_gate/compression_gate_summary.json,max_drop,7.0
ablations,05_results/ablations/compression_gate/compression_gate_summary.json,prelim_epochs,3
ablations,05_results/ablations/compression_gate/compression_gate_summary.json,full_epochs,15
ablations,05_results/ablations/compression_gate/compression_gate_summary.json,prelim_only,False
ablations,05_results/ablations/compression_gate/compression_gate_summary.json,unsupported_methods.low_rank_factorization,"""No native matrix-factorization module replacement is implemented."""
ablations,05_results/ablations/compression_gate/compression_gate_summary.json,unsupported_methods.quantization,"""No integrated train+eval quantized pipeline is implemented in current scripts."""
ablations,05_results/ablations/compression_gate/compression_gate_summary.json,methods.depth_pruning_heads.type,"""structured_pruning"""
ablations,05_results/ablations/compression_gate/compression_gate_summary.json,methods.depth_pruning_heads.prelim.stage_name,"""prelim_3ep"""
ablations,05_results/ablations/compression_gate/compression_gate_summary.json,methods.depth_pruning_heads.prelim.epochs,3
ablations,05_results/ablations/compression_gate/compression_gate_summary.json,methods.depth_pruning_heads.prelim.config_path,"""outputs\\compression_gate\\configs\\depth_pruning_heads_prelim_3ep.yaml"""
ablations,05_results/ablations/compression_gate/compression_gate_summary.json,methods.depth_pruning_heads.prelim.run_dir,"""outputs\\compression_gate\\depth_pruning_heads\\prelim_3ep"""
ablations,05_results/ablations/compression_gate/compression_gate_summary.json,methods.depth_pruning_heads.prelim.compare_report,"""outputs\\compression_gate\\depth_pruning_heads\\prelim_3ep\\comparison_to_run21_resplit_15es.json"""
ablations,05_results/ablations/compression_gate/compression_gate_summary.json,methods.depth_pruning_heads.prelim.gate_pass,False
ablations,05_results/ablations/compression_gate/compression_gate_summary.json,methods.depth_pruning_heads.prelim.train_info.best_checkpoint,"""outputs\\compression_gate\\depth_pruning_heads\\prelim_3ep\\best_model.pth"""
ablations,05_results/ablations/compression_gate/compression_gate_summary.json,methods.depth_pruning_heads.prelim.train_info.training_summary,"""outputs\\compression_gate\\depth_pruning_heads\\prelim_3ep\\training_summary.json"""
ablations,05_results/ablations/compression_gate/compression_gate_summary.json,methods.depth_pruning_heads.prelim.train_info.terminated_after_summary,True
ablations,05_results/ablations/compression_gate/compression_gate_summary.json,methods.depth_pruning_heads.prelim.train_info.train_return_code,1
ablations,05_results/ablations/compression_gate/compression_gate_summary.json,methods.depth_pruning_heads.prelim.metrics.clean.image_ap,31.715661037542088
ablations,05_results/ablations/compression_gate/compression_gate_summary.json,methods.depth_pruning_heads.prelim.metrics.clean.image_auroc,53.968253968253975
ablations,05_results/ablations/compression_gate/compression_gate_summary.json,methods.depth_pruning_heads.prelim.metrics.clean.pixel_pro,35.05926282214416
ablations,05_results/ablations/compression_gate/compression_gate_summary.json,methods.depth_pruning_heads.prelim.metrics.clean.pixel_ap,2.7545359827278766
ablations,05_results/ablations/compression_gate/compression_gate_summary.json,methods.depth_pruning_heads.prelim.metrics.noisy.image_ap,36.52630403570345
ablations,05_results/ablations/compression_gate/compression_gate_summary.json,methods.depth_pruning_heads.prelim.metrics.noisy.image_auroc,57.936507936507944
ablations,05_results/ablations/compression_gate/compression_gate_summary.json,methods.depth_pruning_heads.prelim.metrics.noisy.pixel_pro,43.36544462098103
ablations,05_results/ablations/compression_gate/compression_gate_summary.json,methods.depth_pruning_heads.prelim.metrics.noisy.pixel_ap,2.746359383936484
ablations,05_results/ablations/compression_gate/compression_gate_summary.json,methods.depth_pruning_heads.full,
ablations,05_results/ablations/compression_gate/compression_gate_summary.json,methods.depth_pruning_heads.promoted_to_full,False
ablations,05_results/ablations/compression_gate/compression_gate_summary.json,methods.depth_pruning_heads.skipped,False
ablations,05_results/ablations/compression_gate/compression_gate_summary.json,methods.depth_pruning_heads.skip_reason,
ablations,05_results/ablations/compression_gate/compression_gate_summary.json,methods.differentiated_pruning_heads.type,"""structured_pruning"""
ablations,05_results/ablations/compression_gate/compression_gate_summary.json,methods.differentiated_pruning_heads.prelim.stage_name,"""prelim_3ep"""
ablations,05_results/ablations/compression_gate/compression_gate_summary.json,methods.differentiated_pruning_heads.prelim.epochs,3
ablations,05_results/ablations/compression_gate/compression_gate_summary.json,methods.differentiated_pruning_heads.prelim.config_path,"""outputs\\compression_gate\\configs\\differentiated_pruning_heads_prelim_3ep.yaml"""
ablations,05_results/ablations/compression_gate/compression_gate_summary.json,methods.differentiated_pruning_heads.prelim.run_dir,"""outputs\\compression_gate\\differentiated_pruning_heads\\prelim_3ep"""
ablations,05_results/ablations/compression_gate/compression_gate_summary.json,methods.differentiated_pruning_heads.prelim.compare_report,"""outputs\\compression_gate\\differentiated_pruning_heads\\prelim_3ep\\comparison_to_run21_resplit_15es.json"""
ablations,05_results/ablations/compression_gate/compression_gate_summary.json,methods.differentiated_pruning_heads.prelim.gate_pass,False
ablations,05_results/ablations/compression_gate/compression_gate_summary.json,methods.differentiated_pruning_heads.prelim.train_info.best_checkpoint,"""outputs\\compression_gate\\differentiated_pruning_heads\\prelim_3ep\\best_model.pth"""
ablations,05_results/ablations/compression_gate/compression_gate_summary.json,methods.differentiated_pruning_heads.prelim.train_info.training_summary,"""outputs\\compression_gate\\differentiated_pruning_heads\\prelim_3ep\\training_summary.json"""
ablations,05_results/ablations/compression_gate/compression_gate_summary.json,methods.differentiated_pruning_heads.prelim.train_info.terminated_after_summary,True
ablations,05_results/ablations/compression_gate/compression_gate_summary.json,methods.differentiated_pruning_heads.prelim.train_info.train_return_code,1
ablations,05_results/ablations/compression_gate/compression_gate_summary.json,methods.differentiated_pruning_heads.prelim.metrics.clean.image_ap,33.61719811979642
ablations,05_results/ablations/compression_gate/compression_gate_summary.json,methods.differentiated_pruning_heads.prelim.metrics.clean.image_auroc,44.54365079365079
ablations,05_results/ablations/compression_gate/compression_gate_summary.json,methods.differentiated_pruning_heads.prelim.metrics.clean.pixel_pro,37.79284510077225
ablations,05_results/ablations/compression_gate/compression_gate_summary.json,methods.differentiated_pruning_heads.prelim.metrics.clean.pixel_ap,2.8366065894114314
ablations,05_results/ablations/compression_gate/compression_gate_summary.json,methods.differentiated_pruning_heads.prelim.metrics.noisy.image_ap,24.978898619040702
ablations,05_results/ablations/compression_gate/compression_gate_summary.json,methods.differentiated_pruning_heads.prelim.metrics.noisy.image_auroc,45.23809523809524
ablations,05_results/ablations/compression_gate/compression_gate_summary.json,methods.differentiated_pruning_heads.prelim.metrics.noisy.pixel_pro,44.6810147599366
ablations,05_results/ablations/compression_gate/compression_gate_summary.json,methods.differentiated_pruning_heads.prelim.metrics.noisy.pixel_ap,3.424047514035581
ablations,05_results/ablations/compression_gate/compression_gate_summary.json,methods.differentiated_pruning_heads.full,
ablations,05_results/ablations/compression_gate/compression_gate_summary.json,methods.differentiated_pruning_heads.promoted_to_full,False
ablations,05_results/ablations/compression_gate/compression_gate_summary.json,methods.differentiated_pruning_heads.skipped,False
ablations,05_results/ablations/compression_gate/compression_gate_summary.json,methods.differentiated_pruning_heads.skip_reason,
ablations,05_results/ablations/compression_gate/depth_pruning_heads/prelim_3ep/comparison_to_run21_resplit_15es.json,baseline_dir,"""outputs/run21_resplit_15es"""
ablations,05_results/ablations/compression_gate/depth_pruning_heads/prelim_3ep/comparison_to_run21_resplit_15es.json,candidate_dir,"""outputs\\compression_gate\\depth_pruning_heads\\prelim_3ep"""
ablations,05_results/ablations/compression_gate/depth_pruning_heads/prelim_3ep/comparison_to_run21_resplit_15es.json,max_drop,7.0
ablations,05_results/ablations/compression_gate/depth_pruning_heads/prelim_3ep/comparison_to_run21_resplit_15es.json,gate_pass,False
ablations,05_results/ablations/compression_gate/depth_pruning_heads/prelim_3ep/comparison_to_run21_resplit_15es.json,worst_metric,"""clean.image_ap"""
ablations,05_results/ablations/compression_gate/depth_pruning_heads/prelim_3ep/comparison_to_run21_resplit_15es.json,worst_delta,-61.8994543538891
ablations,05_results/ablations/compression_gate/depth_pruning_heads/prelim_3ep/comparison_to_run21_resplit_15es.json,comparisons.clean.image_ap.baseline,93.61511539143119
ablations,05_results/ablations/compression_gate/depth_pruning_heads/prelim_3ep/comparison_to_run21_resplit_15es.json,comparisons.clean.image_ap.candidate,31.715661037542088
ablations,05_results/ablations/compression_gate/depth_pruning_heads/prelim_3ep/comparison_to_run21_resplit_15es.json,comparisons.clean.image_ap.delta,-61.8994543538891
ablations,05_results/ablations/compression_gate/depth_pruning_heads/prelim_3ep/comparison_to_run21_resplit_15es.json,comparisons.clean.image_auroc.baseline,97.42063492063492
ablations,05_results/ablations/compression_gate/depth_pruning_heads/prelim_3ep/comparison_to_run21_resplit_15es.json,comparisons.clean.image_auroc.candidate,53.968253968253975
ablations,05_results/ablations/compression_gate/depth_pruning_heads/prelim_3ep/comparison_to_run21_resplit_15es.json,comparisons.clean.image_auroc.delta,-43.45238095238095
ablations,05_results/ablations/compression_gate/depth_pruning_heads/prelim_3ep/comparison_to_run21_resplit_15es.json,comparisons.clean.image_f1_max.baseline,84.84848435261708
ablations,05_results/ablations/compression_gate/depth_pruning_heads/prelim_3ep/comparison_to_run21_resplit_15es.json,comparisons.clean.image_f1_max.candidate,44.444443944444444
ablations,05_results/ablations/compression_gate/depth_pruning_heads/prelim_3ep/comparison_to_run21_resplit_15es.json,comparisons.clean.image_f1_max.delta,-40.404040408172634
ablations,05_results/ablations/compression_gate/depth_pruning_heads/prelim_3ep/comparison_to_run21_resplit_15es.json,comparisons.clean.pixel_ap.baseline,50.88694692577435
ablations,05_results/ablations/compression_gate/depth_pruning_heads/prelim_3ep/comparison_to_run21_resplit_15es.json,comparisons.clean.pixel_ap.candidate,2.7545359827278766
ablations,05_results/ablations/compression_gate/depth_pruning_heads/prelim_3ep/comparison_to_run21_resplit_15es.json,comparisons.clean.pixel_ap.delta,-48.13241094304648
ablations,05_results/ablations/compression_gate/depth_pruning_heads/prelim_3ep/comparison_to_run21_resplit_15es.json,comparisons.clean.pixel_auroc.baseline,95.33689776120521
ablations,05_results/ablations/compression_gate/depth_pruning_heads/prelim_3ep/comparison_to_run21_resplit_15es.json,comparisons.clean.pixel_auroc.candidate,80.670840539991
ablations,05_results/ablations/compression_gate/depth_pruning_heads/prelim_3ep/comparison_to_run21_resplit_15es.json,comparisons.clean.pixel_auroc.delta,-14.666057221214203
ablations,05_results/ablations/compression_gate/depth_pruning_heads/prelim_3ep/comparison_to_run21_resplit_15es.json,comparisons.clean.pixel_pro.baseline,29.535681104290955
ablations,05_results/ablations/compression_gate/depth_pruning_heads/prelim_3ep/comparison_to_run21_resplit_15es.json,comparisons.clean.pixel_pro.candidate,35.05926282214416
ablations,05_results/ablations/compression_gate/depth_pruning_heads/prelim_3ep/comparison_to_run21_resplit_15es.json,comparisons.clean.pixel_pro.delta,5.523581717853208
ablations,05_results/ablations/compression_gate/depth_pruning_heads/prelim_3ep/comparison_to_run21_resplit_15es.json,comparisons.noisy.image_ap.baseline,81.33140933140935
ablations,05_results/ablations/compression_gate/depth_pruning_heads/prelim_3ep/comparison_to_run21_resplit_15es.json,comparisons.noisy.image_ap.candidate,36.52630403570345
ablations,05_results/ablations/compression_gate/depth_pruning_heads/prelim_3ep/comparison_to_run21_resplit_15es.json,comparisons.noisy.image_ap.delta,-44.8051052957059
ablations,05_results/ablations/compression_gate/depth_pruning_heads/prelim_3ep/comparison_to_run21_resplit_15es.json,comparisons.noisy.image_auroc.baseline,87.00396825396825
ablations,05_results/ablations/compression_gate/depth_pruning_heads/prelim_3ep/comparison_to_run21_resplit_15es.json,comparisons.noisy.image_auroc.candidate,57.936507936507944
ablations,05_results/ablations/compression_gate/depth_pruning_heads/prelim_3ep/comparison_to_run21_resplit_15es.json,comparisons.noisy.image_auroc.delta,-29.06746031746031
ablations,05_results/ablations/compression_gate/depth_pruning_heads/prelim_3ep/comparison_to_run21_resplit_15es.json,comparisons.noisy.image_f1_max.baseline,75.86206849464924
ablations,05_results/ablations/compression_gate/depth_pruning_heads/prelim_3ep/comparison_to_run21_resplit_15es.json,comparisons.noisy.image_f1_max.candidate,47.82608648015124
ablations,05_results/ablations/compression_gate/depth_pruning_heads/prelim_3ep/comparison_to_run21_resplit_15es.json,comparisons.noisy.image_f1_max.delta,-28.035982014497996
ablations,05_results/ablations/compression_gate/depth_pruning_heads/prelim_3ep/comparison_to_run21_resplit_15es.json,comparisons.noisy.pixel_ap.baseline,34.91051079155625
ablations,05_results/ablations/compression_gate/depth_pruning_heads/prelim_3ep/comparison_to_run21_resplit_15es.json,comparisons.noisy.pixel_ap.candidate,2.746359383936484
ablations,05_results/ablations/compression_gate/depth_pruning_heads/prelim_3ep/comparison_to_run21_resplit_15es.json,comparisons.noisy.pixel_ap.delta,-32.16415140761976
ablations,05_results/ablations/compression_gate/depth_pruning_heads/prelim_3ep/comparison_to_run21_resplit_15es.json,comparisons.noisy.pixel_auroc.baseline,91.81948060451154
ablations,05_results/ablations/compression_gate/depth_pruning_heads/prelim_3ep/comparison_to_run21_resplit_15es.json,comparisons.noisy.pixel_auroc.candidate,81.22642916371227
ablations,05_results/ablations/compression_gate/depth_pruning_heads/prelim_3ep/comparison_to_run21_resplit_15es.json,comparisons.noisy.pixel_auroc.delta,-10.593051440799272
ablations,05_results/ablations/compression_gate/depth_pruning_heads/prelim_3ep/comparison_to_run21_resplit_15es.json,comparisons.noisy.pixel_pro.baseline,58.26781925065566
ablations,05_results/ablations/compression_gate/depth_pruning_heads/prelim_3ep/comparison_to_run21_resplit_15es.json,comparisons.noisy.pixel_pro.candidate,43.36544462098103
ablations,05_results/ablations/compression_gate/depth_pruning_heads/prelim_3ep/comparison_to_run21_resplit_15es.json,comparisons.noisy.pixel_pro.delta,-14.902374629674632
ablations,05_results/ablations/compression_gate/depth_pruning_heads/prelim_3ep/eval_results/results.json,per_category.cable.image_level.auroc,53.968253968253975
ablations,05_results/ablations/compression_gate/depth_pruning_heads/prelim_3ep/eval_results/results.json,per_category.cable.image_level.f1_max,44.444443944444444
ablations,05_results/ablations/compression_gate/depth_pruning_heads/prelim_3ep/eval_results/results.json,per_category.cable.image_level.ap,31.715661037542088
ablations,05_results/ablations/compression_gate/depth_pruning_heads/prelim_3ep/eval_results/results.json,per_category.cable.pixel_level.auroc,80.670840539991
ablations,05_results/ablations/compression_gate/depth_pruning_heads/prelim_3ep/eval_results/results.json,per_category.cable.pixel_level.pro,35.05926282214416
ablations,05_results/ablations/compression_gate/depth_pruning_heads/prelim_3ep/eval_results/results.json,per_category.cable.pixel_level.ap,2.7545359827278766
ablations,05_results/ablations/compression_gate/depth_pruning_heads/prelim_3ep/eval_results/results.json,per_category.cable.n_samples,74
ablations,05_results/ablations/compression_gate/depth_pruning_heads/prelim_3ep/eval_results/results.json,per_category.cable.n_anomalous,18
ablations,05_results/ablations/compression_gate/depth_pruning_heads/prelim_3ep/eval_results/results.json,overall.image_level.auroc,53.968253968253975
ablations,05_results/ablations/compression_gate/depth_pruning_heads/prelim_3ep/eval_results/results.json,overall.image_level.f1_max,44.444443944444444
ablations,05_results/ablations/compression_gate/depth_pruning_heads/prelim_3ep/eval_results/results.json,overall.image_level.ap,31.715661037542088
ablations,05_results/ablations/compression_gate/depth_pruning_heads/prelim_3ep/eval_results/results.json,overall.pixel_level.auroc,80.670840539991
ablations,05_results/ablations/compression_gate/depth_pruning_heads/prelim_3ep/eval_results/results.json,overall.pixel_level.pro,35.05926282214416
ablations,05_results/ablations/compression_gate/depth_pruning_heads/prelim_3ep/eval_results/results.json,overall.pixel_level.ap,2.7545359827278766
ablations,05_results/ablations/compression_gate/depth_pruning_heads/prelim_3ep/eval_results/results.json,overall.n_samples,74
ablations,05_results/ablations/compression_gate/depth_pruning_heads/prelim_3ep/noise_eval/noise_results.json,overall.image_level.auroc,57.936507936507944
ablations,05_results/ablations/compression_gate/depth_pruning_heads/prelim_3ep/noise_eval/noise_results.json,overall.image_level.f1_max,47.82608648015124
ablations,05_results/ablations/compression_gate/depth_pruning_heads/prelim_3ep/noise_eval/noise_results.json,overall.image_level.ap,36.52630403570345
ablations,05_results/ablations/compression_gate/depth_pruning_heads/prelim_3ep/noise_eval/noise_results.json,overall.pixel_level.auroc,81.22642916371227
ablations,05_results/ablations/compression_gate/depth_pruning_heads/prelim_3ep/noise_eval/noise_results.json,overall.pixel_level.pro,43.36544462098103
ablations,05_results/ablations/compression_gate/depth_pruning_heads/prelim_3ep/noise_eval/noise_results.json,overall.pixel_level.ap,2.746359383936484
ablations,05_results/ablations/compression_gate/depth_pruning_heads/prelim_3ep/noise_eval/noise_results.json,overall.n_samples,74
ablations,05_results/ablations/compression_gate/depth_pruning_heads/prelim_3ep/noise_eval/robustness_report.json,clean.image_level.auroc,53.968253968253975
ablations,05_results/ablations/compression_gate/depth_pruning_heads/prelim_3ep/noise_eval/robustness_report.json,clean.image_level.f1_max,44.444443944444444
ablations,05_results/ablations/compression_gate/depth_pruning_heads/prelim_3ep/noise_eval/robustness_report.json,clean.image_level.ap,31.715661037542088
ablations,05_results/ablations/compression_gate/depth_pruning_heads/prelim_3ep/noise_eval/robustness_report.json,clean.pixel_level.auroc,80.670840539991
ablations,05_results/ablations/compression_gate/depth_pruning_heads/prelim_3ep/noise_eval/robustness_report.json,clean.pixel_level.pro,35.05926282214416
ablations,05_results/ablations/compression_gate/depth_pruning_heads/prelim_3ep/noise_eval/robustness_report.json,clean.pixel_level.ap,2.7545359827278766
ablations,05_results/ablations/compression_gate/depth_pruning_heads/prelim_3ep/noise_eval/robustness_report.json,clean.n_samples,74
ablations,05_results/ablations/compression_gate/depth_pruning_heads/prelim_3ep/noise_eval/robustness_report.json,noisy.image_level.auroc,57.936507936507944
ablations,05_results/ablations/compression_gate/depth_pruning_heads/prelim_3ep/noise_eval/robustness_report.json,noisy.image_level.f1_max,47.82608648015124
ablations,05_results/ablations/compression_gate/depth_pruning_heads/prelim_3ep/noise_eval/robustness_report.json,noisy.image_level.ap,36.52630403570345
ablations,05_results/ablations/compression_gate/depth_pruning_heads/prelim_3ep/noise_eval/robustness_report.json,noisy.pixel_level.auroc,81.22642916371227
ablations,05_results/ablations/compression_gate/depth_pruning_heads/prelim_3ep/noise_eval/robustness_report.json,noisy.pixel_level.pro,43.36544462098103
ablations,05_results/ablations/compression_gate/depth_pruning_heads/prelim_3ep/noise_eval/robustness_report.json,noisy.pixel_level.ap,2.746359383936484
ablations,05_results/ablations/compression_gate/depth_pruning_heads/prelim_3ep/noise_eval/robustness_report.json,noisy.n_samples,74
ablations,05_results/ablations/compression_gate/depth_pruning_heads/prelim_3ep/noise_eval/robustness_report.json,delta.image_auroc,3.9682539682539684
ablations,05_results/ablations/compression_gate/depth_pruning_heads/prelim_3ep/noise_eval/robustness_report.json,delta.image_f1_max,3.3816425357067956
ablations,05_results/ablations/compression_gate/depth_pruning_heads/prelim_3ep/noise_eval/robustness_report.json,delta.image_ap,4.810642998161359
ablations,05_results/ablations/compression_gate/depth_pruning_heads/prelim_3ep/noise_eval/robustness_report.json,delta.pixel_auroc,0.5555886237212633
ablations,05_results/ablations/compression_gate/depth_pruning_heads/prelim_3ep/noise_eval/robustness_report.json,delta.pixel_pro,8.306181798836867
ablations,05_results/ablations/compression_gate/depth_pruning_heads/prelim_3ep/noise_eval/robustness_report.json,delta.pixel_ap,-0.008176598791392653
ablations,05_results/ablations/compression_gate/depth_pruning_heads/prelim_3ep/training_metrics.json,[0].epoch,1
ablations,05_results/ablations/compression_gate/depth_pruning_heads/prelim_3ep/training_metrics.json,[0].train_loss,4.612858502681439
ablations,05_results/ablations/compression_gate/depth_pruning_heads/prelim_3ep/training_metrics.json,[0].train_seg,0.31948029123819793
ablations,05_results/ablations/compression_gate/depth_pruning_heads/prelim_3ep/training_metrics.json,[0].train_class,0.7017981744729556
ablations,05_results/ablations/compression_gate/depth_pruning_heads/prelim_3ep/training_metrics.json,[0].train_vae,3.59158003788728
ablations,05_results/ablations/compression_gate/depth_pruning_heads/prelim_3ep/training_metrics.json,[0].train_reg,0.0
ablations,05_results/ablations/compression_gate/depth_pruning_heads/prelim_3ep/training_metrics.json,[0].train_consistency,0.0
ablations,05_results/ablations/compression_gate/depth_pruning_heads/prelim_3ep/training_metrics.json,[0].train_distill,0.0
ablations,05_results/ablations/compression_gate/depth_pruning_heads/prelim_3ep/training_metrics.json,[0].train_distill_map,0.0
ablations,05_results/ablations/compression_gate/depth_pruning_heads/prelim_3ep/training_metrics.json,[0].train_distill_score,0.0
ablations,05_results/ablations/compression_gate/depth_pruning_heads/prelim_3ep/training_metrics.json,[0].train_distill_feat,0.0
ablations,05_results/ablations/compression_gate/depth_pruning_heads/prelim_3ep/training_metrics.json,[0].val_loss,2.2388169407844543
ablations,05_results/ablations/compression_gate/depth_pruning_heads/prelim_3ep/training_metrics.json,[0].val_seg,0.3218122720718384
ablations,05_results/ablations/compression_gate/depth_pruning_heads/prelim_3ep/training_metrics.json,[0].val_class,0.6795601844787598
ablations,05_results/ablations/compression_gate/depth_pruning_heads/prelim_3ep/training_metrics.json,[0].val_vae,1.2374444603919983
ablations,05_results/ablations/compression_gate/depth_pruning_heads/prelim_3ep/training_metrics.json,[0].val_reg,0.0
ablations,05_results/ablations/compression_gate/depth_pruning_heads/prelim_3ep/training_metrics.json,[0].lr,0.0001230769230769231
ablations,05_results/ablations/compression_gate/depth_pruning_heads/prelim_3ep/training_metrics.json,[0].epoch_time_sec,83.83141112327576
ablations,05_results/ablations/compression_gate/depth_pruning_heads/prelim_3ep/training_metrics.json,[1].epoch,2
ablations,05_results/ablations/compression_gate/depth_pruning_heads/prelim_3ep/training_metrics.json,[1].train_loss,4.868404931288499
ablations,05_results/ablations/compression_gate/depth_pruning_heads/prelim_3ep/training_metrics.json,[1].train_seg,0.32593482365975013
ablations,05_results/ablations/compression_gate/depth_pruning_heads/prelim_3ep/training_metrics.json,[1].train_class,0.6709263402682084
ablations,05_results/ablations/compression_gate/depth_pruning_heads/prelim_3ep/training_metrics.json,[1].train_vae,3.8715437678190376
ablations,05_results/ablations/compression_gate/depth_pruning_heads/prelim_3ep/training_metrics.json,[1].train_reg,0.0
ablations,05_results/ablations/compression_gate/depth_pruning_heads/prelim_3ep/training_metrics.json,[1].train_consistency,0.0
ablations,05_results/ablations/compression_gate/depth_pruning_heads/prelim_3ep/training_metrics.json,[1].train_distill,0.0
ablations,05_results/ablations/compression_gate/depth_pruning_heads/prelim_3ep/training_metrics.json,[1].train_distill_map,0.0
ablations,05_results/ablations/compression_gate/depth_pruning_heads/prelim_3ep/training_metrics.json,[1].train_distill_score,0.0
ablations,05_results/ablations/compression_gate/depth_pruning_heads/prelim_3ep/training_metrics.json,[1].train_distill_feat,0.0
ablations,05_results/ablations/compression_gate/depth_pruning_heads/prelim_3ep/training_metrics.json,[1].val_loss,3.9532846093177794
ablations,05_results/ablations/compression_gate/depth_pruning_heads/prelim_3ep/training_metrics.json,[1].val_seg,0.32028964906930923
ablations,05_results/ablations/compression_gate/depth_pruning_heads/prelim_3ep/training_metrics.json,[1].val_class,0.6708463966846466
ablations,05_results/ablations/compression_gate/depth_pruning_heads/prelim_3ep/training_metrics.json,[1].val_vae,2.962148594856262
ablations,05_results/ablations/compression_gate/depth_pruning_heads/prelim_3ep/training_metrics.json,[1].val_reg,0.0
ablations,05_results/ablations/compression_gate/depth_pruning_heads/prelim_3ep/training_metrics.json,[1].lr,0.0002461538461538462
ablations,05_results/ablations/compression_gate/depth_pruning_heads/prelim_3ep/training_metrics.json,[1].epoch_time_sec,84.20160841941833
ablations,05_results/ablations/compression_gate/depth_pruning_heads/prelim_3ep/training_metrics.json,[2].epoch,3
ablations,05_results/ablations/compression_gate/depth_pruning_heads/prelim_3ep/training_metrics.json,[2].train_loss,5.181794261932373
ablations,05_results/ablations/compression_gate/depth_pruning_heads/prelim_3ep/training_metrics.json,[2].train_seg,0.3160323351621628
ablations,05_results/ablations/compression_gate/depth_pruning_heads/prelim_3ep/training_metrics.json,[2].train_class,0.6793143056906187
ablations,05_results/ablations/compression_gate/depth_pruning_heads/prelim_3ep/training_metrics.json,[2].train_vae,4.18644761305589
ablations,05_results/ablations/compression_gate/depth_pruning_heads/prelim_3ep/training_metrics.json,[2].train_reg,0.0
ablations,05_results/ablations/compression_gate/depth_pruning_heads/prelim_3ep/training_metrics.json,[2].train_consistency,0.0
ablations,05_results/ablations/compression_gate/depth_pruning_heads/prelim_3ep/training_metrics.json,[2].train_distill,0.0
ablations,05_results/ablations/compression_gate/depth_pruning_heads/prelim_3ep/training_metrics.json,[2].train_distill_map,0.0
ablations,05_results/ablations/compression_gate/depth_pruning_heads/prelim_3ep/training_metrics.json,[2].train_distill_score,0.0
ablations,05_results/ablations/compression_gate/depth_pruning_heads/prelim_3ep/training_metrics.json,[2].train_distill_feat,0.0
ablations,05_results/ablations/compression_gate/depth_pruning_heads/prelim_3ep/training_metrics.json,[2].val_loss,4.704467248916626
ablations,05_results/ablations/compression_gate/depth_pruning_heads/prelim_3ep/training_metrics.json,[2].val_seg,0.319149574637413
ablations,05_results/ablations/compression_gate/depth_pruning_heads/prelim_3ep/training_metrics.json,[2].val_class,0.6690035372972488
ablations,05_results/ablations/compression_gate/depth_pruning_heads/prelim_3ep/training_metrics.json,[2].val_vae,3.716314172744751
ablations,05_results/ablations/compression_gate/depth_pruning_heads/prelim_3ep/training_metrics.json,[2].val_reg,0.0
ablations,05_results/ablations/compression_gate/depth_pruning_heads/prelim_3ep/training_metrics.json,[2].lr,0.00036923076923076927
ablations,05_results/ablations/compression_gate/depth_pruning_heads/prelim_3ep/training_metrics.json,[2].epoch_time_sec,84.6878011226654
ablations,05_results/ablations/compression_gate/depth_pruning_heads/prelim_3ep/training_summary.json,best_val_loss,2.2388169407844543
ablations,05_results/ablations/compression_gate/depth_pruning_heads/prelim_3ep/training_summary.json,epochs_completed,3
ablations,05_results/ablations/compression_gate/depth_pruning_heads/prelim_3ep/training_summary.json,early_stopping_enabled,True
ablations,05_results/ablations/compression_gate/depth_pruning_heads/prelim_3ep/training_summary.json,early_stopping_patience,5
ablations,05_results/ablations/compression_gate/depth_pruning_heads/prelim_3ep/training_summary.json,monitor,"""val_loss"""
ablations,05_results/ablations/compression_gate/depth_pruning_heads/prelim_3ep/training_summary.json,metrics_file,"""outputs\\compression_gate\\depth_pruning_heads\\prelim_3ep\\training_metrics.json"""
ablations,05_results/ablations/compression_gate/depth_pruning_heads/prelim_3ep/training_summary.json,val_visualizations_dir,"""outputs\\compression_gate\\depth_pruning_heads\\prelim_3ep\\val_visualizations"""
ablations,05_results/ablations/compression_gate/differentiated_pruning_heads/prelim_3ep/comparison_to_run21_resplit_15es.json,baseline_dir,"""outputs/run21_resplit_15es"""
ablations,05_results/ablations/compression_gate/differentiated_pruning_heads/prelim_3ep/comparison_to_run21_resplit_15es.json,candidate_dir,"""outputs\\compression_gate\\differentiated_pruning_heads\\prelim_3ep"""
ablations,05_results/ablations/compression_gate/differentiated_pruning_heads/prelim_3ep/comparison_to_run21_resplit_15es.json,max_drop,7.0
ablations,05_results/ablations/compression_gate/differentiated_pruning_heads/prelim_3ep/comparison_to_run21_resplit_15es.json,gate_pass,False
ablations,05_results/ablations/compression_gate/differentiated_pruning_heads/prelim_3ep/comparison_to_run21_resplit_15es.json,worst_metric,"""clean.image_ap"""
ablations,05_results/ablations/compression_gate/differentiated_pruning_heads/prelim_3ep/comparison_to_run21_resplit_15es.json,worst_delta,-59.99791727163477
ablations,05_results/ablations/compression_gate/differentiated_pruning_heads/prelim_3ep/comparison_to_run21_resplit_15es.json,comparisons.clean.image_ap.baseline,93.61511539143119
ablations,05_results/ablations/compression_gate/differentiated_pruning_heads/prelim_3ep/comparison_to_run21_resplit_15es.json,comparisons.clean.image_ap.candidate,33.61719811979642
ablations,05_results/ablations/compression_gate/differentiated_pruning_heads/prelim_3ep/comparison_to_run21_resplit_15es.json,comparisons.clean.image_ap.delta,-59.99791727163477
ablations,05_results/ablations/compression_gate/differentiated_pruning_heads/prelim_3ep/comparison_to_run21_resplit_15es.json,comparisons.clean.image_auroc.baseline,97.42063492063492
ablations,05_results/ablations/compression_gate/differentiated_pruning_heads/prelim_3ep/comparison_to_run21_resplit_15es.json,comparisons.clean.image_auroc.candidate,44.54365079365079
ablations,05_results/ablations/compression_gate/differentiated_pruning_heads/prelim_3ep/comparison_to_run21_resplit_15es.json,comparisons.clean.image_auroc.delta,-52.876984126984134
ablations,05_results/ablations/compression_gate/differentiated_pruning_heads/prelim_3ep/comparison_to_run21_resplit_15es.json,comparisons.clean.image_f1_max.baseline,84.84848435261708
ablations,05_results/ablations/compression_gate/differentiated_pruning_heads/prelim_3ep/comparison_to_run21_resplit_15es.json,comparisons.clean.image_f1_max.candidate,39.1304344678639
ablations,05_results/ablations/compression_gate/differentiated_pruning_heads/prelim_3ep/comparison_to_run21_resplit_15es.json,comparisons.clean.image_f1_max.delta,-45.71804988475318
ablations,05_results/ablations/compression_gate/differentiated_pruning_heads/prelim_3ep/comparison_to_run21_resplit_15es.json,comparisons.clean.pixel_ap.baseline,50.88694692577435
ablations,05_results/ablations/compression_gate/differentiated_pruning_heads/prelim_3ep/comparison_to_run21_resplit_15es.json,comparisons.clean.pixel_ap.candidate,2.8366065894114314
ablations,05_results/ablations/compression_gate/differentiated_pruning_heads/prelim_3ep/comparison_to_run21_resplit_15es.json,comparisons.clean.pixel_ap.delta,-48.05034033636292
ablations,05_results/ablations/compression_gate/differentiated_pruning_heads/prelim_3ep/comparison_to_run21_resplit_15es.json,comparisons.clean.pixel_auroc.baseline,95.33689776120521
ablations,05_results/ablations/compression_gate/differentiated_pruning_heads/prelim_3ep/comparison_to_run21_resplit_15es.json,comparisons.clean.pixel_auroc.candidate,82.44177700418203
ablations,05_results/ablations/compression_gate/differentiated_pruning_heads/prelim_3ep/comparison_to_run21_resplit_15es.json,comparisons.clean.pixel_auroc.delta,-12.895120757023179
ablations,05_results/ablations/compression_gate/differentiated_pruning_heads/prelim_3ep/comparison_to_run21_resplit_15es.json,comparisons.clean.pixel_pro.baseline,29.535681104290955
ablations,05_results/ablations/compression_gate/differentiated_pruning_heads/prelim_3ep/comparison_to_run21_resplit_15es.json,comparisons.clean.pixel_pro.candidate,37.79284510077225
ablations,05_results/ablations/compression_gate/differentiated_pruning_heads/prelim_3ep/comparison_to_run21_resplit_15es.json,comparisons.clean.pixel_pro.delta,8.257163996481292
ablations,05_results/ablations/compression_gate/differentiated_pruning_heads/prelim_3ep/comparison_to_run21_resplit_15es.json,comparisons.noisy.image_ap.baseline,81.33140933140935
ablations,05_results/ablations/compression_gate/differentiated_pruning_heads/prelim_3ep/comparison_to_run21_resplit_15es.json,comparisons.noisy.image_ap.candidate,24.978898619040702
ablations,05_results/ablations/compression_gate/differentiated_pruning_heads/prelim_3ep/comparison_to_run21_resplit_15es.json,comparisons.noisy.image_ap.delta,-56.35251071236864
ablations,05_results/ablations/compression_gate/differentiated_pruning_heads/prelim_3ep/comparison_to_run21_resplit_15es.json,comparisons.noisy.image_auroc.baseline,87.00396825396825
ablations,05_results/ablations/compression_gate/differentiated_pruning_heads/prelim_3ep/comparison_to_run21_resplit_15es.json,comparisons.noisy.image_auroc.candidate,45.23809523809524
ablations,05_results/ablations/compression_gate/differentiated_pruning_heads/prelim_3ep/comparison_to_run21_resplit_15es.json,comparisons.noisy.image_auroc.delta,-41.76587301587301
ablations,05_results/ablations/compression_gate/differentiated_pruning_heads/prelim_3ep/comparison_to_run21_resplit_15es.json,comparisons.noisy.image_f1_max.baseline,75.86206849464924
ablations,05_results/ablations/compression_gate/differentiated_pruning_heads/prelim_3ep/comparison_to_run21_resplit_15es.json,comparisons.noisy.image_f1_max.candidate,39.1304344678639
ablations,05_results/ablations/compression_gate/differentiated_pruning_heads/prelim_3ep/comparison_to_run21_resplit_15es.json,comparisons.noisy.image_f1_max.delta,-36.731634026785336
ablations,05_results/ablations/compression_gate/differentiated_pruning_heads/prelim_3ep/comparison_to_run21_resplit_15es.json,comparisons.noisy.pixel_ap.baseline,34.91051079155625
ablations,05_results/ablations/compression_gate/differentiated_pruning_heads/prelim_3ep/comparison_to_run21_resplit_15es.json,comparisons.noisy.pixel_ap.candidate,3.424047514035581
ablations,05_results/ablations/compression_gate/differentiated_pruning_heads/prelim_3ep/comparison_to_run21_resplit_15es.json,comparisons.noisy.pixel_ap.delta,-31.486463277520667
ablations,05_results/ablations/compression_gate/differentiated_pruning_heads/prelim_3ep/comparison_to_run21_resplit_15es.json,comparisons.noisy.pixel_auroc.baseline,91.81948060451154
ablations,05_results/ablations/compression_gate/differentiated_pruning_heads/prelim_3ep/comparison_to_run21_resplit_15es.json,comparisons.noisy.pixel_auroc.candidate,85.11935548111532
ablations,05_results/ablations/compression_gate/differentiated_pruning_heads/prelim_3ep/comparison_to_run21_resplit_15es.json,comparisons.noisy.pixel_auroc.delta,-6.700125123396219
ablations,05_results/ablations/compression_gate/differentiated_pruning_heads/prelim_3ep/comparison_to_run21_resplit_15es.json,comparisons.noisy.pixel_pro.baseline,58.26781925065566
ablations,05_results/ablations/compression_gate/differentiated_pruning_heads/prelim_3ep/comparison_to_run21_resplit_15es.json,comparisons.noisy.pixel_pro.candidate,44.6810147599366
ablations,05_results/ablations/compression_gate/differentiated_pruning_heads/prelim_3ep/comparison_to_run21_resplit_15es.json,comparisons.noisy.pixel_pro.delta,-13.58680449071906
ablations,05_results/ablations/compression_gate/differentiated_pruning_heads/prelim_3ep/eval_results/results.json,per_category.cable.image_level.auroc,44.54365079365079
ablations,05_results/ablations/compression_gate/differentiated_pruning_heads/prelim_3ep/eval_results/results.json,per_category.cable.image_level.f1_max,39.1304344678639
ablations,05_results/ablations/compression_gate/differentiated_pruning_heads/prelim_3ep/eval_results/results.json,per_category.cable.image_level.ap,33.61719811979642
ablations,05_results/ablations/compression_gate/differentiated_pruning_heads/prelim_3ep/eval_results/results.json,per_category.cable.pixel_level.auroc,82.44177700418203
ablations,05_results/ablations/compression_gate/differentiated_pruning_heads/prelim_3ep/eval_results/results.json,per_category.cable.pixel_level.pro,37.79284510077225
ablations,05_results/ablations/compression_gate/differentiated_pruning_heads/prelim_3ep/eval_results/results.json,per_category.cable.pixel_level.ap,2.8366065894114314
ablations,05_results/ablations/compression_gate/differentiated_pruning_heads/prelim_3ep/eval_results/results.json,per_category.cable.n_samples,74
ablations,05_results/ablations/compression_gate/differentiated_pruning_heads/prelim_3ep/eval_results/results.json,per_category.cable.n_anomalous,18
ablations,05_results/ablations/compression_gate/differentiated_pruning_heads/prelim_3ep/eval_results/results.json,overall.image_level.auroc,44.54365079365079
ablations,05_results/ablations/compression_gate/differentiated_pruning_heads/prelim_3ep/eval_results/results.json,overall.image_level.f1_max,39.1304344678639
ablations,05_results/ablations/compression_gate/differentiated_pruning_heads/prelim_3ep/eval_results/results.json,overall.image_level.ap,33.61719811979642
ablations,05_results/ablations/compression_gate/differentiated_pruning_heads/prelim_3ep/eval_results/results.json,overall.pixel_level.auroc,82.44177700418203
ablations,05_results/ablations/compression_gate/differentiated_pruning_heads/prelim_3ep/eval_results/results.json,overall.pixel_level.pro,37.79284510077225
ablations,05_results/ablations/compression_gate/differentiated_pruning_heads/prelim_3ep/eval_results/results.json,overall.pixel_level.ap,2.8366065894114314
ablations,05_results/ablations/compression_gate/differentiated_pruning_heads/prelim_3ep/eval_results/results.json,overall.n_samples,74
ablations,05_results/ablations/compression_gate/differentiated_pruning_heads/prelim_3ep/noise_eval/noise_results.json,overall.image_level.auroc,45.23809523809524
ablations,05_results/ablations/compression_gate/differentiated_pruning_heads/prelim_3ep/noise_eval/noise_results.json,overall.image_level.f1_max,39.1304344678639
ablations,05_results/ablations/compression_gate/differentiated_pruning_heads/prelim_3ep/noise_eval/noise_results.json,overall.image_level.ap,24.978898619040702
ablations,05_results/ablations/compression_gate/differentiated_pruning_heads/prelim_3ep/noise_eval/noise_results.json,overall.pixel_level.auroc,85.11935548111532
ablations,05_results/ablations/compression_gate/differentiated_pruning_heads/prelim_3ep/noise_eval/noise_results.json,overall.pixel_level.pro,44.6810147599366
ablations,05_results/ablations/compression_gate/differentiated_pruning_heads/prelim_3ep/noise_eval/noise_results.json,overall.pixel_level.ap,3.424047514035581
ablations,05_results/ablations/compression_gate/differentiated_pruning_heads/prelim_3ep/noise_eval/noise_results.json,overall.n_samples,74
ablations,05_results/ablations/compression_gate/differentiated_pruning_heads/prelim_3ep/noise_eval/robustness_report.json,clean.image_level.auroc,44.54365079365079
ablations,05_results/ablations/compression_gate/differentiated_pruning_heads/prelim_3ep/noise_eval/robustness_report.json,clean.image_level.f1_max,39.1304344678639
ablations,05_results/ablations/compression_gate/differentiated_pruning_heads/prelim_3ep/noise_eval/robustness_report.json,clean.image_level.ap,33.61719811979642
ablations,05_results/ablations/compression_gate/differentiated_pruning_heads/prelim_3ep/noise_eval/robustness_report.json,clean.pixel_level.auroc,82.44177700418203
ablations,05_results/ablations/compression_gate/differentiated_pruning_heads/prelim_3ep/noise_eval/robustness_report.json,clean.pixel_level.pro,37.79284510077225
ablations,05_results/ablations/compression_gate/differentiated_pruning_heads/prelim_3ep/noise_eval/robustness_report.json,clean.pixel_level.ap,2.8366065894114314
ablations,05_results/ablations/compression_gate/differentiated_pruning_heads/prelim_3ep/noise_eval/robustness_report.json,clean.n_samples,74
ablations,05_results/ablations/compression_gate/differentiated_pruning_heads/prelim_3ep/noise_eval/robustness_report.json,noisy.image_level.auroc,45.23809523809524
ablations,05_results/ablations/compression_gate/differentiated_pruning_heads/prelim_3ep/noise_eval/robustness_report.json,noisy.image_level.f1_max,39.1304344678639
ablations,05_results/ablations/compression_gate/differentiated_pruning_heads/prelim_3ep/noise_eval/robustness_report.json,noisy.image_level.ap,24.978898619040702
ablations,05_results/ablations/compression_gate/differentiated_pruning_heads/prelim_3ep/noise_eval/robustness_report.json,noisy.pixel_level.auroc,85.11935548111532
ablations,05_results/ablations/compression_gate/differentiated_pruning_heads/prelim_3ep/noise_eval/robustness_report.json,noisy.pixel_level.pro,44.6810147599366
ablations,05_results/ablations/compression_gate/differentiated_pruning_heads/prelim_3ep/noise_eval/robustness_report.json,noisy.pixel_level.ap,3.424047514035581
ablations,05_results/ablations/compression_gate/differentiated_pruning_heads/prelim_3ep/noise_eval/robustness_report.json,noisy.n_samples,74
ablations,05_results/ablations/compression_gate/differentiated_pruning_heads/prelim_3ep/noise_eval/robustness_report.json,delta.image_auroc,0.69444444444445
ablations,05_results/ablations/compression_gate/differentiated_pruning_heads/prelim_3ep/noise_eval/robustness_report.json,delta.image_f1_max,0.0
ablations,05_results/ablations/compression_gate/differentiated_pruning_heads/prelim_3ep/noise_eval/robustness_report.json,delta.image_ap,-8.638299500755718
ablations,05_results/ablations/compression_gate/differentiated_pruning_heads/prelim_3ep/noise_eval/robustness_report.json,delta.pixel_auroc,2.6775784769332915
ablations,05_results/ablations/compression_gate/differentiated_pruning_heads/prelim_3ep/noise_eval/robustness_report.json,delta.pixel_pro,6.888169659164355
ablations,05_results/ablations/compression_gate/differentiated_pruning_heads/prelim_3ep/noise_eval/robustness_report.json,delta.pixel_ap,0.5874409246241497
ablations,05_results/ablations/compression_gate/differentiated_pruning_heads/prelim_3ep/training_metrics.json,[0].epoch,1
ablations,05_results/ablations/compression_gate/differentiated_pruning_heads/prelim_3ep/training_metrics.json,[0].train_loss,4.280655750861535
ablations,05_results/ablations/compression_gate/differentiated_pruning_heads/prelim_3ep/training_metrics.json,[0].train_seg,0.3219556191792855
ablations,05_results/ablations/compression_gate/differentiated_pruning_heads/prelim_3ep/training_metrics.json,[0].train_class,0.7026832030369685
ablations,05_results/ablations/compression_gate/differentiated_pruning_heads/prelim_3ep/training_metrics.json,[0].train_vae,3.2560169274990374
ablations,05_results/ablations/compression_gate/differentiated_pruning_heads/prelim_3ep/training_metrics.json,[0].train_reg,0.0
ablations,05_results/ablations/compression_gate/differentiated_pruning_heads/prelim_3ep/training_metrics.json,[0].train_consistency,0.0
ablations,05_results/ablations/compression_gate/differentiated_pruning_heads/prelim_3ep/training_metrics.json,[0].train_distill,0.0
ablations,05_results/ablations/compression_gate/differentiated_pruning_heads/prelim_3ep/training_metrics.json,[0].train_distill_map,0.0
ablations,05_results/ablations/compression_gate/differentiated_pruning_heads/prelim_3ep/training_metrics.json,[0].train_distill_score,0.0
ablations,05_results/ablations/compression_gate/differentiated_pruning_heads/prelim_3ep/training_metrics.json,[0].train_distill_feat,0.0
ablations,05_results/ablations/compression_gate/differentiated_pruning_heads/prelim_3ep/training_metrics.json,[0].val_loss,2.0506011724472044
ablations,05_results/ablations/compression_gate/differentiated_pruning_heads/prelim_3ep/training_metrics.json,[0].val_seg,0.3276486247777939
ablations,05_results/ablations/compression_gate/differentiated_pruning_heads/prelim_3ep/training_metrics.json,[0].val_class,0.6811116069555283
ablations,05_results/ablations/compression_gate/differentiated_pruning_heads/prelim_3ep/training_metrics.json,[0].val_vae,1.0418409287929535
ablations,05_results/ablations/compression_gate/differentiated_pruning_heads/prelim_3ep/training_metrics.json,[0].val_reg,0.0
ablations,05_results/ablations/compression_gate/differentiated_pruning_heads/prelim_3ep/training_metrics.json,[0].lr,0.0001230769230769231
ablations,05_results/ablations/compression_gate/differentiated_pruning_heads/prelim_3ep/training_metrics.json,[0].epoch_time_sec,84.85544776916504
ablations,05_results/ablations/compression_gate/differentiated_pruning_heads/prelim_3ep/training_metrics.json,[1].epoch,2
ablations,05_results/ablations/compression_gate/differentiated_pruning_heads/prelim_3ep/training_metrics.json,[1].train_loss,3.965113065792964
ablations,05_results/ablations/compression_gate/differentiated_pruning_heads/prelim_3ep/training_metrics.json,[1].train_seg,0.3667601328629714
ablations,05_results/ablations/compression_gate/differentiated_pruning_heads/prelim_3ep/training_metrics.json,[1].train_class,0.6665644778655125
ablations,05_results/ablations/compression_gate/differentiated_pruning_heads/prelim_3ep/training_metrics.json,[1].train_vae,2.931788438100081
ablations,05_results/ablations/compression_gate/differentiated_pruning_heads/prelim_3ep/training_metrics.json,[1].train_reg,0.0
ablations,05_results/ablations/compression_gate/differentiated_pruning_heads/prelim_3ep/training_metrics.json,[1].train_consistency,0.0
ablations,05_results/ablations/compression_gate/differentiated_pruning_heads/prelim_3ep/training_metrics.json,[1].train_distill,0.0
ablations,05_results/ablations/compression_gate/differentiated_pruning_heads/prelim_3ep/training_metrics.json,[1].train_distill_map,0.0
ablations,05_results/ablations/compression_gate/differentiated_pruning_heads/prelim_3ep/training_metrics.json,[1].train_distill_score,0.0
ablations,05_results/ablations/compression_gate/differentiated_pruning_heads/prelim_3ep/training_metrics.json,[1].train_distill_feat,0.0
ablations,05_results/ablations/compression_gate/differentiated_pruning_heads/prelim_3ep/training_metrics.json,[1].val_loss,3.0288248896598815
ablations,05_results/ablations/compression_gate/differentiated_pruning_heads/prelim_3ep/training_metrics.json,[1].val_seg,0.39636711627244947
ablations,05_results/ablations/compression_gate/differentiated_pruning_heads/prelim_3ep/training_metrics.json,[1].val_class,0.6634634822607041
ablations,05_results/ablations/compression_gate/differentiated_pruning_heads/prelim_3ep/training_metrics.json,[1].val_vae,1.9689942717552185
ablations,05_results/ablations/compression_gate/differentiated_pruning_heads/prelim_3ep/training_metrics.json,[1].val_reg,0.0
ablations,05_results/ablations/compression_gate/differentiated_pruning_heads/prelim_3ep/training_metrics.json,[1].lr,0.0002461538461538462
ablations,05_results/ablations/compression_gate/differentiated_pruning_heads/prelim_3ep/training_metrics.json,[1].epoch_time_sec,84.86541748046875
ablations,05_results/ablations/compression_gate/differentiated_pruning_heads/prelim_3ep/training_metrics.json,[2].epoch,3
ablations,05_results/ablations/compression_gate/differentiated_pruning_heads/prelim_3ep/training_metrics.json,[2].train_loss,4.502960205078125
ablations,05_results/ablations/compression_gate/differentiated_pruning_heads/prelim_3ep/training_metrics.json,[2].train_seg,0.35597085631810704
ablations,05_results/ablations/compression_gate/differentiated_pruning_heads/prelim_3ep/training_metrics.json,[2].train_class,0.6643114332969372
ablations,05_results/ablations/compression_gate/differentiated_pruning_heads/prelim_3ep/training_metrics.json,[2].train_vae,3.4826779218820425
ablations,05_results/ablations/compression_gate/differentiated_pruning_heads/prelim_3ep/training_metrics.json,[2].train_reg,0.0
ablations,05_results/ablations/compression_gate/differentiated_pruning_heads/prelim_3ep/training_metrics.json,[2].train_consistency,0.0
ablations,05_results/ablations/compression_gate/differentiated_pruning_heads/prelim_3ep/training_metrics.json,[2].train_distill,0.0
ablations,05_results/ablations/compression_gate/differentiated_pruning_heads/prelim_3ep/training_metrics.json,[2].train_distill_map,0.0
ablations,05_results/ablations/compression_gate/differentiated_pruning_heads/prelim_3ep/training_metrics.json,[2].train_distill_score,0.0
ablations,05_results/ablations/compression_gate/differentiated_pruning_heads/prelim_3ep/training_metrics.json,[2].train_distill_feat,0.0
ablations,05_results/ablations/compression_gate/differentiated_pruning_heads/prelim_3ep/training_metrics.json,[2].val_loss,3.984609377384186
ablations,05_results/ablations/compression_gate/differentiated_pruning_heads/prelim_3ep/training_metrics.json,[2].val_seg,0.3529764026403427
ablations,05_results/ablations/compression_gate/differentiated_pruning_heads/prelim_3ep/training_metrics.json,[2].val_class,0.6635743021965027
ablations,05_results/ablations/compression_gate/differentiated_pruning_heads/prelim_3ep/training_metrics.json,[2].val_vae,2.968058693408966
ablations,05_results/ablations/compression_gate/differentiated_pruning_heads/prelim_3ep/training_metrics.json,[2].val_reg,0.0
ablations,05_results/ablations/compression_gate/differentiated_pruning_heads/prelim_3ep/training_metrics.json,[2].lr,0.00036923076923076927
ablations,05_results/ablations/compression_gate/differentiated_pruning_heads/prelim_3ep/training_metrics.json,[2].epoch_time_sec,85.44262456893921
ablations,05_results/ablations/compression_gate/differentiated_pruning_heads/prelim_3ep/training_summary.json,best_val_loss,2.0506011724472044
ablations,05_results/ablations/compression_gate/differentiated_pruning_heads/prelim_3ep/training_summary.json,epochs_completed,3
ablations,05_results/ablations/compression_gate/differentiated_pruning_heads/prelim_3ep/training_summary.json,early_stopping_enabled,True
ablations,05_results/ablations/compression_gate/differentiated_pruning_heads/prelim_3ep/training_summary.json,early_stopping_patience,5
ablations,05_results/ablations/compression_gate/differentiated_pruning_heads/prelim_3ep/training_summary.json,monitor,"""val_loss"""
ablations,05_results/ablations/compression_gate/differentiated_pruning_heads/prelim_3ep/training_summary.json,metrics_file,"""outputs\\compression_gate\\differentiated_pruning_heads\\prelim_3ep\\training_metrics.json"""
ablations,05_results/ablations/compression_gate/differentiated_pruning_heads/prelim_3ep/training_summary.json,val_visualizations_dir,"""outputs\\compression_gate\\differentiated_pruning_heads\\prelim_3ep\\val_visualizations"""
ablations,05_results/ablations/head_sanity_3ep/depth_pruning_heads/calibration_thresholds.json,image_threshold,0.005462878383696079
ablations,05_results/ablations/head_sanity_3ep/depth_pruning_heads/calibration_thresholds.json,pixel_threshold,0.5808787941932678
ablations,05_results/ablations/head_sanity_3ep/depth_pruning_heads/calibration_thresholds.json,val_image_f1,0.48484848062442615
ablations,05_results/ablations/head_sanity_3ep/depth_pruning_heads/calibration_thresholds.json,val_pixel_f1,0.05631120595213009
ablations,05_results/ablations/head_sanity_3ep/depth_pruning_heads/calibration_thresholds.json,calibration_mode,"""clean_only"""
ablations,05_results/ablations/head_sanity_3ep/depth_pruning_heads/training_metrics.json,[0].epoch,1
ablations,05_results/ablations/head_sanity_3ep/depth_pruning_heads/training_metrics.json,[0].train_loss,1.6993694360439593
ablations,05_results/ablations/head_sanity_3ep/depth_pruning_heads/training_metrics.json,[0].train_seg,0.6072568196516771
ablations,05_results/ablations/head_sanity_3ep/depth_pruning_heads/training_metrics.json,[0].train_class,0.7149058552888724
ablations,05_results/ablations/head_sanity_3ep/depth_pruning_heads/training_metrics.json,[0].train_vae,3.7550882027699397
ablations,05_results/ablations/head_sanity_3ep/depth_pruning_heads/training_metrics.json,[0].train_reg,0.6793117610307841
ablations,05_results/ablations/head_sanity_3ep/depth_pruning_heads/training_metrics.json,[0].train_consistency,0.0
ablations,05_results/ablations/head_sanity_3ep/depth_pruning_heads/training_metrics.json,[0].train_distill,0.0
ablations,05_results/ablations/head_sanity_3ep/depth_pruning_heads/training_metrics.json,[0].train_distill_map,0.0
ablations,05_results/ablations/head_sanity_3ep/depth_pruning_heads/training_metrics.json,[0].train_distill_score,0.0
ablations,05_results/ablations/head_sanity_3ep/depth_pruning_heads/training_metrics.json,[0].train_distill_feat,0.0
ablations,05_results/ablations/head_sanity_3ep/depth_pruning_heads/training_metrics.json,[0].val_loss,1.5777633786201477
ablations,05_results/ablations/head_sanity_3ep/depth_pruning_heads/training_metrics.json,[0].val_seg,0.5365411579608917
ablations,05_results/ablations/head_sanity_3ep/depth_pruning_heads/training_metrics.json,[0].val_class,0.6956982135772705
ablations,05_results/ablations/head_sanity_3ep/depth_pruning_heads/training_metrics.json,[0].val_vae,1.5741809964179994
ablations,05_results/ablations/head_sanity_3ep/depth_pruning_heads/training_metrics.json,[0].val_reg,0.6595644026994705
ablations,05_results/ablations/head_sanity_3ep/depth_pruning_heads/training_metrics.json,[0].lr,0.0001230769230769231
ablations,05_results/ablations/head_sanity_3ep/depth_pruning_heads/training_metrics.json,[0].epoch_time_sec,100.43834018707275
ablations,05_results/ablations/head_sanity_3ep/depth_pruning_heads/training_metrics.json,[1].epoch,2
ablations,05_results/ablations/head_sanity_3ep/depth_pruning_heads/training_metrics.json,[1].train_loss,1.5898389513675983
ablations,05_results/ablations/head_sanity_3ep/depth_pruning_heads/training_metrics.json,[1].train_seg,0.5556187125352713
ablations,05_results/ablations/head_sanity_3ep/depth_pruning_heads/training_metrics.json,[1].train_class,0.6925380660937382
ablations,05_results/ablations/head_sanity_3ep/depth_pruning_heads/training_metrics.json,[1].train_vae,3.674869738175319
ablations,05_results/ablations/head_sanity_3ep/depth_pruning_heads/training_metrics.json,[1].train_reg,0.6038438462294065
ablations,05_results/ablations/head_sanity_3ep/depth_pruning_heads/training_metrics.json,[1].train_consistency,0.03011549384548114
ablations,05_results/ablations/head_sanity_3ep/depth_pruning_heads/training_metrics.json,[1].train_distill,0.0
ablations,05_results/ablations/head_sanity_3ep/depth_pruning_heads/training_metrics.json,[1].train_distill_map,0.0
ablations,05_results/ablations/head_sanity_3ep/depth_pruning_heads/training_metrics.json,[1].train_distill_score,0.0
ablations,05_results/ablations/head_sanity_3ep/depth_pruning_heads/training_metrics.json,[1].train_distill_feat,0.0
ablations,05_results/ablations/head_sanity_3ep/depth_pruning_heads/training_metrics.json,[1].val_loss,1.6046764314174653
ablations,05_results/ablations/head_sanity_3ep/depth_pruning_heads/training_metrics.json,[1].val_seg,0.5702568352222442
ablations,05_results/ablations/head_sanity_3ep/depth_pruning_heads/training_metrics.json,[1].val_class,0.6916802614927292
ablations,05_results/ablations/head_sanity_3ep/depth_pruning_heads/training_metrics.json,[1].val_vae,2.6149633288383485
ablations,05_results/ablations/head_sanity_3ep/depth_pruning_heads/training_metrics.json,[1].val_reg,0.633179423213005
ablations,05_results/ablations/head_sanity_3ep/depth_pruning_heads/training_metrics.json,[1].lr,0.0002461538461538462
ablations,05_results/ablations/head_sanity_3ep/depth_pruning_heads/training_metrics.json,[1].epoch_time_sec,129.67120218276978
ablations,05_results/ablations/head_sanity_3ep/depth_pruning_heads/training_metrics.json,[2].epoch,3
ablations,05_results/ablations/head_sanity_3ep/depth_pruning_heads/training_metrics.json,[2].train_loss,1.5581151384573717
ablations,05_results/ablations/head_sanity_3ep/depth_pruning_heads/training_metrics.json,[2].train_seg,0.535991180401582
ablations,05_results/ablations/head_sanity_3ep/depth_pruning_heads/training_metrics.json,[2].train_class,0.6971019584399003
ablations,05_results/ablations/head_sanity_3ep/depth_pruning_heads/training_metrics.json,[2].train_vae,4.001990200923039
ablations,05_results/ablations/head_sanity_3ep/depth_pruning_heads/training_metrics.json,[2].train_reg,0.5606542018743662
ablations,05_results/ablations/head_sanity_3ep/depth_pruning_heads/training_metrics.json,[2].train_consistency,0.04675010259334857
ablations,05_results/ablations/head_sanity_3ep/depth_pruning_heads/training_metrics.json,[2].train_distill,0.0
ablations,05_results/ablations/head_sanity_3ep/depth_pruning_heads/training_metrics.json,[2].train_distill_map,0.0
ablations,05_results/ablations/head_sanity_3ep/depth_pruning_heads/training_metrics.json,[2].train_distill_score,0.0
ablations,05_results/ablations/head_sanity_3ep/depth_pruning_heads/training_metrics.json,[2].train_distill_feat,0.0
ablations,05_results/ablations/head_sanity_3ep/depth_pruning_heads/training_metrics.json,[2].val_loss,1.569336599111557
ablations,05_results/ablations/head_sanity_3ep/depth_pruning_heads/training_metrics.json,[2].val_seg,0.5421704739332199
ablations,05_results/ablations/head_sanity_3ep/depth_pruning_heads/training_metrics.json,[2].val_class,0.6943756729364395
ablations,05_results/ablations/head_sanity_3ep/depth_pruning_heads/training_metrics.json,[2].val_vae,3.182224929332733
ablations,05_results/ablations/head_sanity_3ep/depth_pruning_heads/training_metrics.json,[2].val_reg,0.6019364029169083
ablations,05_results/ablations/head_sanity_3ep/depth_pruning_heads/training_metrics.json,[2].lr,0.00036923076923076927
ablations,05_results/ablations/head_sanity_3ep/depth_pruning_heads/training_metrics.json,[2].epoch_time_sec,130.07719469070435
ablations,05_results/ablations/head_sanity_3ep/depth_pruning_heads/training_summary.json,best_val_loss,1.569336599111557
ablations,05_results/ablations/head_sanity_3ep/depth_pruning_heads/training_summary.json,epochs_completed,3
ablations,05_results/ablations/head_sanity_3ep/depth_pruning_heads/training_summary.json,early_stopping_enabled,True
ablations,05_results/ablations/head_sanity_3ep/depth_pruning_heads/training_summary.json,early_stopping_patience,5
ablations,05_results/ablations/head_sanity_3ep/depth_pruning_heads/training_summary.json,monitor,"""val_loss"""
ablations,05_results/ablations/head_sanity_3ep/depth_pruning_heads/training_summary.json,metrics_file,"""outputs\\head_sanity_3ep\\depth_pruning_heads\\training_metrics.json"""
ablations,05_results/ablations/head_sanity_3ep/depth_pruning_heads/training_summary.json,val_visualizations_dir,"""outputs\\head_sanity_3ep\\depth_pruning_heads\\val_visualizations"""
ablations,05_results/ablations/head_sanity_3ep/differentiated_pruning_heads/calibration_thresholds.json,image_threshold,0.01527421548962593
ablations,05_results/ablations/head_sanity_3ep/differentiated_pruning_heads/calibration_thresholds.json,pixel_threshold,0.8480199575424194
ablations,05_results/ablations/head_sanity_3ep/differentiated_pruning_heads/calibration_thresholds.json,val_image_f1,0.5999999950000001
ablations,05_results/ablations/head_sanity_3ep/differentiated_pruning_heads/calibration_thresholds.json,val_pixel_f1,0.12020556869742967
ablations,05_results/ablations/head_sanity_3ep/differentiated_pruning_heads/calibration_thresholds.json,calibration_mode,"""clean_only"""
ablations,05_results/ablations/head_sanity_3ep/differentiated_pruning_heads/training_metrics.json,[0].epoch,1
ablations,05_results/ablations/head_sanity_3ep/differentiated_pruning_heads/training_metrics.json,[0].train_loss,1.7355357949550336
ablations,05_results/ablations/head_sanity_3ep/differentiated_pruning_heads/training_metrics.json,[0].train_seg,0.6395327572639172
ablations,05_results/ablations/head_sanity_3ep/differentiated_pruning_heads/training_metrics.json,[0].train_class,0.7202456043316767
ablations,05_results/ablations/head_sanity_3ep/differentiated_pruning_heads/training_metrics.json,[0].train_vae,3.4469758904897247
ablations,05_results/ablations/head_sanity_3ep/differentiated_pruning_heads/training_metrics.json,[0].train_reg,0.6825753491658431
ablations,05_results/ablations/head_sanity_3ep/differentiated_pruning_heads/training_metrics.json,[0].train_consistency,0.0
ablations,05_results/ablations/head_sanity_3ep/differentiated_pruning_heads/training_metrics.json,[0].train_distill,0.0
ablations,05_results/ablations/head_sanity_3ep/differentiated_pruning_heads/training_metrics.json,[0].train_distill_map,0.0
ablations,05_results/ablations/head_sanity_3ep/differentiated_pruning_heads/training_metrics.json,[0].train_distill_score,0.0
ablations,05_results/ablations/head_sanity_3ep/differentiated_pruning_heads/training_metrics.json,[0].train_distill_feat,0.0
ablations,05_results/ablations/head_sanity_3ep/differentiated_pruning_heads/training_metrics.json,[0].val_loss,1.6276784181594848
ablations,05_results/ablations/head_sanity_3ep/differentiated_pruning_heads/training_metrics.json,[0].val_seg,0.5719422101974487
ablations,05_results/ablations/head_sanity_3ep/differentiated_pruning_heads/training_metrics.json,[0].val_class,0.7066837966442108
ablations,05_results/ablations/head_sanity_3ep/differentiated_pruning_heads/training_metrics.json,[0].val_vae,1.3495852053165436
ablations,05_results/ablations/head_sanity_3ep/differentiated_pruning_heads/training_metrics.json,[0].val_reg,0.6711131870746613
ablations,05_results/ablations/head_sanity_3ep/differentiated_pruning_heads/training_metrics.json,[0].lr,0.0001230769230769231
ablations,05_results/ablations/head_sanity_3ep/differentiated_pruning_heads/training_metrics.json,[0].epoch_time_sec,104.67004871368408
ablations,05_results/ablations/head_sanity_3ep/differentiated_pruning_heads/training_metrics.json,[1].epoch,2
ablations,05_results/ablations/head_sanity_3ep/differentiated_pruning_heads/training_metrics.json,[1].train_loss,1.5791033607262832
ablations,05_results/ablations/head_sanity_3ep/differentiated_pruning_heads/training_metrics.json,[1].train_seg,0.5397466347767756
ablations,05_results/ablations/head_sanity_3ep/differentiated_pruning_heads/training_metrics.json,[1].train_class,0.7014200261005988
ablations,05_results/ablations/head_sanity_3ep/differentiated_pruning_heads/training_metrics.json,[1].train_vae,2.6982792239922744
ablations,05_results/ablations/head_sanity_3ep/differentiated_pruning_heads/training_metrics.json,[1].train_reg,0.6193018945363852
ablations,05_results/ablations/head_sanity_3ep/differentiated_pruning_heads/training_metrics.json,[1].train_consistency,0.013029602356255054
ablations,05_results/ablations/head_sanity_3ep/differentiated_pruning_heads/training_metrics.json,[1].train_distill,0.0
ablations,05_results/ablations/head_sanity_3ep/differentiated_pruning_heads/training_metrics.json,[1].train_distill_map,0.0
ablations,05_results/ablations/head_sanity_3ep/differentiated_pruning_heads/training_metrics.json,[1].train_distill_score,0.0
ablations,05_results/ablations/head_sanity_3ep/differentiated_pruning_heads/training_metrics.json,[1].train_distill_feat,0.0
ablations,05_results/ablations/head_sanity_3ep/differentiated_pruning_heads/training_metrics.json,[1].val_loss,1.5712317943572998
ablations,05_results/ablations/head_sanity_3ep/differentiated_pruning_heads/training_metrics.json,[1].val_seg,0.5299949407577514
ablations,05_results/ablations/head_sanity_3ep/differentiated_pruning_heads/training_metrics.json,[1].val_class,0.6965519458055496
ablations,05_results/ablations/head_sanity_3ep/differentiated_pruning_heads/training_metrics.json,[1].val_vae,1.8171241343021394
ablations,05_results/ablations/head_sanity_3ep/differentiated_pruning_heads/training_metrics.json,[1].val_reg,0.6530273765325546
ablations,05_results/ablations/head_sanity_3ep/differentiated_pruning_heads/training_metrics.json,[1].lr,0.0002461538461538462
ablations,05_results/ablations/head_sanity_3ep/differentiated_pruning_heads/training_metrics.json,[1].epoch_time_sec,133.37446641921997
ablations,05_results/ablations/head_sanity_3ep/differentiated_pruning_heads/training_metrics.json,[2].epoch,3
ablations,05_results/ablations/head_sanity_3ep/differentiated_pruning_heads/training_metrics.json,[2].train_loss,1.5723579516777626
ablations,05_results/ablations/head_sanity_3ep/differentiated_pruning_heads/training_metrics.json,[2].train_seg,0.5479303240776062
ablations,05_results/ablations/head_sanity_3ep/differentiated_pruning_heads/training_metrics.json,[2].train_class,0.6938802604491894
ablations,05_results/ablations/head_sanity_3ep/differentiated_pruning_heads/training_metrics.json,[2].train_vae,3.7537396971996015
ablations,05_results/ablations/head_sanity_3ep/differentiated_pruning_heads/training_metrics.json,[2].train_reg,0.5811744836660532
ablations,05_results/ablations/head_sanity_3ep/differentiated_pruning_heads/training_metrics.json,[2].train_consistency,0.024227268463717058
ablations,05_results/ablations/head_sanity_3ep/differentiated_pruning_heads/training_metrics.json,[2].train_distill,0.0
ablations,05_results/ablations/head_sanity_3ep/differentiated_pruning_heads/training_metrics.json,[2].train_distill_map,0.0
ablations,05_results/ablations/head_sanity_3ep/differentiated_pruning_heads/training_metrics.json,[2].train_distill_score,0.0
ablations,05_results/ablations/head_sanity_3ep/differentiated_pruning_heads/training_metrics.json,[2].train_distill_feat,0.0
ablations,05_results/ablations/head_sanity_3ep/differentiated_pruning_heads/training_metrics.json,[2].val_loss,1.5883151590824127
ablations,05_results/ablations/head_sanity_3ep/differentiated_pruning_heads/training_metrics.json,[2].val_seg,0.5513478755950928
ablations,05_results/ablations/head_sanity_3ep/differentiated_pruning_heads/training_metrics.json,[2].val_class,0.6937371730804444
ablations,05_results/ablations/head_sanity_3ep/differentiated_pruning_heads/training_metrics.json,[2].val_vae,3.1341800451278687
ablations,05_results/ablations/head_sanity_3ep/differentiated_pruning_heads/training_metrics.json,[2].val_reg,0.6237766236066818
ablations,05_results/ablations/head_sanity_3ep/differentiated_pruning_heads/training_metrics.json,[2].lr,0.00036923076923076927
ablations,05_results/ablations/head_sanity_3ep/differentiated_pruning_heads/training_metrics.json,[2].epoch_time_sec,132.35557293891907
ablations,05_results/ablations/head_sanity_3ep/differentiated_pruning_heads/training_summary.json,best_val_loss,1.5712317943572998
ablations,05_results/ablations/head_sanity_3ep/differentiated_pruning_heads/training_summary.json,epochs_completed,3
ablations,05_results/ablations/head_sanity_3ep/differentiated_pruning_heads/training_summary.json,early_stopping_enabled,True
ablations,05_results/ablations/head_sanity_3ep/differentiated_pruning_heads/training_summary.json,early_stopping_patience,5
ablations,05_results/ablations/head_sanity_3ep/differentiated_pruning_heads/training_summary.json,monitor,"""val_loss"""
ablations,05_results/ablations/head_sanity_3ep/differentiated_pruning_heads/training_summary.json,metrics_file,"""outputs\\head_sanity_3ep\\differentiated_pruning_heads\\training_metrics.json"""
ablations,05_results/ablations/head_sanity_3ep/differentiated_pruning_heads/training_summary.json,val_visualizations_dir,"""outputs\\head_sanity_3ep\\differentiated_pruning_heads\\val_visualizations"""
ablations,05_results/ablations/head_sanity_3ep/lora_rank2_heads_only/calibration_thresholds.json,image_threshold,0.06473807245492935
ablations,05_results/ablations/head_sanity_3ep/lora_rank2_heads_only/calibration_thresholds.json,pixel_threshold,0.8724953532218933
ablations,05_results/ablations/head_sanity_3ep/lora_rank2_heads_only/calibration_thresholds.json,val_image_f1,0.5999999950000001
ablations,05_results/ablations/head_sanity_3ep/lora_rank2_heads_only/calibration_thresholds.json,val_pixel_f1,0.04562093977954072
ablations,05_results/ablations/head_sanity_3ep/lora_rank2_heads_only/calibration_thresholds.json,calibration_mode,"""clean_only"""
ablations,05_results/ablations/head_sanity_3ep/lora_rank2_heads_only/training_metrics.json,[0].epoch,1
ablations,05_results/ablations/head_sanity_3ep/lora_rank2_heads_only/training_metrics.json,[0].train_loss,1.8007771574533902
ablations,05_results/ablations/head_sanity_3ep/lora_rank2_heads_only/training_metrics.json,[0].train_seg,0.661412081351647
ablations,05_results/ablations/head_sanity_3ep/lora_rank2_heads_only/training_metrics.json,[0].train_class,0.7235743288810437
ablations,05_results/ablations/head_sanity_3ep/lora_rank2_heads_only/training_metrics.json,[0].train_vae,6.3543691671811615
ablations,05_results/ablations/head_sanity_3ep/lora_rank2_heads_only/training_metrics.json,[0].train_reg,0.7044941168565017
ablations,05_results/ablations/head_sanity_3ep/lora_rank2_heads_only/training_metrics.json,[0].train_consistency,0.0
ablations,05_results/ablations/head_sanity_3ep/lora_rank2_heads_only/training_metrics.json,[0].train_distill,0.0
ablations,05_results/ablations/head_sanity_3ep/lora_rank2_heads_only/training_metrics.json,[0].train_distill_map,0.0
ablations,05_results/ablations/head_sanity_3ep/lora_rank2_heads_only/training_metrics.json,[0].train_distill_score,0.0
ablations,05_results/ablations/head_sanity_3ep/lora_rank2_heads_only/training_metrics.json,[0].train_distill_feat,0.0
ablations,05_results/ablations/head_sanity_3ep/lora_rank2_heads_only/training_metrics.json,[0].val_loss,1.7694809019565583
ablations,05_results/ablations/head_sanity_3ep/lora_rank2_heads_only/training_metrics.json,[0].val_seg,0.6387319475412369
ablations,05_results/ablations/head_sanity_3ep/lora_rank2_heads_only/training_metrics.json,[0].val_class,0.7172537803649902
ablations,05_results/ablations/head_sanity_3ep/lora_rank2_heads_only/training_metrics.json,[0].val_vae,6.235978841781616
ablations,05_results/ablations/head_sanity_3ep/lora_rank2_heads_only/training_metrics.json,[0].val_reg,0.7022707641124726
ablations,05_results/ablations/head_sanity_3ep/lora_rank2_heads_only/training_metrics.json,[0].lr,0.0001230769230769231
ablations,05_results/ablations/head_sanity_3ep/lora_rank2_heads_only/training_metrics.json,[0].epoch_time_sec,106.16343212127686
ablations,05_results/ablations/head_sanity_3ep/lora_rank2_heads_only/training_metrics.json,[1].epoch,2
ablations,05_results/ablations/head_sanity_3ep/lora_rank2_heads_only/training_metrics.json,[1].train_loss,1.7561165562042824
ablations,05_results/ablations/head_sanity_3ep/lora_rank2_heads_only/training_metrics.json,[1].train_seg,0.6286462811323312
ablations,05_results/ablations/head_sanity_3ep/lora_rank2_heads_only/training_metrics.json,[1].train_class,0.7184948756144597
ablations,05_results/ablations/head_sanity_3ep/lora_rank2_heads_only/training_metrics.json,[1].train_vae,6.049438935059768
ablations,05_results/ablations/head_sanity_3ep/lora_rank2_heads_only/training_metrics.json,[1].train_reg,0.6942531324349916
ablations,05_results/ablations/head_sanity_3ep/lora_rank2_heads_only/training_metrics.json,[1].train_consistency,0.013544536496584231
ablations,05_results/ablations/head_sanity_3ep/lora_rank2_heads_only/training_metrics.json,[1].train_distill,0.0
ablations,05_results/ablations/head_sanity_3ep/lora_rank2_heads_only/training_metrics.json,[1].train_distill_map,0.0
ablations,05_results/ablations/head_sanity_3ep/lora_rank2_heads_only/training_metrics.json,[1].train_distill_score,0.0
ablations,05_results/ablations/head_sanity_3ep/lora_rank2_heads_only/training_metrics.json,[1].train_distill_feat,0.0
ablations,05_results/ablations/head_sanity_3ep/lora_rank2_heads_only/training_metrics.json,[1].val_loss,1.7347452640533447
ablations,05_results/ablations/head_sanity_3ep/lora_rank2_heads_only/training_metrics.json,[1].val_seg,0.6147089302539825
ablations,05_results/ablations/head_sanity_3ep/lora_rank2_heads_only/training_metrics.json,[1].val_class,0.7137646347284317
ablations,05_results/ablations/head_sanity_3ep/lora_rank2_heads_only/training_metrics.json,[1].val_vae,5.9221985816955565
ablations,05_results/ablations/head_sanity_3ep/lora_rank2_heads_only/training_metrics.json,[1].val_reg,0.6940994471311569
ablations,05_results/ablations/head_sanity_3ep/lora_rank2_heads_only/training_metrics.json,[1].lr,0.0002461538461538462
ablations,05_results/ablations/head_sanity_3ep/lora_rank2_heads_only/training_metrics.json,[1].epoch_time_sec,137.3959047794342
ablations,05_results/ablations/head_sanity_3ep/lora_rank2_heads_only/training_metrics.json,[2].epoch,3
ablations,05_results/ablations/head_sanity_3ep/lora_rank2_heads_only/training_metrics.json,[2].train_loss,1.707274580001831
ablations,05_results/ablations/head_sanity_3ep/lora_rank2_heads_only/training_metrics.json,[2].train_seg,0.59638910981325
ablations,05_results/ablations/head_sanity_3ep/lora_rank2_heads_only/training_metrics.json,[2].train_class,0.713165166744819
ablations,05_results/ablations/head_sanity_3ep/lora_rank2_heads_only/training_metrics.json,[2].train_vae,5.535828902171208
ablations,05_results/ablations/head_sanity_3ep/lora_rank2_heads_only/training_metrics.json,[2].train_reg,0.6821779599556557
ablations,05_results/ablations/head_sanity_3ep/lora_rank2_heads_only/training_metrics.json,[2].train_consistency,0.01273025658268195
ablations,05_results/ablations/head_sanity_3ep/lora_rank2_heads_only/training_metrics.json,[2].train_distill,0.0
ablations,05_results/ablations/head_sanity_3ep/lora_rank2_heads_only/training_metrics.json,[2].train_distill_map,0.0
ablations,05_results/ablations/head_sanity_3ep/lora_rank2_heads_only/training_metrics.json,[2].train_distill_score,0.0
ablations,05_results/ablations/head_sanity_3ep/lora_rank2_heads_only/training_metrics.json,[2].train_distill_feat,0.0
ablations,05_results/ablations/head_sanity_3ep/lora_rank2_heads_only/training_metrics.json,[2].val_loss,1.6800508201122284
ablations,05_results/ablations/head_sanity_3ep/lora_rank2_heads_only/training_metrics.json,[2].val_seg,0.5808240741491317
ablations,05_results/ablations/head_sanity_3ep/lora_rank2_heads_only/training_metrics.json,[2].val_class,0.708105155825615
ablations,05_results/ablations/head_sanity_3ep/lora_rank2_heads_only/training_metrics.json,[2].val_vae,5.212247443199158
ablations,05_results/ablations/head_sanity_3ep/lora_rank2_heads_only/training_metrics.json,[2].val_reg,0.6779982596635818
ablations,05_results/ablations/head_sanity_3ep/lora_rank2_heads_only/training_metrics.json,[2].lr,0.00036923076923076927
ablations,05_results/ablations/head_sanity_3ep/lora_rank2_heads_only/training_metrics.json,[2].epoch_time_sec,136.65803790092468
ablations,05_results/ablations/head_sanity_3ep/lora_rank2_heads_only/training_summary.json,best_val_loss,1.6800508201122284
ablations,05_results/ablations/head_sanity_3ep/lora_rank2_heads_only/training_summary.json,epochs_completed,3
ablations,05_results/ablations/head_sanity_3ep/lora_rank2_heads_only/training_summary.json,early_stopping_enabled,True
ablations,05_results/ablations/head_sanity_3ep/lora_rank2_heads_only/training_summary.json,early_stopping_patience,5
ablations,05_results/ablations/head_sanity_3ep/lora_rank2_heads_only/training_summary.json,monitor,"""val_loss"""
ablations,05_results/ablations/head_sanity_3ep/lora_rank2_heads_only/training_summary.json,metrics_file,"""outputs\\head_sanity_3ep\\lora_rank2_heads_only\\training_metrics.json"""
ablations,05_results/ablations/head_sanity_3ep/lora_rank2_heads_only/training_summary.json,val_visualizations_dir,"""outputs\\head_sanity_3ep\\lora_rank2_heads_only\\val_visualizations"""
ablations,05_results/ablations/head_sanity_3ep/sanity_summary.json,base_config,"""configs/default.yaml"""
ablations,05_results/ablations/head_sanity_3ep/sanity_summary.json,data_root,"""data/cable_resplit/cable"""
ablations,05_results/ablations/head_sanity_3ep/sanity_summary.json,epochs,3
ablations,05_results/ablations/head_sanity_3ep/sanity_summary.json,seed,42
ablations,05_results/ablations/head_sanity_3ep/sanity_summary.json,variants.width_pruning_heads.run_dir,"""outputs\\head_sanity_3ep\\width_pruning_heads"""
ablations,05_results/ablations/head_sanity_3ep/sanity_summary.json,variants.width_pruning_heads.has_best_checkpoint,True
ablations,05_results/ablations/head_sanity_3ep/sanity_summary.json,variants.width_pruning_heads.has_training_summary,True
ablations,05_results/ablations/head_sanity_3ep/sanity_summary.json,variants.width_pruning_heads.has_training_metrics,True
ablations,05_results/ablations/head_sanity_3ep/sanity_summary.json,variants.width_pruning_heads.best_val_loss,1.5813373982906342
ablations,05_results/ablations/head_sanity_3ep/sanity_summary.json,variants.width_pruning_heads.epochs_completed,3
ablations,05_results/ablations/head_sanity_3ep/sanity_summary.json,variants.width_pruning_heads.run_status,"""ok"""
ablations,05_results/ablations/head_sanity_3ep/sanity_summary.json,variants.depth_pruning_heads.run_dir,"""outputs\\head_sanity_3ep\\depth_pruning_heads"""
ablations,05_results/ablations/head_sanity_3ep/sanity_summary.json,variants.depth_pruning_heads.has_best_checkpoint,True
ablations,05_results/ablations/head_sanity_3ep/sanity_summary.json,variants.depth_pruning_heads.has_training_summary,True
ablations,05_results/ablations/head_sanity_3ep/sanity_summary.json,variants.depth_pruning_heads.has_training_metrics,True
ablations,05_results/ablations/head_sanity_3ep/sanity_summary.json,variants.depth_pruning_heads.best_val_loss,1.569336599111557
ablations,05_results/ablations/head_sanity_3ep/sanity_summary.json,variants.depth_pruning_heads.epochs_completed,3
ablations,05_results/ablations/head_sanity_3ep/sanity_summary.json,variants.depth_pruning_heads.run_status,"""ok"""
ablations,05_results/ablations/head_sanity_3ep/sanity_summary.json,variants.differentiated_pruning_heads.run_dir,"""outputs\\head_sanity_3ep\\differentiated_pruning_heads"""
ablations,05_results/ablations/head_sanity_3ep/sanity_summary.json,variants.differentiated_pruning_heads.has_best_checkpoint,True
ablations,05_results/ablations/head_sanity_3ep/sanity_summary.json,variants.differentiated_pruning_heads.has_training_summary,True
ablations,05_results/ablations/head_sanity_3ep/sanity_summary.json,variants.differentiated_pruning_heads.has_training_metrics,True
ablations,05_results/ablations/head_sanity_3ep/sanity_summary.json,variants.differentiated_pruning_heads.best_val_loss,1.5712317943572998
ablations,05_results/ablations/head_sanity_3ep/sanity_summary.json,variants.differentiated_pruning_heads.epochs_completed,3
ablations,05_results/ablations/head_sanity_3ep/sanity_summary.json,variants.differentiated_pruning_heads.run_status,"""ok"""
ablations,05_results/ablations/head_sanity_3ep/sanity_summary.json,variants.lora_rank2_heads_only.run_dir,"""outputs\\head_sanity_3ep\\lora_rank2_heads_only"""
ablations,05_results/ablations/head_sanity_3ep/sanity_summary.json,variants.lora_rank2_heads_only.has_best_checkpoint,True
ablations,05_results/ablations/head_sanity_3ep/sanity_summary.json,variants.lora_rank2_heads_only.has_training_summary,True
ablations,05_results/ablations/head_sanity_3ep/sanity_summary.json,variants.lora_rank2_heads_only.has_training_metrics,True
ablations,05_results/ablations/head_sanity_3ep/sanity_summary.json,variants.lora_rank2_heads_only.best_val_loss,1.6800508201122284
ablations,05_results/ablations/head_sanity_3ep/sanity_summary.json,variants.lora_rank2_heads_only.epochs_completed,3
ablations,05_results/ablations/head_sanity_3ep/sanity_summary.json,variants.lora_rank2_heads_only.run_status,"""ok"""
ablations,05_results/ablations/head_sanity_3ep/width_pruning_heads/calibration_thresholds.json,image_threshold,0.010050956159830093
ablations,05_results/ablations/head_sanity_3ep/width_pruning_heads/calibration_thresholds.json,pixel_threshold,0.8730463981628418
ablations,05_results/ablations/head_sanity_3ep/width_pruning_heads/calibration_thresholds.json,val_image_f1,0.6666666616780046
ablations,05_results/ablations/head_sanity_3ep/width_pruning_heads/calibration_thresholds.json,val_pixel_f1,0.061665810128488464
ablations,05_results/ablations/head_sanity_3ep/width_pruning_heads/calibration_thresholds.json,calibration_mode,"""clean_only"""
ablations,05_results/ablations/head_sanity_3ep/width_pruning_heads/training_metrics.json,[0].epoch,1
ablations,05_results/ablations/head_sanity_3ep/width_pruning_heads/training_metrics.json,[0].train_loss,1.72772735448984
ablations,05_results/ablations/head_sanity_3ep/width_pruning_heads/training_metrics.json,[0].train_seg,0.6352648290304037
ablations,05_results/ablations/head_sanity_3ep/width_pruning_heads/training_metrics.json,[0].train_class,0.7196890771389007
ablations,05_results/ablations/head_sanity_3ep/width_pruning_heads/training_metrics.json,[0].train_vae,2.9357151618370643
ablations,05_results/ablations/head_sanity_3ep/width_pruning_heads/training_metrics.json,[0].train_reg,0.6868325921205374
ablations,05_results/ablations/head_sanity_3ep/width_pruning_heads/training_metrics.json,[0].train_consistency,0.0
ablations,05_results/ablations/head_sanity_3ep/width_pruning_heads/training_metrics.json,[0].train_distill,0.0
ablations,05_results/ablations/head_sanity_3ep/width_pruning_heads/training_metrics.json,[0].train_distill_map,0.0
ablations,05_results/ablations/head_sanity_3ep/width_pruning_heads/training_metrics.json,[0].train_distill_score,0.0
ablations,05_results/ablations/head_sanity_3ep/width_pruning_heads/training_metrics.json,[0].train_distill_feat,0.0
ablations,05_results/ablations/head_sanity_3ep/width_pruning_heads/training_metrics.json,[0].val_loss,1.6144731163978576
ablations,05_results/ablations/head_sanity_3ep/width_pruning_heads/training_metrics.json,[0].val_seg,0.5575181990861893
ablations,05_results/ablations/head_sanity_3ep/width_pruning_heads/training_metrics.json,[0].val_class,0.7047512620687485
ablations,05_results/ablations/head_sanity_3ep/width_pruning_heads/training_metrics.json,[0].val_vae,1.2110912322998046
ablations,05_results/ablations/head_sanity_3ep/width_pruning_heads/training_metrics.json,[0].val_reg,0.6801854521036148
ablations,05_results/ablations/head_sanity_3ep/width_pruning_heads/training_metrics.json,[0].lr,0.0001230769230769231
ablations,05_results/ablations/head_sanity_3ep/width_pruning_heads/training_metrics.json,[0].epoch_time_sec,105.78259539604187
ablations,05_results/ablations/head_sanity_3ep/width_pruning_heads/training_metrics.json,[1].epoch,2
ablations,05_results/ablations/head_sanity_3ep/width_pruning_heads/training_metrics.json,[1].train_loss,1.5739347467055687
ablations,05_results/ablations/head_sanity_3ep/width_pruning_heads/training_metrics.json,[1].train_seg,0.532410399730389
ablations,05_results/ablations/head_sanity_3ep/width_pruning_heads/training_metrics.json,[1].train_class,0.6985793563035818
ablations,05_results/ablations/head_sanity_3ep/width_pruning_heads/training_metrics.json,[1].train_vae,2.8083192568558912
ablations,05_results/ablations/head_sanity_3ep/width_pruning_heads/training_metrics.json,[1].train_reg,0.6267360746860504
ablations,05_results/ablations/head_sanity_3ep/width_pruning_heads/training_metrics.json,[1].train_consistency,0.014937578141689301
ablations,05_results/ablations/head_sanity_3ep/width_pruning_heads/training_metrics.json,[1].train_distill,0.0
ablations,05_results/ablations/head_sanity_3ep/width_pruning_heads/training_metrics.json,[1].train_distill_map,0.0
ablations,05_results/ablations/head_sanity_3ep/width_pruning_heads/training_metrics.json,[1].train_distill_score,0.0
ablations,05_results/ablations/head_sanity_3ep/width_pruning_heads/training_metrics.json,[1].train_distill_feat,0.0
ablations,05_results/ablations/head_sanity_3ep/width_pruning_heads/training_metrics.json,[1].val_loss,1.5813373982906342
ablations,05_results/ablations/head_sanity_3ep/width_pruning_heads/training_metrics.json,[1].val_seg,0.5360403478145599
ablations,05_results/ablations/head_sanity_3ep/width_pruning_heads/training_metrics.json,[1].val_class,0.6953066140413284
ablations,05_results/ablations/head_sanity_3ep/width_pruning_heads/training_metrics.json,[1].val_vae,1.9495712339878082
ablations,05_results/ablations/head_sanity_3ep/width_pruning_heads/training_metrics.json,[1].val_reg,0.6609894752502441
ablations,05_results/ablations/head_sanity_3ep/width_pruning_heads/training_metrics.json,[1].lr,0.0002461538461538462
ablations,05_results/ablations/head_sanity_3ep/width_pruning_heads/training_metrics.json,[1].epoch_time_sec,135.3847804069519
ablations,05_results/ablations/head_sanity_3ep/width_pruning_heads/training_metrics.json,[2].epoch,3
ablations,05_results/ablations/head_sanity_3ep/width_pruning_heads/training_metrics.json,[2].train_loss,1.5588743035609907
ablations,05_results/ablations/head_sanity_3ep/width_pruning_heads/training_metrics.json,[2].train_seg,0.5291666388511658
ablations,05_results/ablations/head_sanity_3ep/width_pruning_heads/training_metrics.json,[2].train_class,0.6974935737939981
ablations,05_results/ablations/head_sanity_3ep/width_pruning_heads/training_metrics.json,[2].train_vae,3.2052835455307593
ablations,05_results/ablations/head_sanity_3ep/width_pruning_heads/training_metrics.json,[2].train_reg,0.5955208021860856
ablations,05_results/ablations/head_sanity_3ep/width_pruning_heads/training_metrics.json,[2].train_consistency,0.024008523085369514
ablations,05_results/ablations/head_sanity_3ep/width_pruning_heads/training_metrics.json,[2].train_distill,0.0
ablations,05_results/ablations/head_sanity_3ep/width_pruning_heads/training_metrics.json,[2].train_distill_map,0.0
ablations,05_results/ablations/head_sanity_3ep/width_pruning_heads/training_metrics.json,[2].train_distill_score,0.0
ablations,05_results/ablations/head_sanity_3ep/width_pruning_heads/training_metrics.json,[2].train_distill_feat,0.0
ablations,05_results/ablations/head_sanity_3ep/width_pruning_heads/training_metrics.json,[2].val_loss,1.5896907925605774
ablations,05_results/ablations/head_sanity_3ep/width_pruning_heads/training_metrics.json,[2].val_seg,0.5369945794343949
ablations,05_results/ablations/head_sanity_3ep/width_pruning_heads/training_metrics.json,[2].val_class,0.7002241671085357
ablations,05_results/ablations/head_sanity_3ep/width_pruning_heads/training_metrics.json,[2].val_vae,2.5898220539093018
ablations,05_results/ablations/head_sanity_3ep/width_pruning_heads/training_metrics.json,[2].val_reg,0.6531476438045501
ablations,05_results/ablations/head_sanity_3ep/width_pruning_heads/training_metrics.json,[2].lr,0.00036923076923076927
ablations,05_results/ablations/head_sanity_3ep/width_pruning_heads/training_metrics.json,[2].epoch_time_sec,135.5530731678009
ablations,05_results/ablations/head_sanity_3ep/width_pruning_heads/training_summary.json,best_val_loss,1.5813373982906342
ablations,05_results/ablations/head_sanity_3ep/width_pruning_heads/training_summary.json,epochs_completed,3
ablations,05_results/ablations/head_sanity_3ep/width_pruning_heads/training_summary.json,early_stopping_enabled,True
ablations,05_results/ablations/head_sanity_3ep/width_pruning_heads/training_summary.json,early_stopping_patience,5
ablations,05_results/ablations/head_sanity_3ep/width_pruning_heads/training_summary.json,monitor,"""val_loss"""
ablations,05_results/ablations/head_sanity_3ep/width_pruning_heads/training_summary.json,metrics_file,"""outputs\\head_sanity_3ep\\width_pruning_heads\\training_metrics.json"""
ablations,05_results/ablations/head_sanity_3ep/width_pruning_heads/training_summary.json,val_visualizations_dir,"""outputs\\head_sanity_3ep\\width_pruning_heads\\val_visualizations"""
ablations,05_results/ablations/llm_prompt_tests/baseline/caption_finetune_summary.json,enabled,False
ablations,05_results/ablations/llm_prompt_tests/baseline/caption_finetune_summary.json,skipped,True
ablations,05_results/ablations/llm_prompt_tests/baseline/caption_finetune_summary.json,reason,"""disabled"""
ablations,05_results/ablations/llm_prompt_tests/llm_compression/caption_finetune_summary.json,enabled,False
ablations,05_results/ablations/llm_prompt_tests/llm_compression/caption_finetune_summary.json,skipped,True
ablations,05_results/ablations/llm_prompt_tests/llm_compression/caption_finetune_summary.json,reason,"""disabled"""
ablations,05_results/ablations/llm_prompt_tests/llm_prompt_test_summary.json,config,"""configs/default.yaml"""
ablations,05_results/ablations/llm_prompt_tests/llm_prompt_test_summary.json,checkpoint,"""outputs/run21_resplit_15es/best_model.pth"""
ablations,05_results/ablations/llm_prompt_tests/llm_prompt_test_summary.json,data_root,"""data/cable_resplit/cable"""
ablations,05_results/ablations/llm_prompt_tests/llm_prompt_test_summary.json,num_vis_samples,3
ablations,05_results/ablations/llm_prompt_tests/llm_prompt_test_summary.json,variants.baseline.variant,"""baseline"""
ablations,05_results/ablations/llm_prompt_tests/llm_prompt_test_summary.json,variants.baseline.run_dir,"""outputs\\llm_prompt_tests\\baseline"""
ablations,05_results/ablations/llm_prompt_tests/llm_prompt_test_summary.json,variants.baseline.elapsed_sec,26.695
ablations,05_results/ablations/llm_prompt_tests/llm_prompt_test_summary.json,variants.baseline.visualizations_png,3
ablations,05_results/ablations/llm_prompt_tests/llm_prompt_test_summary.json,variants.baseline.captions_txt,3
ablations,05_results/ablations/llm_prompt_tests/llm_prompt_test_summary.json,variants.baseline.caption_finetune_summary.enabled,False
ablations,05_results/ablations/llm_prompt_tests/llm_prompt_test_summary.json,variants.baseline.caption_finetune_summary.skipped,True
ablations,05_results/ablations/llm_prompt_tests/llm_prompt_test_summary.json,variants.baseline.caption_finetune_summary.reason,"""disabled"""
ablations,05_results/ablations/llm_prompt_tests/llm_prompt_test_summary.json,variants.llm_compression.variant,"""llm_compression"""
ablations,05_results/ablations/llm_prompt_tests/llm_prompt_test_summary.json,variants.llm_compression.flags[0],"""--caption_text_int8"""
ablations,05_results/ablations/llm_prompt_tests/llm_prompt_test_summary.json,variants.llm_compression.run_dir,"""outputs\\llm_prompt_tests\\llm_compression"""
ablations,05_results/ablations/llm_prompt_tests/llm_prompt_test_summary.json,variants.llm_compression.elapsed_sec,29.595
ablations,05_results/ablations/llm_prompt_tests/llm_prompt_test_summary.json,variants.llm_compression.visualizations_png,3
ablations,05_results/ablations/llm_prompt_tests/llm_prompt_test_summary.json,variants.llm_compression.captions_txt,3
ablations,05_results/ablations/llm_prompt_tests/llm_prompt_test_summary.json,variants.llm_compression.caption_finetune_summary.enabled,False
ablations,05_results/ablations/llm_prompt_tests/llm_prompt_test_summary.json,variants.llm_compression.caption_finetune_summary.skipped,True
ablations,05_results/ablations/llm_prompt_tests/llm_prompt_test_summary.json,variants.llm_compression.caption_finetune_summary.reason,"""disabled"""
ablations,05_results/ablations/llm_prompt_tests/llm_prompt_test_summary.json,variants.prompt_improvement.variant,"""prompt_improvement"""
ablations,05_results/ablations/llm_prompt_tests/llm_prompt_test_summary.json,variants.prompt_improvement.flags[0],"""--caption_finetune"""
ablations,05_results/ablations/llm_prompt_tests/llm_prompt_test_summary.json,variants.prompt_improvement.run_dir,"""outputs\\llm_prompt_tests\\prompt_improvement"""
ablations,05_results/ablations/llm_prompt_tests/llm_prompt_test_summary.json,variants.prompt_improvement.elapsed_sec,268.434
ablations,05_results/ablations/llm_prompt_tests/llm_prompt_test_summary.json,variants.prompt_improvement.visualizations_png,3
ablations,05_results/ablations/llm_prompt_tests/llm_prompt_test_summary.json,variants.prompt_improvement.captions_txt,3
ablations,05_results/ablations/llm_prompt_tests/llm_prompt_test_summary.json,variants.prompt_improvement.caption_finetune_summary.enabled,True
ablations,05_results/ablations/llm_prompt_tests/llm_prompt_test_summary.json,variants.prompt_improvement.caption_finetune_summary.skipped,False
ablations,05_results/ablations/llm_prompt_tests/llm_prompt_test_summary.json,variants.prompt_improvement.caption_finetune_summary.records,96
ablations,05_results/ablations/llm_prompt_tests/llm_prompt_test_summary.json,variants.prompt_improvement.caption_finetune_summary.epochs,1
ablations,05_results/ablations/llm_prompt_tests/llm_prompt_test_summary.json,variants.prompt_improvement.caption_finetune_summary.batch_size,4
ablations,05_results/ablations/llm_prompt_tests/llm_prompt_test_summary.json,variants.prompt_improvement.caption_finetune_summary.lr,2e-05
ablations,05_results/ablations/llm_prompt_tests/llm_prompt_test_summary.json,variants.prompt_improvement.caption_finetune_summary.epoch_losses[0],0.9671755272041386
ablations,05_results/ablations/llm_prompt_tests/prompt_improvement/caption_finetune_summary.json,enabled,True
ablations,05_results/ablations/llm_prompt_tests/prompt_improvement/caption_finetune_summary.json,skipped,False
ablations,05_results/ablations/llm_prompt_tests/prompt_improvement/caption_finetune_summary.json,records,96
ablations,05_results/ablations/llm_prompt_tests/prompt_improvement/caption_finetune_summary.json,epochs,1
ablations,05_results/ablations/llm_prompt_tests/prompt_improvement/caption_finetune_summary.json,batch_size,4
ablations,05_results/ablations/llm_prompt_tests/prompt_improvement/caption_finetune_summary.json,lr,2e-05
ablations,05_results/ablations/llm_prompt_tests/prompt_improvement/caption_finetune_summary.json,epoch_losses[0],0.9671755272041386
ablations,05_results/ablations/noise_ap_pro_prelim_3ep/configs/manifest.json,v1_consistency_mild.config,"""outputs/noise_ap_pro_prelim_3ep/configs/v1_consistency_mild.yaml"""
ablations,05_results/ablations/noise_ap_pro_prelim_3ep/configs/manifest.json,v1_consistency_mild.override.training.epochs,3
ablations,05_results/ablations/noise_ap_pro_prelim_3ep/configs/manifest.json,v1_consistency_mild.override.training.consistency.enabled,True
ablations,05_results/ablations/noise_ap_pro_prelim_3ep/configs/manifest.json,v1_consistency_mild.override.training.consistency.lambda,0.07
ablations,05_results/ablations/noise_ap_pro_prelim_3ep/configs/manifest.json,v1_consistency_mild.override.training.consistency.noise_std,0.03
ablations,05_results/ablations/noise_ap_pro_prelim_3ep/configs/manifest.json,v1_consistency_mild.override.training.consistency.every_n_steps,2
ablations,05_results/ablations/noise_ap_pro_prelim_3ep/configs/manifest.json,v1_consistency_mild.override.training.consistency.start_epoch,1
ablations,05_results/ablations/noise_ap_pro_prelim_3ep/configs/manifest.json,v1_consistency_mild.override.training.augment.hflip,True
ablations,05_results/ablations/noise_ap_pro_prelim_3ep/configs/manifest.json,v1_consistency_mild.override.training.augment.color_jitter,0.1
ablations,05_results/ablations/noise_ap_pro_prelim_3ep/configs/manifest.json,v1_consistency_mild.override.training.augment.sharpness_p,0.1
ablations,05_results/ablations/noise_ap_pro_prelim_3ep/configs/manifest.json,v1_consistency_mild.override.training.augment.blur_p,0.15
ablations,05_results/ablations/noise_ap_pro_prelim_3ep/configs/manifest.json,v1_consistency_mild.override.training.augment.blur_sigma[0],0.1
ablations,05_results/ablations/noise_ap_pro_prelim_3ep/configs/manifest.json,v1_consistency_mild.override.training.augment.blur_sigma[1],1.0
ablations,05_results/ablations/noise_ap_pro_prelim_3ep/configs/manifest.json,v1_consistency_mild.override.training.augment.noise_std,0.03
ablations,05_results/ablations/noise_ap_pro_prelim_3ep/configs/manifest.json,v1_consistency_mild.override.training.augment.noise_p,0.35
ablations,05_results/ablations/noise_ap_pro_prelim_3ep/configs/manifest.json,v2_consistency_prolite.config,"""outputs/noise_ap_pro_prelim_3ep/configs/v2_consistency_prolite.yaml"""
ablations,05_results/ablations/noise_ap_pro_prelim_3ep/configs/manifest.json,v2_consistency_prolite.override.training.epochs,3
ablations,05_results/ablations/noise_ap_pro_prelim_3ep/configs/manifest.json,v2_consistency_prolite.override.training.consistency.enabled,True
ablations,05_results/ablations/noise_ap_pro_prelim_3ep/configs/manifest.json,v2_consistency_prolite.override.training.consistency.lambda,0.07
ablations,05_results/ablations/noise_ap_pro_prelim_3ep/configs/manifest.json,v2_consistency_prolite.override.training.consistency.noise_std,0.03
ablations,05_results/ablations/noise_ap_pro_prelim_3ep/configs/manifest.json,v2_consistency_prolite.override.training.consistency.every_n_steps,2
ablations,05_results/ablations/noise_ap_pro_prelim_3ep/configs/manifest.json,v2_consistency_prolite.override.training.consistency.start_epoch,1
ablations,05_results/ablations/noise_ap_pro_prelim_3ep/configs/manifest.json,v2_consistency_prolite.override.training.augment.hflip,True
ablations,05_results/ablations/noise_ap_pro_prelim_3ep/configs/manifest.json,v2_consistency_prolite.override.training.augment.color_jitter,0.1
ablations,05_results/ablations/noise_ap_pro_prelim_3ep/configs/manifest.json,v2_consistency_prolite.override.training.augment.sharpness_p,0.1
ablations,05_results/ablations/noise_ap_pro_prelim_3ep/configs/manifest.json,v2_consistency_prolite.override.training.augment.blur_p,0.15
ablations,05_results/ablations/noise_ap_pro_prelim_3ep/configs/manifest.json,v2_consistency_prolite.override.training.augment.blur_sigma[0],0.1
ablations,05_results/ablations/noise_ap_pro_prelim_3ep/configs/manifest.json,v2_consistency_prolite.override.training.augment.blur_sigma[1],1.0
ablations,05_results/ablations/noise_ap_pro_prelim_3ep/configs/manifest.json,v2_consistency_prolite.override.training.augment.noise_std,0.03
ablations,05_results/ablations/noise_ap_pro_prelim_3ep/configs/manifest.json,v2_consistency_prolite.override.training.augment.noise_p,0.35
ablations,05_results/ablations/noise_ap_pro_prelim_3ep/configs/manifest.json,v2_consistency_prolite.override.loss.dice_weight,0.1
ablations,05_results/ablations/noise_ap_pro_prelim_3ep/configs/manifest.json,v2_consistency_prolite.override.loss.lambda_pro,0.03
ablations,05_results/ablations/noise_ap_pro_prelim_3ep/configs/manifest.json,v2_consistency_prolite.override.loss.pro_fpr_target,0.08
ablations,05_results/ablations/noise_ap_pro_prelim_3ep/configs/manifest.json,v2_consistency_prolite.override.loss.pro_fpr_penalty,2.0
ablations,05_results/ablations/noise_ap_pro_prelim_3ep/configs/manifest.json,v3_consistency_prolite_entropy.config,"""outputs/noise_ap_pro_prelim_3ep/configs/v3_consistency_prolite_entropy.yaml"""
ablations,05_results/ablations/noise_ap_pro_prelim_3ep/configs/manifest.json,v3_consistency_prolite_entropy.override.training.epochs,3
ablations,05_results/ablations/noise_ap_pro_prelim_3ep/configs/manifest.json,v3_consistency_prolite_entropy.override.training.consistency.enabled,True
ablations,05_results/ablations/noise_ap_pro_prelim_3ep/configs/manifest.json,v3_consistency_prolite_entropy.override.training.consistency.lambda,0.07
ablations,05_results/ablations/noise_ap_pro_prelim_3ep/configs/manifest.json,v3_consistency_prolite_entropy.override.training.consistency.noise_std,0.03
ablations,05_results/ablations/noise_ap_pro_prelim_3ep/configs/manifest.json,v3_consistency_prolite_entropy.override.training.consistency.every_n_steps,2
ablations,05_results/ablations/noise_ap_pro_prelim_3ep/configs/manifest.json,v3_consistency_prolite_entropy.override.training.consistency.start_epoch,1
ablations,05_results/ablations/noise_ap_pro_prelim_3ep/configs/manifest.json,v3_consistency_prolite_entropy.override.training.augment.hflip,True
ablations,05_results/ablations/noise_ap_pro_prelim_3ep/configs/manifest.json,v3_consistency_prolite_entropy.override.training.augment.color_jitter,0.1
ablations,05_results/ablations/noise_ap_pro_prelim_3ep/configs/manifest.json,v3_consistency_prolite_entropy.override.training.augment.sharpness_p,0.1
ablations,05_results/ablations/noise_ap_pro_prelim_3ep/configs/manifest.json,v3_consistency_prolite_entropy.override.training.augment.blur_p,0.15
ablations,05_results/ablations/noise_ap_pro_prelim_3ep/configs/manifest.json,v3_consistency_prolite_entropy.override.training.augment.blur_sigma[0],0.1
ablations,05_results/ablations/noise_ap_pro_prelim_3ep/configs/manifest.json,v3_consistency_prolite_entropy.override.training.augment.blur_sigma[1],1.0
ablations,05_results/ablations/noise_ap_pro_prelim_3ep/configs/manifest.json,v3_consistency_prolite_entropy.override.training.augment.noise_std,0.03
ablations,05_results/ablations/noise_ap_pro_prelim_3ep/configs/manifest.json,v3_consistency_prolite_entropy.override.training.augment.noise_p,0.35
ablations,05_results/ablations/noise_ap_pro_prelim_3ep/configs/manifest.json,v3_consistency_prolite_entropy.override.loss.dice_weight,0.1
ablations,05_results/ablations/noise_ap_pro_prelim_3ep/configs/manifest.json,v3_consistency_prolite_entropy.override.loss.lambda_pro,0.03
ablations,05_results/ablations/noise_ap_pro_prelim_3ep/configs/manifest.json,v3_consistency_prolite_entropy.override.loss.pro_fpr_target,0.08
ablations,05_results/ablations/noise_ap_pro_prelim_3ep/configs/manifest.json,v3_consistency_prolite_entropy.override.loss.pro_fpr_penalty,2.0
ablations,05_results/ablations/noise_ap_pro_prelim_3ep/configs/manifest.json,v3_consistency_prolite_entropy.override.vtam.entropy_aware,True
ablations,05_results/ablations/noise_ap_pro_prelim_3ep/configs/manifest.json,v3_consistency_prolite_entropy.override.vtam.gamma_min,0.3
ablations,05_results/ablations/noise_ap_pro_prelim_3ep/configs/manifest.json,v3_consistency_prolite_entropy.override.vtam.gamma_max,0.7
ablations,05_results/ablations/noise_ap_pro_prelim_3ep/configs/manifest.json,v3_consistency_prolite_entropy.override.vtam.local_quantile,0.99
ablations,05_results/ablations/noise_ap_pro_prelim_3ep/configs/manifest.json,v3_consistency_prolite_entropy.override.vtam.gamma_hidden,16
ablations,05_results/ablations/noise_ap_pro_prelim_3ep/prelim_comparison_to_run21.json,baseline_run,"""run21_resplit_15es"""
ablations,05_results/ablations/noise_ap_pro_prelim_3ep/prelim_comparison_to_run21.json,baseline_noisy.image_ap,81.33140933140935
ablations,05_results/ablations/noise_ap_pro_prelim_3ep/prelim_comparison_to_run21.json,baseline_noisy.pixel_pro,58.26781925065566
ablations,05_results/ablations/noise_ap_pro_prelim_3ep/prelim_comparison_to_run21.json,gate,"""candidate_noisy_image_ap > baseline_noisy_image_ap AND candidate_noisy_pixel_pro > baseline_noisy_pixel_pro"""
ablations,05_results/ablations/noise_ap_pro_prelim_3ep/prelim_comparison_to_run21.json,variants.v1_consistency_mild.noisy_image_ap,29.729634530998304
ablations,05_results/ablations/noise_ap_pro_prelim_3ep/prelim_comparison_to_run21.json,variants.v1_consistency_mild.noisy_pixel_pro,51.980230523375184
ablations,05_results/ablations/noise_ap_pro_prelim_3ep/prelim_comparison_to_run21.json,variants.v1_consistency_mild.delta_vs_run21_noisy_image_ap,-51.60177480041104
ablations,05_results/ablations/noise_ap_pro_prelim_3ep/prelim_comparison_to_run21.json,variants.v1_consistency_mild.delta_vs_run21_noisy_pixel_pro,-6.287588727280479
ablations,05_results/ablations/noise_ap_pro_prelim_3ep/prelim_comparison_to_run21.json,variants.v1_consistency_mild.promote_to_full_training,False
ablations,05_results/ablations/noise_ap_pro_prelim_3ep/prelim_comparison_to_run21.json,variants.v2_consistency_prolite.noisy_image_ap,27.263581692192005
ablations,05_results/ablations/noise_ap_pro_prelim_3ep/prelim_comparison_to_run21.json,variants.v2_consistency_prolite.noisy_pixel_pro,52.07581404872712
ablations,05_results/ablations/noise_ap_pro_prelim_3ep/prelim_comparison_to_run21.json,variants.v2_consistency_prolite.delta_vs_run21_noisy_image_ap,-54.06782763921734
ablations,05_results/ablations/noise_ap_pro_prelim_3ep/prelim_comparison_to_run21.json,variants.v2_consistency_prolite.delta_vs_run21_noisy_pixel_pro,-6.192005201928545
ablations,05_results/ablations/noise_ap_pro_prelim_3ep/prelim_comparison_to_run21.json,variants.v2_consistency_prolite.promote_to_full_training,False
ablations,05_results/ablations/noise_ap_pro_prelim_3ep/prelim_comparison_to_run21.json,variants.v3_consistency_prolite_entropy.noisy_image_ap,27.86635150606732
ablations,05_results/ablations/noise_ap_pro_prelim_3ep/prelim_comparison_to_run21.json,variants.v3_consistency_prolite_entropy.noisy_pixel_pro,44.87588573485281
ablations,05_results/ablations/noise_ap_pro_prelim_3ep/prelim_comparison_to_run21.json,variants.v3_consistency_prolite_entropy.delta_vs_run21_noisy_image_ap,-53.46505782534203
ablations,05_results/ablations/noise_ap_pro_prelim_3ep/prelim_comparison_to_run21.json,variants.v3_consistency_prolite_entropy.delta_vs_run21_noisy_pixel_pro,-13.391933515802855
ablations,05_results/ablations/noise_ap_pro_prelim_3ep/prelim_comparison_to_run21.json,variants.v3_consistency_prolite_entropy.promote_to_full_training,False
ablations,05_results/ablations/noise_ap_pro_prelim_3ep/prelim_comparison_to_run21.json,auto_promote,
ablations,05_results/ablations/noise_ap_pro_prelim_3ep/v1_consistency_mild/eval_results/results.json,per_category.cable.image_level.auroc,52.38095238095237
ablations,05_results/ablations/noise_ap_pro_prelim_3ep/v1_consistency_mild/eval_results/results.json,per_category.cable.image_level.f1_max,42.85714236734694
ablations,05_results/ablations/noise_ap_pro_prelim_3ep/v1_consistency_mild/eval_results/results.json,per_category.cable.image_level.ap,28.861152607575825
ablations,05_results/ablations/noise_ap_pro_prelim_3ep/v1_consistency_mild/eval_results/results.json,per_category.cable.pixel_level.auroc,84.98751253509236
ablations,05_results/ablations/noise_ap_pro_prelim_3ep/v1_consistency_mild/eval_results/results.json,per_category.cable.pixel_level.pro,48.060695224568676
ablations,05_results/ablations/noise_ap_pro_prelim_3ep/v1_consistency_mild/eval_results/results.json,per_category.cable.pixel_level.ap,3.331173595723484
ablations,05_results/ablations/noise_ap_pro_prelim_3ep/v1_consistency_mild/eval_results/results.json,per_category.cable.n_samples,74
ablations,05_results/ablations/noise_ap_pro_prelim_3ep/v1_consistency_mild/eval_results/results.json,per_category.cable.n_anomalous,18
ablations,05_results/ablations/noise_ap_pro_prelim_3ep/v1_consistency_mild/eval_results/results.json,overall.image_level.auroc,52.38095238095237
ablations,05_results/ablations/noise_ap_pro_prelim_3ep/v1_consistency_mild/eval_results/results.json,overall.image_level.f1_max,42.85714236734694
ablations,05_results/ablations/noise_ap_pro_prelim_3ep/v1_consistency_mild/eval_results/results.json,overall.image_level.ap,28.861152607575825
ablations,05_results/ablations/noise_ap_pro_prelim_3ep/v1_consistency_mild/eval_results/results.json,overall.pixel_level.auroc,84.98751253509236
ablations,05_results/ablations/noise_ap_pro_prelim_3ep/v1_consistency_mild/eval_results/results.json,overall.pixel_level.pro,48.060695224568676
ablations,05_results/ablations/noise_ap_pro_prelim_3ep/v1_consistency_mild/eval_results/results.json,overall.pixel_level.ap,3.331173595723484
ablations,05_results/ablations/noise_ap_pro_prelim_3ep/v1_consistency_mild/eval_results/results.json,overall.n_samples,74
ablations,05_results/ablations/noise_ap_pro_prelim_3ep/v1_consistency_mild/noise_eval/noise_results.json,overall.image_level.auroc,52.083333333333336
ablations,05_results/ablations/noise_ap_pro_prelim_3ep/v1_consistency_mild/noise_eval/noise_results.json,overall.image_level.f1_max,40.7407402962963
ablations,05_results/ablations/noise_ap_pro_prelim_3ep/v1_consistency_mild/noise_eval/noise_results.json,overall.image_level.ap,29.729634530998304
ablations,05_results/ablations/noise_ap_pro_prelim_3ep/v1_consistency_mild/noise_eval/noise_results.json,overall.pixel_level.auroc,84.643380049618
ablations,05_results/ablations/noise_ap_pro_prelim_3ep/v1_consistency_mild/noise_eval/noise_results.json,overall.pixel_level.pro,51.980230523375184
ablations,05_results/ablations/noise_ap_pro_prelim_3ep/v1_consistency_mild/noise_eval/noise_results.json,overall.pixel_level.ap,3.2125036954941537
ablations,05_results/ablations/noise_ap_pro_prelim_3ep/v1_consistency_mild/noise_eval/noise_results.json,overall.n_samples,74
ablations,05_results/ablations/noise_ap_pro_prelim_3ep/v1_consistency_mild/noise_eval/robustness_report.json,clean.image_level.auroc,52.38095238095237
ablations,05_results/ablations/noise_ap_pro_prelim_3ep/v1_consistency_mild/noise_eval/robustness_report.json,clean.image_level.f1_max,42.85714236734694
ablations,05_results/ablations/noise_ap_pro_prelim_3ep/v1_consistency_mild/noise_eval/robustness_report.json,clean.image_level.ap,28.861152607575825
ablations,05_results/ablations/noise_ap_pro_prelim_3ep/v1_consistency_mild/noise_eval/robustness_report.json,clean.pixel_level.auroc,84.98751253509236
ablations,05_results/ablations/noise_ap_pro_prelim_3ep/v1_consistency_mild/noise_eval/robustness_report.json,clean.pixel_level.pro,48.060695224568676
ablations,05_results/ablations/noise_ap_pro_prelim_3ep/v1_consistency_mild/noise_eval/robustness_report.json,clean.pixel_level.ap,3.331173595723484
ablations,05_results/ablations/noise_ap_pro_prelim_3ep/v1_consistency_mild/noise_eval/robustness_report.json,clean.n_samples,74
ablations,05_results/ablations/noise_ap_pro_prelim_3ep/v1_consistency_mild/noise_eval/robustness_report.json,noisy.image_level.auroc,52.083333333333336
ablations,05_results/ablations/noise_ap_pro_prelim_3ep/v1_consistency_mild/noise_eval/robustness_report.json,noisy.image_level.f1_max,40.7407402962963
ablations,05_results/ablations/noise_ap_pro_prelim_3ep/v1_consistency_mild/noise_eval/robustness_report.json,noisy.image_level.ap,29.729634530998304
ablations,05_results/ablations/noise_ap_pro_prelim_3ep/v1_consistency_mild/noise_eval/robustness_report.json,noisy.pixel_level.auroc,84.643380049618
ablations,05_results/ablations/noise_ap_pro_prelim_3ep/v1_consistency_mild/noise_eval/robustness_report.json,noisy.pixel_level.pro,51.980230523375184
ablations,05_results/ablations/noise_ap_pro_prelim_3ep/v1_consistency_mild/noise_eval/robustness_report.json,noisy.pixel_level.ap,3.2125036954941537
ablations,05_results/ablations/noise_ap_pro_prelim_3ep/v1_consistency_mild/noise_eval/robustness_report.json,noisy.n_samples,74
ablations,05_results/ablations/noise_ap_pro_prelim_3ep/v1_consistency_mild/noise_eval/robustness_report.json,delta.image_auroc,-0.2976190476190368
ablations,05_results/ablations/noise_ap_pro_prelim_3ep/v1_consistency_mild/noise_eval/robustness_report.json,delta.image_f1_max,-2.1164020710506364
ablations,05_results/ablations/noise_ap_pro_prelim_3ep/v1_consistency_mild/noise_eval/robustness_report.json,delta.image_ap,0.868481923422479
ablations,05_results/ablations/noise_ap_pro_prelim_3ep/v1_consistency_mild/noise_eval/robustness_report.json,delta.pixel_auroc,-0.34413248547436126
ablations,05_results/ablations/noise_ap_pro_prelim_3ep/v1_consistency_mild/noise_eval/robustness_report.json,delta.pixel_pro,3.919535298806508
ablations,05_results/ablations/noise_ap_pro_prelim_3ep/v1_consistency_mild/noise_eval/robustness_report.json,delta.pixel_ap,-0.11866990022933033
ablations,05_results/ablations/noise_ap_pro_prelim_3ep/v1_consistency_mild/training_metrics.json,[0].epoch,1
ablations,05_results/ablations/noise_ap_pro_prelim_3ep/v1_consistency_mild/training_metrics.json,[0].train_loss,4.611997422805199
ablations,05_results/ablations/noise_ap_pro_prelim_3ep/v1_consistency_mild/training_metrics.json,[0].train_seg,0.32082301699198207
ablations,05_results/ablations/noise_ap_pro_prelim_3ep/v1_consistency_mild/training_metrics.json,[0].train_class,0.7001927348283621
ablations,05_results/ablations/noise_ap_pro_prelim_3ep/v1_consistency_mild/training_metrics.json,[0].train_vae,3.589876286800091
ablations,05_results/ablations/noise_ap_pro_prelim_3ep/v1_consistency_mild/training_metrics.json,[0].train_reg,0.0
ablations,05_results/ablations/noise_ap_pro_prelim_3ep/v1_consistency_mild/training_metrics.json,[0].train_consistency,0.01579104425528875
ablations,05_results/ablations/noise_ap_pro_prelim_3ep/v1_consistency_mild/training_metrics.json,[0].train_distill,0.0
ablations,05_results/ablations/noise_ap_pro_prelim_3ep/v1_consistency_mild/training_metrics.json,[0].train_distill_map,0.0
ablations,05_results/ablations/noise_ap_pro_prelim_3ep/v1_consistency_mild/training_metrics.json,[0].train_distill_score,0.0
ablations,05_results/ablations/noise_ap_pro_prelim_3ep/v1_consistency_mild/training_metrics.json,[0].train_distill_feat,0.0
ablations,05_results/ablations/noise_ap_pro_prelim_3ep/v1_consistency_mild/training_metrics.json,[0].val_loss,2.2562215685844422
ablations,05_results/ablations/noise_ap_pro_prelim_3ep/v1_consistency_mild/training_metrics.json,[0].val_seg,0.3237046256661415
ablations,05_results/ablations/noise_ap_pro_prelim_3ep/v1_consistency_mild/training_metrics.json,[0].val_class,0.6770920664072037
ablations,05_results/ablations/noise_ap_pro_prelim_3ep/v1_consistency_mild/training_metrics.json,[0].val_vae,1.2554248929023744
ablations,05_results/ablations/noise_ap_pro_prelim_3ep/v1_consistency_mild/training_metrics.json,[0].val_reg,0.0
ablations,05_results/ablations/noise_ap_pro_prelim_3ep/v1_consistency_mild/training_metrics.json,[0].lr,0.0001230769230769231
ablations,05_results/ablations/noise_ap_pro_prelim_3ep/v1_consistency_mild/training_metrics.json,[0].epoch_time_sec,115.90461826324463
ablations,05_results/ablations/noise_ap_pro_prelim_3ep/v1_consistency_mild/training_metrics.json,[1].epoch,2
ablations,05_results/ablations/noise_ap_pro_prelim_3ep/v1_consistency_mild/training_metrics.json,[1].train_loss,5.187781812594487
ablations,05_results/ablations/noise_ap_pro_prelim_3ep/v1_consistency_mild/training_metrics.json,[1].train_seg,0.3578746000161538
ablations,05_results/ablations/noise_ap_pro_prelim_3ep/v1_consistency_mild/training_metrics.json,[1].train_class,0.6600200359637921
ablations,05_results/ablations/noise_ap_pro_prelim_3ep/v1_consistency_mild/training_metrics.json,[1].train_vae,4.168122668449695
ablations,05_results/ablations/noise_ap_pro_prelim_3ep/v1_consistency_mild/training_metrics.json,[1].train_reg,0.0
ablations,05_results/ablations/noise_ap_pro_prelim_3ep/v1_consistency_mild/training_metrics.json,[1].train_consistency,0.02520698681473732
ablations,05_results/ablations/noise_ap_pro_prelim_3ep/v1_consistency_mild/training_metrics.json,[1].train_distill,0.0
ablations,05_results/ablations/noise_ap_pro_prelim_3ep/v1_consistency_mild/training_metrics.json,[1].train_distill_map,0.0
ablations,05_results/ablations/noise_ap_pro_prelim_3ep/v1_consistency_mild/training_metrics.json,[1].train_distill_score,0.0
ablations,05_results/ablations/noise_ap_pro_prelim_3ep/v1_consistency_mild/training_metrics.json,[1].train_distill_feat,0.0
ablations,05_results/ablations/noise_ap_pro_prelim_3ep/v1_consistency_mild/training_metrics.json,[1].val_loss,3.92384078502655
ablations,05_results/ablations/noise_ap_pro_prelim_3ep/v1_consistency_mild/training_metrics.json,[1].val_seg,0.3610151827335358
ablations,05_results/ablations/noise_ap_pro_prelim_3ep/v1_consistency_mild/training_metrics.json,[1].val_class,0.6588644653558731
ablations,05_results/ablations/noise_ap_pro_prelim_3ep/v1_consistency_mild/training_metrics.json,[1].val_vae,2.903961145877838
ablations,05_results/ablations/noise_ap_pro_prelim_3ep/v1_consistency_mild/training_metrics.json,[1].val_reg,0.0
ablations,05_results/ablations/noise_ap_pro_prelim_3ep/v1_consistency_mild/training_metrics.json,[1].lr,0.0002461538461538462
ablations,05_results/ablations/noise_ap_pro_prelim_3ep/v1_consistency_mild/training_metrics.json,[1].epoch_time_sec,116.99958276748657
ablations,05_results/ablations/noise_ap_pro_prelim_3ep/v1_consistency_mild/training_metrics.json,[2].epoch,3
ablations,05_results/ablations/noise_ap_pro_prelim_3ep/v1_consistency_mild/training_metrics.json,[2].train_loss,5.310078936356764
ablations,05_results/ablations/noise_ap_pro_prelim_3ep/v1_consistency_mild/training_metrics.json,[2].train_seg,0.32283354905935435
ablations,05_results/ablations/noise_ap_pro_prelim_3ep/v1_consistency_mild/training_metrics.json,[2].train_class,0.6751888632774353
ablations,05_results/ablations/noise_ap_pro_prelim_3ep/v1_consistency_mild/training_metrics.json,[2].train_vae,4.308270905568049
ablations,05_results/ablations/noise_ap_pro_prelim_3ep/v1_consistency_mild/training_metrics.json,[2].train_reg,0.0
ablations,05_results/ablations/noise_ap_pro_prelim_3ep/v1_consistency_mild/training_metrics.json,[2].train_consistency,0.05408003103847687
ablations,05_results/ablations/noise_ap_pro_prelim_3ep/v1_consistency_mild/training_metrics.json,[2].train_distill,0.0
ablations,05_results/ablations/noise_ap_pro_prelim_3ep/v1_consistency_mild/training_metrics.json,[2].train_distill_map,0.0
ablations,05_results/ablations/noise_ap_pro_prelim_3ep/v1_consistency_mild/training_metrics.json,[2].train_distill_score,0.0
ablations,05_results/ablations/noise_ap_pro_prelim_3ep/v1_consistency_mild/training_metrics.json,[2].train_distill_feat,0.0
ablations,05_results/ablations/noise_ap_pro_prelim_3ep/v1_consistency_mild/training_metrics.json,[2].val_loss,4.647444701194763
ablations,05_results/ablations/noise_ap_pro_prelim_3ep/v1_consistency_mild/training_metrics.json,[2].val_seg,0.3206619068980217
ablations,05_results/ablations/noise_ap_pro_prelim_3ep/v1_consistency_mild/training_metrics.json,[2].val_class,0.6711848497390747
ablations,05_results/ablations/noise_ap_pro_prelim_3ep/v1_consistency_mild/training_metrics.json,[2].val_vae,3.655597960948944
ablations,05_results/ablations/noise_ap_pro_prelim_3ep/v1_consistency_mild/training_metrics.json,[2].val_reg,0.0
ablations,05_results/ablations/noise_ap_pro_prelim_3ep/v1_consistency_mild/training_metrics.json,[2].lr,0.00036923076923076927
ablations,05_results/ablations/noise_ap_pro_prelim_3ep/v1_consistency_mild/training_metrics.json,[2].epoch_time_sec,116.92295527458191
ablations,05_results/ablations/noise_ap_pro_prelim_3ep/v1_consistency_mild/training_summary.json,best_val_loss,2.2562215685844422
ablations,05_results/ablations/noise_ap_pro_prelim_3ep/v1_consistency_mild/training_summary.json,epochs_completed,3
ablations,05_results/ablations/noise_ap_pro_prelim_3ep/v1_consistency_mild/training_summary.json,early_stopping_enabled,True
ablations,05_results/ablations/noise_ap_pro_prelim_3ep/v1_consistency_mild/training_summary.json,early_stopping_patience,5
ablations,05_results/ablations/noise_ap_pro_prelim_3ep/v1_consistency_mild/training_summary.json,monitor,"""val_loss"""
ablations,05_results/ablations/noise_ap_pro_prelim_3ep/v1_consistency_mild/training_summary.json,metrics_file,"""outputs/noise_ap_pro_prelim_3ep/v1_consistency_mild\\training_metrics.json"""
ablations,05_results/ablations/noise_ap_pro_prelim_3ep/v1_consistency_mild/training_summary.json,val_visualizations_dir,"""outputs/noise_ap_pro_prelim_3ep/v1_consistency_mild\\val_visualizations"""
ablations,05_results/ablations/noise_ap_pro_prelim_3ep/v2_consistency_prolite/eval_results/results.json,per_category.cable.image_level.auroc,46.62698412698413
ablations,05_results/ablations/noise_ap_pro_prelim_3ep/v2_consistency_prolite/eval_results/results.json,per_category.cable.image_level.f1_max,39.1304344678639
ablations,05_results/ablations/noise_ap_pro_prelim_3ep/v2_consistency_prolite/eval_results/results.json,per_category.cable.image_level.ap,26.39445106497829
ablations,05_results/ablations/noise_ap_pro_prelim_3ep/v2_consistency_prolite/eval_results/results.json,per_category.cable.pixel_level.auroc,83.20862541632013
ablations,05_results/ablations/noise_ap_pro_prelim_3ep/v2_consistency_prolite/eval_results/results.json,per_category.cable.pixel_level.pro,53.94392367223041
ablations,05_results/ablations/noise_ap_pro_prelim_3ep/v2_consistency_prolite/eval_results/results.json,per_category.cable.pixel_level.ap,3.0098601408489687
ablations,05_results/ablations/noise_ap_pro_prelim_3ep/v2_consistency_prolite/eval_results/results.json,per_category.cable.n_samples,74
ablations,05_results/ablations/noise_ap_pro_prelim_3ep/v2_consistency_prolite/eval_results/results.json,per_category.cable.n_anomalous,18
ablations,05_results/ablations/noise_ap_pro_prelim_3ep/v2_consistency_prolite/eval_results/results.json,overall.image_level.auroc,46.62698412698413
ablations,05_results/ablations/noise_ap_pro_prelim_3ep/v2_consistency_prolite/eval_results/results.json,overall.image_level.f1_max,39.1304344678639
ablations,05_results/ablations/noise_ap_pro_prelim_3ep/v2_consistency_prolite/eval_results/results.json,overall.image_level.ap,26.39445106497829
ablations,05_results/ablations/noise_ap_pro_prelim_3ep/v2_consistency_prolite/eval_results/results.json,overall.pixel_level.auroc,83.20862541632013
ablations,05_results/ablations/noise_ap_pro_prelim_3ep/v2_consistency_prolite/eval_results/results.json,overall.pixel_level.pro,53.94392367223041
ablations,05_results/ablations/noise_ap_pro_prelim_3ep/v2_consistency_prolite/eval_results/results.json,overall.pixel_level.ap,3.0098601408489687
ablations,05_results/ablations/noise_ap_pro_prelim_3ep/v2_consistency_prolite/eval_results/results.json,overall.n_samples,74
ablations,05_results/ablations/noise_ap_pro_prelim_3ep/v2_consistency_prolite/noise_eval/noise_results.json,overall.image_level.auroc,49.20634920634921
ablations,05_results/ablations/noise_ap_pro_prelim_3ep/v2_consistency_prolite/noise_eval/noise_results.json,overall.image_level.f1_max,39.560439243086584
ablations,05_results/ablations/noise_ap_pro_prelim_3ep/v2_consistency_prolite/noise_eval/noise_results.json,overall.image_level.ap,27.263581692192005
ablations,05_results/ablations/noise_ap_pro_prelim_3ep/v2_consistency_prolite/noise_eval/noise_results.json,overall.pixel_level.auroc,80.94847455430522
ablations,05_results/ablations/noise_ap_pro_prelim_3ep/v2_consistency_prolite/noise_eval/noise_results.json,overall.pixel_level.pro,52.07581404872712
ablations,05_results/ablations/noise_ap_pro_prelim_3ep/v2_consistency_prolite/noise_eval/noise_results.json,overall.pixel_level.ap,2.67393792927719
ablations,05_results/ablations/noise_ap_pro_prelim_3ep/v2_consistency_prolite/noise_eval/noise_results.json,overall.n_samples,74
ablations,05_results/ablations/noise_ap_pro_prelim_3ep/v2_consistency_prolite/noise_eval/robustness_report.json,clean.image_level.auroc,46.62698412698413
ablations,05_results/ablations/noise_ap_pro_prelim_3ep/v2_consistency_prolite/noise_eval/robustness_report.json,clean.image_level.f1_max,39.1304344678639
ablations,05_results/ablations/noise_ap_pro_prelim_3ep/v2_consistency_prolite/noise_eval/robustness_report.json,clean.image_level.ap,26.39445106497829
ablations,05_results/ablations/noise_ap_pro_prelim_3ep/v2_consistency_prolite/noise_eval/robustness_report.json,clean.pixel_level.auroc,83.20862541632013
ablations,05_results/ablations/noise_ap_pro_prelim_3ep/v2_consistency_prolite/noise_eval/robustness_report.json,clean.pixel_level.pro,53.94392367223041
ablations,05_results/ablations/noise_ap_pro_prelim_3ep/v2_consistency_prolite/noise_eval/robustness_report.json,clean.pixel_level.ap,3.0098601408489687
ablations,05_results/ablations/noise_ap_pro_prelim_3ep/v2_consistency_prolite/noise_eval/robustness_report.json,clean.n_samples,74
ablations,05_results/ablations/noise_ap_pro_prelim_3ep/v2_consistency_prolite/noise_eval/robustness_report.json,noisy.image_level.auroc,49.20634920634921
ablations,05_results/ablations/noise_ap_pro_prelim_3ep/v2_consistency_prolite/noise_eval/robustness_report.json,noisy.image_level.f1_max,39.560439243086584
ablations,05_results/ablations/noise_ap_pro_prelim_3ep/v2_consistency_prolite/noise_eval/robustness_report.json,noisy.image_level.ap,27.263581692192005
ablations,05_results/ablations/noise_ap_pro_prelim_3ep/v2_consistency_prolite/noise_eval/robustness_report.json,noisy.pixel_level.auroc,80.94847455430522
ablations,05_results/ablations/noise_ap_pro_prelim_3ep/v2_consistency_prolite/noise_eval/robustness_report.json,noisy.pixel_level.pro,52.07581404872712
ablations,05_results/ablations/noise_ap_pro_prelim_3ep/v2_consistency_prolite/noise_eval/robustness_report.json,noisy.pixel_level.ap,2.67393792927719
ablations,05_results/ablations/noise_ap_pro_prelim_3ep/v2_consistency_prolite/noise_eval/robustness_report.json,noisy.n_samples,74
ablations,05_results/ablations/noise_ap_pro_prelim_3ep/v2_consistency_prolite/noise_eval/robustness_report.json,delta.image_auroc,2.5793650793650826
ablations,05_results/ablations/noise_ap_pro_prelim_3ep/v2_consistency_prolite/noise_eval/robustness_report.json,delta.image_f1_max,0.43000477522268454
ablations,05_results/ablations/noise_ap_pro_prelim_3ep/v2_consistency_prolite/noise_eval/robustness_report.json,delta.image_ap,0.869130627213714
ablations,05_results/ablations/noise_ap_pro_prelim_3ep/v2_consistency_prolite/noise_eval/robustness_report.json,delta.pixel_auroc,-2.2601508620149104
ablations,05_results/ablations/noise_ap_pro_prelim_3ep/v2_consistency_prolite/noise_eval/robustness_report.json,delta.pixel_pro,-1.868109623503294
ablations,05_results/ablations/noise_ap_pro_prelim_3ep/v2_consistency_prolite/noise_eval/robustness_report.json,delta.pixel_ap,-0.3359222115717788
ablations,05_results/ablations/noise_ap_pro_prelim_3ep/v2_consistency_prolite/training_metrics.json,[0].epoch,1
ablations,05_results/ablations/noise_ap_pro_prelim_3ep/v2_consistency_prolite/training_metrics.json,[0].train_loss,4.3024689967815695
ablations,05_results/ablations/noise_ap_pro_prelim_3ep/v2_consistency_prolite/training_metrics.json,[0].train_seg,0.15677954130447827
ablations,05_results/ablations/noise_ap_pro_prelim_3ep/v2_consistency_prolite/training_metrics.json,[0].train_class,0.6984495479326982
ablations,05_results/ablations/noise_ap_pro_prelim_3ep/v2_consistency_prolite/training_metrics.json,[0].train_vae,3.4460902681717505
ablations,05_results/ablations/noise_ap_pro_prelim_3ep/v2_consistency_prolite/training_metrics.json,[0].train_reg,0.0
ablations,05_results/ablations/noise_ap_pro_prelim_3ep/v2_consistency_prolite/training_metrics.json,[0].train_consistency,0.016423364986593907
ablations,05_results/ablations/noise_ap_pro_prelim_3ep/v2_consistency_prolite/training_metrics.json,[0].train_distill,0.0
ablations,05_results/ablations/noise_ap_pro_prelim_3ep/v2_consistency_prolite/training_metrics.json,[0].train_distill_map,0.0
ablations,05_results/ablations/noise_ap_pro_prelim_3ep/v2_consistency_prolite/training_metrics.json,[0].train_distill_score,0.0
ablations,05_results/ablations/noise_ap_pro_prelim_3ep/v2_consistency_prolite/training_metrics.json,[0].train_distill_feat,0.0
ablations,05_results/ablations/noise_ap_pro_prelim_3ep/v2_consistency_prolite/training_metrics.json,[0].val_loss,1.9745803833007813
ablations,05_results/ablations/noise_ap_pro_prelim_3ep/v2_consistency_prolite/training_metrics.json,[0].val_seg,0.16057926714420317
ablations,05_results/ablations/noise_ap_pro_prelim_3ep/v2_consistency_prolite/training_metrics.json,[0].val_class,0.6731503725051879
ablations,05_results/ablations/noise_ap_pro_prelim_3ep/v2_consistency_prolite/training_metrics.json,[0].val_vae,1.1408507347106933
ablations,05_results/ablations/noise_ap_pro_prelim_3ep/v2_consistency_prolite/training_metrics.json,[0].val_reg,0.0
ablations,05_results/ablations/noise_ap_pro_prelim_3ep/v2_consistency_prolite/training_metrics.json,[0].lr,0.0001230769230769231
ablations,05_results/ablations/noise_ap_pro_prelim_3ep/v2_consistency_prolite/training_metrics.json,[0].epoch_time_sec,118.76635885238647
ablations,05_results/ablations/noise_ap_pro_prelim_3ep/v2_consistency_prolite/training_metrics.json,[1].epoch,2
ablations,05_results/ablations/noise_ap_pro_prelim_3ep/v2_consistency_prolite/training_metrics.json,[1].train_loss,4.819391050705543
ablations,05_results/ablations/noise_ap_pro_prelim_3ep/v2_consistency_prolite/training_metrics.json,[1].train_seg,0.15280330524994776
ablations,05_results/ablations/noise_ap_pro_prelim_3ep/v2_consistency_prolite/training_metrics.json,[1].train_class,0.6693188717732063
ablations,05_results/ablations/noise_ap_pro_prelim_3ep/v2_consistency_prolite/training_metrics.json,[1].train_vae,3.9953857531914343
ablations,05_results/ablations/noise_ap_pro_prelim_3ep/v2_consistency_prolite/training_metrics.json,[1].train_reg,0.0
ablations,05_results/ablations/noise_ap_pro_prelim_3ep/v2_consistency_prolite/training_metrics.json,[1].train_consistency,0.02690182511623089
ablations,05_results/ablations/noise_ap_pro_prelim_3ep/v2_consistency_prolite/training_metrics.json,[1].train_distill,0.0
ablations,05_results/ablations/noise_ap_pro_prelim_3ep/v2_consistency_prolite/training_metrics.json,[1].train_distill_map,0.0
ablations,05_results/ablations/noise_ap_pro_prelim_3ep/v2_consistency_prolite/training_metrics.json,[1].train_distill_score,0.0
ablations,05_results/ablations/noise_ap_pro_prelim_3ep/v2_consistency_prolite/training_metrics.json,[1].train_distill_feat,0.0
ablations,05_results/ablations/noise_ap_pro_prelim_3ep/v2_consistency_prolite/training_metrics.json,[1].val_loss,3.9869266152381897
ablations,05_results/ablations/noise_ap_pro_prelim_3ep/v2_consistency_prolite/training_metrics.json,[1].val_seg,0.1529445916414261
ablations,05_results/ablations/noise_ap_pro_prelim_3ep/v2_consistency_prolite/training_metrics.json,[1].val_class,0.6640346318483352
ablations,05_results/ablations/noise_ap_pro_prelim_3ep/v2_consistency_prolite/training_metrics.json,[1].val_vae,3.1699474096298217
ablations,05_results/ablations/noise_ap_pro_prelim_3ep/v2_consistency_prolite/training_metrics.json,[1].val_reg,0.0
ablations,05_results/ablations/noise_ap_pro_prelim_3ep/v2_consistency_prolite/training_metrics.json,[1].lr,0.0002461538461538462
ablations,05_results/ablations/noise_ap_pro_prelim_3ep/v2_consistency_prolite/training_metrics.json,[1].epoch_time_sec,118.2431390285492
ablations,05_results/ablations/noise_ap_pro_prelim_3ep/v2_consistency_prolite/training_metrics.json,[2].epoch,3
ablations,05_results/ablations/noise_ap_pro_prelim_3ep/v2_consistency_prolite/training_metrics.json,[2].train_loss,5.115264465258671
ablations,05_results/ablations/noise_ap_pro_prelim_3ep/v2_consistency_prolite/training_metrics.json,[2].train_seg,0.1687959223985672
ablations,05_results/ablations/noise_ap_pro_prelim_3ep/v2_consistency_prolite/training_metrics.json,[2].train_class,0.6671559760203728
ablations,05_results/ablations/noise_ap_pro_prelim_3ep/v2_consistency_prolite/training_metrics.json,[2].train_vae,4.275497673108028
ablations,05_results/ablations/noise_ap_pro_prelim_3ep/v2_consistency_prolite/training_metrics.json,[2].train_reg,0.0
ablations,05_results/ablations/noise_ap_pro_prelim_3ep/v2_consistency_prolite/training_metrics.json,[2].train_consistency,0.05449840185733942
ablations,05_results/ablations/noise_ap_pro_prelim_3ep/v2_consistency_prolite/training_metrics.json,[2].train_distill,0.0
ablations,05_results/ablations/noise_ap_pro_prelim_3ep/v2_consistency_prolite/training_metrics.json,[2].train_distill_map,0.0
ablations,05_results/ablations/noise_ap_pro_prelim_3ep/v2_consistency_prolite/training_metrics.json,[2].train_distill_score,0.0
ablations,05_results/ablations/noise_ap_pro_prelim_3ep/v2_consistency_prolite/training_metrics.json,[2].train_distill_feat,0.0
ablations,05_results/ablations/noise_ap_pro_prelim_3ep/v2_consistency_prolite/training_metrics.json,[2].val_loss,4.549920320510864
ablations,05_results/ablations/noise_ap_pro_prelim_3ep/v2_consistency_prolite/training_metrics.json,[2].val_seg,0.184591094404459
ablations,05_results/ablations/noise_ap_pro_prelim_3ep/v2_consistency_prolite/training_metrics.json,[2].val_class,0.6616278916597367
ablations,05_results/ablations/noise_ap_pro_prelim_3ep/v2_consistency_prolite/training_metrics.json,[2].val_vae,3.70370135307312
ablations,05_results/ablations/noise_ap_pro_prelim_3ep/v2_consistency_prolite/training_metrics.json,[2].val_reg,0.0
ablations,05_results/ablations/noise_ap_pro_prelim_3ep/v2_consistency_prolite/training_metrics.json,[2].lr,0.00036923076923076927
ablations,05_results/ablations/noise_ap_pro_prelim_3ep/v2_consistency_prolite/training_metrics.json,[2].epoch_time_sec,118.87122082710266
ablations,05_results/ablations/noise_ap_pro_prelim_3ep/v2_consistency_prolite/training_summary.json,best_val_loss,1.9745803833007813
ablations,05_results/ablations/noise_ap_pro_prelim_3ep/v2_consistency_prolite/training_summary.json,epochs_completed,3
ablations,05_results/ablations/noise_ap_pro_prelim_3ep/v2_consistency_prolite/training_summary.json,early_stopping_enabled,True
ablations,05_results/ablations/noise_ap_pro_prelim_3ep/v2_consistency_prolite/training_summary.json,early_stopping_patience,5
ablations,05_results/ablations/noise_ap_pro_prelim_3ep/v2_consistency_prolite/training_summary.json,monitor,"""val_loss"""
ablations,05_results/ablations/noise_ap_pro_prelim_3ep/v2_consistency_prolite/training_summary.json,metrics_file,"""outputs/noise_ap_pro_prelim_3ep/v2_consistency_prolite\\training_metrics.json"""
ablations,05_results/ablations/noise_ap_pro_prelim_3ep/v2_consistency_prolite/training_summary.json,val_visualizations_dir,"""outputs/noise_ap_pro_prelim_3ep/v2_consistency_prolite\\val_visualizations"""
ablations,05_results/ablations/noise_ap_pro_prelim_3ep/v3_consistency_prolite_entropy/eval_results/results.json,per_category.cable.image_level.auroc,48.80952380952381
ablations,05_results/ablations/noise_ap_pro_prelim_3ep/v3_consistency_prolite_entropy/eval_results/results.json,per_category.cable.image_level.f1_max,39.99999955966942
ablations,05_results/ablations/noise_ap_pro_prelim_3ep/v3_consistency_prolite_entropy/eval_results/results.json,per_category.cable.image_level.ap,27.70661956893841
ablations,05_results/ablations/noise_ap_pro_prelim_3ep/v3_consistency_prolite_entropy/eval_results/results.json,per_category.cable.pixel_level.auroc,84.10650061072897
ablations,05_results/ablations/noise_ap_pro_prelim_3ep/v3_consistency_prolite_entropy/eval_results/results.json,per_category.cable.pixel_level.pro,48.92664286620599
ablations,05_results/ablations/noise_ap_pro_prelim_3ep/v3_consistency_prolite_entropy/eval_results/results.json,per_category.cable.pixel_level.ap,3.282388624134148
ablations,05_results/ablations/noise_ap_pro_prelim_3ep/v3_consistency_prolite_entropy/eval_results/results.json,per_category.cable.n_samples,74
ablations,05_results/ablations/noise_ap_pro_prelim_3ep/v3_consistency_prolite_entropy/eval_results/results.json,per_category.cable.n_anomalous,18
ablations,05_results/ablations/noise_ap_pro_prelim_3ep/v3_consistency_prolite_entropy/eval_results/results.json,overall.image_level.auroc,48.80952380952381
ablations,05_results/ablations/noise_ap_pro_prelim_3ep/v3_consistency_prolite_entropy/eval_results/results.json,overall.image_level.f1_max,39.99999955966942
ablations,05_results/ablations/noise_ap_pro_prelim_3ep/v3_consistency_prolite_entropy/eval_results/results.json,overall.image_level.ap,27.70661956893841
ablations,05_results/ablations/noise_ap_pro_prelim_3ep/v3_consistency_prolite_entropy/eval_results/results.json,overall.pixel_level.auroc,84.10650061072897
ablations,05_results/ablations/noise_ap_pro_prelim_3ep/v3_consistency_prolite_entropy/eval_results/results.json,overall.pixel_level.pro,48.92664286620599
ablations,05_results/ablations/noise_ap_pro_prelim_3ep/v3_consistency_prolite_entropy/eval_results/results.json,overall.pixel_level.ap,3.282388624134148
ablations,05_results/ablations/noise_ap_pro_prelim_3ep/v3_consistency_prolite_entropy/eval_results/results.json,overall.n_samples,74
ablations,05_results/ablations/noise_ap_pro_prelim_3ep/v3_consistency_prolite_entropy/noise_eval/noise_results.json,overall.image_level.auroc,50.69444444444444
ablations,05_results/ablations/noise_ap_pro_prelim_3ep/v3_consistency_prolite_entropy/noise_eval/noise_results.json,overall.image_level.f1_max,39.560439243086584
ablations,05_results/ablations/noise_ap_pro_prelim_3ep/v3_consistency_prolite_entropy/noise_eval/noise_results.json,overall.image_level.ap,27.86635150606732
ablations,05_results/ablations/noise_ap_pro_prelim_3ep/v3_consistency_prolite_entropy/noise_eval/noise_results.json,overall.pixel_level.auroc,79.91096267902515
ablations,05_results/ablations/noise_ap_pro_prelim_3ep/v3_consistency_prolite_entropy/noise_eval/noise_results.json,overall.pixel_level.pro,44.87588573485281
ablations,05_results/ablations/noise_ap_pro_prelim_3ep/v3_consistency_prolite_entropy/noise_eval/noise_results.json,overall.pixel_level.ap,2.6214252980479755
ablations,05_results/ablations/noise_ap_pro_prelim_3ep/v3_consistency_prolite_entropy/noise_eval/noise_results.json,overall.n_samples,74
ablations,05_results/ablations/noise_ap_pro_prelim_3ep/v3_consistency_prolite_entropy/noise_eval/robustness_report.json,clean.image_level.auroc,48.80952380952381
ablations,05_results/ablations/noise_ap_pro_prelim_3ep/v3_consistency_prolite_entropy/noise_eval/robustness_report.json,clean.image_level.f1_max,39.99999955966942
ablations,05_results/ablations/noise_ap_pro_prelim_3ep/v3_consistency_prolite_entropy/noise_eval/robustness_report.json,clean.image_level.ap,27.70661956893841
ablations,05_results/ablations/noise_ap_pro_prelim_3ep/v3_consistency_prolite_entropy/noise_eval/robustness_report.json,clean.pixel_level.auroc,84.10650061072897
ablations,05_results/ablations/noise_ap_pro_prelim_3ep/v3_consistency_prolite_entropy/noise_eval/robustness_report.json,clean.pixel_level.pro,48.92664286620599
ablations,05_results/ablations/noise_ap_pro_prelim_3ep/v3_consistency_prolite_entropy/noise_eval/robustness_report.json,clean.pixel_level.ap,3.282388624134148
ablations,05_results/ablations/noise_ap_pro_prelim_3ep/v3_consistency_prolite_entropy/noise_eval/robustness_report.json,clean.n_samples,74
ablations,05_results/ablations/noise_ap_pro_prelim_3ep/v3_consistency_prolite_entropy/noise_eval/robustness_report.json,noisy.image_level.auroc,50.69444444444444
ablations,05_results/ablations/noise_ap_pro_prelim_3ep/v3_consistency_prolite_entropy/noise_eval/robustness_report.json,noisy.image_level.f1_max,39.560439243086584
ablations,05_results/ablations/noise_ap_pro_prelim_3ep/v3_consistency_prolite_entropy/noise_eval/robustness_report.json,noisy.image_level.ap,27.86635150606732
ablations,05_results/ablations/noise_ap_pro_prelim_3ep/v3_consistency_prolite_entropy/noise_eval/robustness_report.json,noisy.pixel_level.auroc,79.91096267902515
ablations,05_results/ablations/noise_ap_pro_prelim_3ep/v3_consistency_prolite_entropy/noise_eval/robustness_report.json,noisy.pixel_level.pro,44.87588573485281
ablations,05_results/ablations/noise_ap_pro_prelim_3ep/v3_consistency_prolite_entropy/noise_eval/robustness_report.json,noisy.pixel_level.ap,2.6214252980479755
ablations,05_results/ablations/noise_ap_pro_prelim_3ep/v3_consistency_prolite_entropy/noise_eval/robustness_report.json,noisy.n_samples,74
ablations,05_results/ablations/noise_ap_pro_prelim_3ep/v3_consistency_prolite_entropy/noise_eval/robustness_report.json,delta.image_auroc,1.8849206349206327
ablations,05_results/ablations/noise_ap_pro_prelim_3ep/v3_consistency_prolite_entropy/noise_eval/robustness_report.json,delta.image_f1_max,-0.4395603165828348
ablations,05_results/ablations/noise_ap_pro_prelim_3ep/v3_consistency_prolite_entropy/noise_eval/robustness_report.json,delta.image_ap,0.15973193712891032
ablations,05_results/ablations/noise_ap_pro_prelim_3ep/v3_consistency_prolite_entropy/noise_eval/robustness_report.json,delta.pixel_auroc,-4.195537931703825
ablations,05_results/ablations/noise_ap_pro_prelim_3ep/v3_consistency_prolite_entropy/noise_eval/robustness_report.json,delta.pixel_pro,-4.05075713135318
ablations,05_results/ablations/noise_ap_pro_prelim_3ep/v3_consistency_prolite_entropy/noise_eval/robustness_report.json,delta.pixel_ap,-0.6609633260861725
ablations,05_results/ablations/noise_ap_pro_prelim_3ep/v3_consistency_prolite_entropy/training_metrics.json,[0].epoch,1
ablations,05_results/ablations/noise_ap_pro_prelim_3ep/v3_consistency_prolite_entropy/training_metrics.json,[0].train_loss,4.264834053699786
ablations,05_results/ablations/noise_ap_pro_prelim_3ep/v3_consistency_prolite_entropy/training_metrics.json,[0].train_seg,0.1571997814453565
ablations,05_results/ablations/noise_ap_pro_prelim_3ep/v3_consistency_prolite_entropy/training_metrics.json,[0].train_class,0.6972959981514857
ablations,05_results/ablations/noise_ap_pro_prelim_3ep/v3_consistency_prolite_entropy/training_metrics.json,[0].train_vae,3.40917812035634
ablations,05_results/ablations/noise_ap_pro_prelim_3ep/v3_consistency_prolite_entropy/training_metrics.json,[0].train_reg,0.0
ablations,05_results/ablations/noise_ap_pro_prelim_3ep/v3_consistency_prolite_entropy/training_metrics.json,[0].train_consistency,0.016573687886389403
ablations,05_results/ablations/noise_ap_pro_prelim_3ep/v3_consistency_prolite_entropy/training_metrics.json,[0].train_distill,0.0
ablations,05_results/ablations/noise_ap_pro_prelim_3ep/v3_consistency_prolite_entropy/training_metrics.json,[0].train_distill_map,0.0
ablations,05_results/ablations/noise_ap_pro_prelim_3ep/v3_consistency_prolite_entropy/training_metrics.json,[0].train_distill_score,0.0
ablations,05_results/ablations/noise_ap_pro_prelim_3ep/v3_consistency_prolite_entropy/training_metrics.json,[0].train_distill_feat,0.0
ablations,05_results/ablations/noise_ap_pro_prelim_3ep/v3_consistency_prolite_entropy/training_metrics.json,[0].val_loss,1.9407847702503205
ablations,05_results/ablations/noise_ap_pro_prelim_3ep/v3_consistency_prolite_entropy/training_metrics.json,[0].val_seg,0.16141769289970398
ablations,05_results/ablations/noise_ap_pro_prelim_3ep/v3_consistency_prolite_entropy/training_metrics.json,[0].val_class,0.6720530092716217
ablations,05_results/ablations/noise_ap_pro_prelim_3ep/v3_consistency_prolite_entropy/training_metrics.json,[0].val_vae,1.1073140859603883
ablations,05_results/ablations/noise_ap_pro_prelim_3ep/v3_consistency_prolite_entropy/training_metrics.json,[0].val_reg,0.0
ablations,05_results/ablations/noise_ap_pro_prelim_3ep/v3_consistency_prolite_entropy/training_metrics.json,[0].lr,0.0001230769230769231
ablations,05_results/ablations/noise_ap_pro_prelim_3ep/v3_consistency_prolite_entropy/training_metrics.json,[0].epoch_time_sec,118.5440559387207
ablations,05_results/ablations/noise_ap_pro_prelim_3ep/v3_consistency_prolite_entropy/training_metrics.json,[1].epoch,2
ablations,05_results/ablations/noise_ap_pro_prelim_3ep/v3_consistency_prolite_entropy/training_metrics.json,[1].train_loss,4.86217025243319
ablations,05_results/ablations/noise_ap_pro_prelim_3ep/v3_consistency_prolite_entropy/training_metrics.json,[1].train_seg,0.17466501616514646
ablations,05_results/ablations/noise_ap_pro_prelim_3ep/v3_consistency_prolite_entropy/training_metrics.json,[1].train_class,0.6565137620155628
ablations,05_results/ablations/noise_ap_pro_prelim_3ep/v3_consistency_prolite_entropy/training_metrics.json,[1].train_vae,4.029068613969363
ablations,05_results/ablations/noise_ap_pro_prelim_3ep/v3_consistency_prolite_entropy/training_metrics.json,[1].train_reg,0.0
ablations,05_results/ablations/noise_ap_pro_prelim_3ep/v3_consistency_prolite_entropy/training_metrics.json,[1].train_consistency,0.027469245516336883
ablations,05_results/ablations/noise_ap_pro_prelim_3ep/v3_consistency_prolite_entropy/training_metrics.json,[1].train_distill,0.0
ablations,05_results/ablations/noise_ap_pro_prelim_3ep/v3_consistency_prolite_entropy/training_metrics.json,[1].train_distill_map,0.0
ablations,05_results/ablations/noise_ap_pro_prelim_3ep/v3_consistency_prolite_entropy/training_metrics.json,[1].train_distill_score,0.0
ablations,05_results/ablations/noise_ap_pro_prelim_3ep/v3_consistency_prolite_entropy/training_metrics.json,[1].train_distill_feat,0.0
ablations,05_results/ablations/noise_ap_pro_prelim_3ep/v3_consistency_prolite_entropy/training_metrics.json,[1].val_loss,4.075091850757599
ablations,05_results/ablations/noise_ap_pro_prelim_3ep/v3_consistency_prolite_entropy/training_metrics.json,[1].val_seg,0.18290178179740907
ablations,05_results/ablations/noise_ap_pro_prelim_3ep/v3_consistency_prolite_entropy/training_metrics.json,[1].val_class,0.6550847470760346
ablations,05_results/ablations/noise_ap_pro_prelim_3ep/v3_consistency_prolite_entropy/training_metrics.json,[1].val_vae,3.237105369567871
ablations,05_results/ablations/noise_ap_pro_prelim_3ep/v3_consistency_prolite_entropy/training_metrics.json,[1].val_reg,0.0
ablations,05_results/ablations/noise_ap_pro_prelim_3ep/v3_consistency_prolite_entropy/training_metrics.json,[1].lr,0.0002461538461538462
ablations,05_results/ablations/noise_ap_pro_prelim_3ep/v3_consistency_prolite_entropy/training_metrics.json,[1].epoch_time_sec,118.39695286750793
ablations,05_results/ablations/noise_ap_pro_prelim_3ep/v3_consistency_prolite_entropy/training_metrics.json,[2].epoch,3
ablations,05_results/ablations/noise_ap_pro_prelim_3ep/v3_consistency_prolite_entropy/training_metrics.json,[2].train_loss,4.842978934141306
ablations,05_results/ablations/noise_ap_pro_prelim_3ep/v3_consistency_prolite_entropy/training_metrics.json,[2].train_seg,0.15787216424942016
ablations,05_results/ablations/noise_ap_pro_prelim_3ep/v3_consistency_prolite_entropy/training_metrics.json,[2].train_class,0.6768907959644611
ablations,05_results/ablations/noise_ap_pro_prelim_3ep/v3_consistency_prolite_entropy/training_metrics.json,[2].train_vae,4.004390956805302
ablations,05_results/ablations/noise_ap_pro_prelim_3ep/v3_consistency_prolite_entropy/training_metrics.json,[2].train_reg,0.0
ablations,05_results/ablations/noise_ap_pro_prelim_3ep/v3_consistency_prolite_entropy/training_metrics.json,[2].train_consistency,0.0546431231384094
ablations,05_results/ablations/noise_ap_pro_prelim_3ep/v3_consistency_prolite_entropy/training_metrics.json,[2].train_distill,0.0
ablations,05_results/ablations/noise_ap_pro_prelim_3ep/v3_consistency_prolite_entropy/training_metrics.json,[2].train_distill_map,0.0
ablations,05_results/ablations/noise_ap_pro_prelim_3ep/v3_consistency_prolite_entropy/training_metrics.json,[2].train_distill_score,0.0
ablations,05_results/ablations/noise_ap_pro_prelim_3ep/v3_consistency_prolite_entropy/training_metrics.json,[2].train_distill_feat,0.0
ablations,05_results/ablations/noise_ap_pro_prelim_3ep/v3_consistency_prolite_entropy/training_metrics.json,[2].val_loss,4.167066359519959
ablations,05_results/ablations/noise_ap_pro_prelim_3ep/v3_consistency_prolite_entropy/training_metrics.json,[2].val_seg,0.15656348392367364
ablations,05_results/ablations/noise_ap_pro_prelim_3ep/v3_consistency_prolite_entropy/training_metrics.json,[2].val_class,0.6654293239116669
ablations,05_results/ablations/noise_ap_pro_prelim_3ep/v3_consistency_prolite_entropy/training_metrics.json,[2].val_vae,3.3450735449790954
ablations,05_results/ablations/noise_ap_pro_prelim_3ep/v3_consistency_prolite_entropy/training_metrics.json,[2].val_reg,0.0
ablations,05_results/ablations/noise_ap_pro_prelim_3ep/v3_consistency_prolite_entropy/training_metrics.json,[2].lr,0.00036923076923076927
ablations,05_results/ablations/noise_ap_pro_prelim_3ep/v3_consistency_prolite_entropy/training_metrics.json,[2].epoch_time_sec,118.5031385421753
ablations,05_results/ablations/noise_ap_pro_prelim_3ep/v3_consistency_prolite_entropy/training_summary.json,best_val_loss,1.9407847702503205
ablations,05_results/ablations/noise_ap_pro_prelim_3ep/v3_consistency_prolite_entropy/training_summary.json,epochs_completed,3
ablations,05_results/ablations/noise_ap_pro_prelim_3ep/v3_consistency_prolite_entropy/training_summary.json,early_stopping_enabled,True
ablations,05_results/ablations/noise_ap_pro_prelim_3ep/v3_consistency_prolite_entropy/training_summary.json,early_stopping_patience,5
ablations,05_results/ablations/noise_ap_pro_prelim_3ep/v3_consistency_prolite_entropy/training_summary.json,monitor,"""val_loss"""
ablations,05_results/ablations/noise_ap_pro_prelim_3ep/v3_consistency_prolite_entropy/training_summary.json,metrics_file,"""outputs/noise_ap_pro_prelim_3ep/v3_consistency_prolite_entropy\\training_metrics.json"""
ablations,05_results/ablations/noise_ap_pro_prelim_3ep/v3_consistency_prolite_entropy/training_summary.json,val_visualizations_dir,"""outputs/noise_ap_pro_prelim_3ep/v3_consistency_prolite_entropy\\val_visualizations"""
ablations,05_results/ablations/noisy_dae_3ep/dae_noisy_train/training_metrics.json,[0].epoch,1
ablations,05_results/ablations/noisy_dae_3ep/dae_noisy_train/training_metrics.json,[0].train_loss,4.500493475107047
ablations,05_results/ablations/noisy_dae_3ep/dae_noisy_train/training_metrics.json,[0].train_seg,0.31913315997673913
ablations,05_results/ablations/noisy_dae_3ep/dae_noisy_train/training_metrics.json,[0].train_class,0.7054848175782423
ablations,05_results/ablations/noisy_dae_3ep/dae_noisy_train/training_metrics.json,[0].train_vae,3.400937802058
ablations,05_results/ablations/noisy_dae_3ep/dae_noisy_train/training_metrics.json,[0].train_reg,0.0
ablations,05_results/ablations/noisy_dae_3ep/dae_noisy_train/training_metrics.json,[0].train_denoise,0.2997508087983498
ablations,05_results/ablations/noisy_dae_3ep/dae_noisy_train/training_metrics.json,[0].train_consistency,0.0
ablations,05_results/ablations/noisy_dae_3ep/dae_noisy_train/training_metrics.json,[0].train_distill,0.0
ablations,05_results/ablations/noisy_dae_3ep/dae_noisy_train/training_metrics.json,[0].train_distill_map,0.0
ablations,05_results/ablations/noisy_dae_3ep/dae_noisy_train/training_metrics.json,[0].train_distill_score,0.0
ablations,05_results/ablations/noisy_dae_3ep/dae_noisy_train/training_metrics.json,[0].train_distill_feat,0.0
ablations,05_results/ablations/noisy_dae_3ep/dae_noisy_train/training_metrics.json,[0].val_loss,2.9283326268196106
ablations,05_results/ablations/noisy_dae_3ep/dae_noisy_train/training_metrics.json,[0].val_seg,0.31405275464057925
ablations,05_results/ablations/noisy_dae_3ep/dae_noisy_train/training_metrics.json,[0].val_class,0.6992259353399277
ablations,05_results/ablations/noisy_dae_3ep/dae_noisy_train/training_metrics.json,[0].val_vae,1.9150539219379425
ablations,05_results/ablations/noisy_dae_3ep/dae_noisy_train/training_metrics.json,[0].val_reg,0.0
ablations,05_results/ablations/noisy_dae_3ep/dae_noisy_train/training_metrics.json,[0].val_denoise,0.0
ablations,05_results/ablations/noisy_dae_3ep/dae_noisy_train/training_metrics.json,[0].lr,0.0001230769230769231
ablations,05_results/ablations/noisy_dae_3ep/dae_noisy_train/training_metrics.json,[0].epoch_time_sec,86.5855360031128
ablations,05_results/ablations/noisy_dae_3ep/dae_noisy_train/training_metrics.json,[1].epoch,2
ablations,05_results/ablations/noisy_dae_3ep/dae_noisy_train/training_metrics.json,[1].train_loss,4.82809161222898
ablations,05_results/ablations/noisy_dae_3ep/dae_noisy_train/training_metrics.json,[1].train_seg,0.32779311468968025
ablations,05_results/ablations/noisy_dae_3ep/dae_noisy_train/training_metrics.json,[1].train_class,0.7151148502643292
ablations,05_results/ablations/noisy_dae_3ep/dae_noisy_train/training_metrics.json,[1].train_vae,3.7217954342181865
ablations,05_results/ablations/noisy_dae_3ep/dae_noisy_train/training_metrics.json,[1].train_reg,0.0
ablations,05_results/ablations/noisy_dae_3ep/dae_noisy_train/training_metrics.json,[1].train_denoise,0.2535527982390844
ablations,05_results/ablations/noisy_dae_3ep/dae_noisy_train/training_metrics.json,[1].train_consistency,0.0
ablations,05_results/ablations/noisy_dae_3ep/dae_noisy_train/training_metrics.json,[1].train_distill,0.0
ablations,05_results/ablations/noisy_dae_3ep/dae_noisy_train/training_metrics.json,[1].train_distill_map,0.0
ablations,05_results/ablations/noisy_dae_3ep/dae_noisy_train/training_metrics.json,[1].train_distill_score,0.0
ablations,05_results/ablations/noisy_dae_3ep/dae_noisy_train/training_metrics.json,[1].train_distill_feat,0.0
ablations,05_results/ablations/noisy_dae_3ep/dae_noisy_train/training_metrics.json,[1].val_loss,4.108397734165192
ablations,05_results/ablations/noisy_dae_3ep/dae_noisy_train/training_metrics.json,[1].val_seg,0.3613573059439659
ablations,05_results/ablations/noisy_dae_3ep/dae_noisy_train/training_metrics.json,[1].val_class,0.7181463718414307
ablations,05_results/ablations/noisy_dae_3ep/dae_noisy_train/training_metrics.json,[1].val_vae,3.028894031047821
ablations,05_results/ablations/noisy_dae_3ep/dae_noisy_train/training_metrics.json,[1].val_reg,0.0
ablations,05_results/ablations/noisy_dae_3ep/dae_noisy_train/training_metrics.json,[1].val_denoise,0.0
ablations,05_results/ablations/noisy_dae_3ep/dae_noisy_train/training_metrics.json,[1].lr,0.0002461538461538462
ablations,05_results/ablations/noisy_dae_3ep/dae_noisy_train/training_metrics.json,[1].epoch_time_sec,87.42767834663391
ablations,05_results/ablations/noisy_dae_3ep/dae_noisy_train/training_metrics.json,[2].epoch,3
ablations,05_results/ablations/noisy_dae_3ep/dae_noisy_train/training_metrics.json,[2].train_loss,5.197233110207778
ablations,05_results/ablations/noisy_dae_3ep/dae_noisy_train/training_metrics.json,[2].train_seg,0.4295995171253498
ablations,05_results/ablations/noisy_dae_3ep/dae_noisy_train/training_metrics.json,[2].train_class,0.7216631545470311
ablations,05_results/ablations/noisy_dae_3ep/dae_noisy_train/training_metrics.json,[2].train_vae,3.9872714400291445
ablations,05_results/ablations/noisy_dae_3ep/dae_noisy_train/training_metrics.json,[2].train_reg,0.0
ablations,05_results/ablations/noisy_dae_3ep/dae_noisy_train/training_metrics.json,[2].train_denoise,0.23479601270877398
ablations,05_results/ablations/noisy_dae_3ep/dae_noisy_train/training_metrics.json,[2].train_consistency,0.0
ablations,05_results/ablations/noisy_dae_3ep/dae_noisy_train/training_metrics.json,[2].train_distill,0.0
ablations,05_results/ablations/noisy_dae_3ep/dae_noisy_train/training_metrics.json,[2].train_distill_map,0.0
ablations,05_results/ablations/noisy_dae_3ep/dae_noisy_train/training_metrics.json,[2].train_distill_score,0.0
ablations,05_results/ablations/noisy_dae_3ep/dae_noisy_train/training_metrics.json,[2].train_distill_feat,0.0
ablations,05_results/ablations/noisy_dae_3ep/dae_noisy_train/training_metrics.json,[2].val_loss,4.339534449577331
ablations,05_results/ablations/noisy_dae_3ep/dae_noisy_train/training_metrics.json,[2].val_seg,0.31535294353961946
ablations,05_results/ablations/noisy_dae_3ep/dae_noisy_train/training_metrics.json,[2].val_class,0.6775200366973877
ablations,05_results/ablations/noisy_dae_3ep/dae_noisy_train/training_metrics.json,[2].val_vae,3.3466614484786987
ablations,05_results/ablations/noisy_dae_3ep/dae_noisy_train/training_metrics.json,[2].val_reg,0.0
ablations,05_results/ablations/noisy_dae_3ep/dae_noisy_train/training_metrics.json,[2].val_denoise,0.0
ablations,05_results/ablations/noisy_dae_3ep/dae_noisy_train/training_metrics.json,[2].lr,0.00036923076923076927
ablations,05_results/ablations/noisy_dae_3ep/dae_noisy_train/training_metrics.json,[2].epoch_time_sec,86.6367416381836
ablations,05_results/ablations/noisy_dae_3ep/dae_noisy_train/training_summary.json,best_val_loss,2.9283326268196106
ablations,05_results/ablations/noisy_dae_3ep/dae_noisy_train/training_summary.json,epochs_completed,3
ablations,05_results/ablations/noisy_dae_3ep/dae_noisy_train/training_summary.json,early_stopping_enabled,True
ablations,05_results/ablations/noisy_dae_3ep/dae_noisy_train/training_summary.json,early_stopping_patience,5
ablations,05_results/ablations/noisy_dae_3ep/dae_noisy_train/training_summary.json,monitor,"""val_loss"""
ablations,05_results/ablations/noisy_dae_3ep/dae_noisy_train/training_summary.json,metrics_file,"""outputs/noisy_dae_3ep/dae_noisy_train\\training_metrics.json"""
ablations,05_results/ablations/noisy_dae_3ep/dae_noisy_train/training_summary.json,val_visualizations_dir,"""outputs/noisy_dae_3ep/dae_noisy_train\\val_visualizations"""
ablations,05_results/ablations/noisy_dae_3ep/dae_noisy_train_rerun/eval_results/results.json,per_category.cable.image_level.auroc,52.87698412698413
ablations,05_results/ablations/noisy_dae_3ep/dae_noisy_train_rerun/eval_results/results.json,per_category.cable.image_level.f1_max,40.90909042561984
ablations,05_results/ablations/noisy_dae_3ep/dae_noisy_train_rerun/eval_results/results.json,per_category.cable.image_level.ap,32.052538601586036
ablations,05_results/ablations/noisy_dae_3ep/dae_noisy_train_rerun/eval_results/results.json,per_category.cable.pixel_level.auroc,79.87561304011186
ablations,05_results/ablations/noisy_dae_3ep/dae_noisy_train_rerun/eval_results/results.json,per_category.cable.pixel_level.pro,39.000062669195586
ablations,05_results/ablations/noisy_dae_3ep/dae_noisy_train_rerun/eval_results/results.json,per_category.cable.pixel_level.ap,2.5017512121048804
ablations,05_results/ablations/noisy_dae_3ep/dae_noisy_train_rerun/eval_results/results.json,per_category.cable.n_samples,74
ablations,05_results/ablations/noisy_dae_3ep/dae_noisy_train_rerun/eval_results/results.json,per_category.cable.n_anomalous,18
ablations,05_results/ablations/noisy_dae_3ep/dae_noisy_train_rerun/eval_results/results.json,overall.image_level.auroc,52.87698412698413
ablations,05_results/ablations/noisy_dae_3ep/dae_noisy_train_rerun/eval_results/results.json,overall.image_level.f1_max,40.90909042561984
ablations,05_results/ablations/noisy_dae_3ep/dae_noisy_train_rerun/eval_results/results.json,overall.image_level.ap,32.052538601586036
ablations,05_results/ablations/noisy_dae_3ep/dae_noisy_train_rerun/eval_results/results.json,overall.pixel_level.auroc,79.87561304011186
ablations,05_results/ablations/noisy_dae_3ep/dae_noisy_train_rerun/eval_results/results.json,overall.pixel_level.pro,39.000062669195586
ablations,05_results/ablations/noisy_dae_3ep/dae_noisy_train_rerun/eval_results/results.json,overall.pixel_level.ap,2.5017512121048804
ablations,05_results/ablations/noisy_dae_3ep/dae_noisy_train_rerun/eval_results/results.json,overall.n_samples,74
ablations,05_results/ablations/noisy_dae_3ep/dae_noisy_train_rerun/noise_eval/noise_results.json,overall.image_level.auroc,58.82936507936508
ablations,05_results/ablations/noisy_dae_3ep/dae_noisy_train_rerun/noise_eval/noise_results.json,overall.image_level.f1_max,43.24324274360848
ablations,05_results/ablations/noisy_dae_3ep/dae_noisy_train_rerun/noise_eval/noise_results.json,overall.image_level.ap,41.71730847621294
ablations,05_results/ablations/noisy_dae_3ep/dae_noisy_train_rerun/noise_eval/noise_results.json,overall.pixel_level.auroc,85.0455695944438
ablations,05_results/ablations/noisy_dae_3ep/dae_noisy_train_rerun/noise_eval/noise_results.json,overall.pixel_level.pro,45.718315248237886
ablations,05_results/ablations/noisy_dae_3ep/dae_noisy_train_rerun/noise_eval/noise_results.json,overall.pixel_level.ap,3.416406618787158
ablations,05_results/ablations/noisy_dae_3ep/dae_noisy_train_rerun/noise_eval/noise_results.json,overall.n_samples,74
ablations,05_results/ablations/noisy_dae_3ep/dae_noisy_train_rerun/noise_eval/robustness_report.json,clean.image_level.auroc,52.87698412698413
ablations,05_results/ablations/noisy_dae_3ep/dae_noisy_train_rerun/noise_eval/robustness_report.json,clean.image_level.f1_max,40.90909042561984
ablations,05_results/ablations/noisy_dae_3ep/dae_noisy_train_rerun/noise_eval/robustness_report.json,clean.image_level.ap,32.052538601586036
ablations,05_results/ablations/noisy_dae_3ep/dae_noisy_train_rerun/noise_eval/robustness_report.json,clean.pixel_level.auroc,79.87561304011186
ablations,05_results/ablations/noisy_dae_3ep/dae_noisy_train_rerun/noise_eval/robustness_report.json,clean.pixel_level.pro,39.000062669195586
ablations,05_results/ablations/noisy_dae_3ep/dae_noisy_train_rerun/noise_eval/robustness_report.json,clean.pixel_level.ap,2.5017512121048804
ablations,05_results/ablations/noisy_dae_3ep/dae_noisy_train_rerun/noise_eval/robustness_report.json,clean.n_samples,74
ablations,05_results/ablations/noisy_dae_3ep/dae_noisy_train_rerun/noise_eval/robustness_report.json,noisy.image_level.auroc,58.82936507936508
ablations,05_results/ablations/noisy_dae_3ep/dae_noisy_train_rerun/noise_eval/robustness_report.json,noisy.image_level.f1_max,43.24324274360848
ablations,05_results/ablations/noisy_dae_3ep/dae_noisy_train_rerun/noise_eval/robustness_report.json,noisy.image_level.ap,41.71730847621294
ablations,05_results/ablations/noisy_dae_3ep/dae_noisy_train_rerun/noise_eval/robustness_report.json,noisy.pixel_level.auroc,85.0455695944438
ablations,05_results/ablations/noisy_dae_3ep/dae_noisy_train_rerun/noise_eval/robustness_report.json,noisy.pixel_level.pro,45.718315248237886
ablations,05_results/ablations/noisy_dae_3ep/dae_noisy_train_rerun/noise_eval/robustness_report.json,noisy.pixel_level.ap,3.416406618787158
ablations,05_results/ablations/noisy_dae_3ep/dae_noisy_train_rerun/noise_eval/robustness_report.json,noisy.n_samples,74
ablations,05_results/ablations/noisy_dae_3ep/dae_noisy_train_rerun/noise_eval/robustness_report.json,delta.image_auroc,5.952380952380956
ablations,05_results/ablations/noisy_dae_3ep/dae_noisy_train_rerun/noise_eval/robustness_report.json,delta.image_f1_max,2.3341523179886394
ablations,05_results/ablations/noisy_dae_3ep/dae_noisy_train_rerun/noise_eval/robustness_report.json,delta.image_ap,9.664769874626906
ablations,05_results/ablations/noisy_dae_3ep/dae_noisy_train_rerun/noise_eval/robustness_report.json,delta.pixel_auroc,5.169956554331947
ablations,05_results/ablations/noisy_dae_3ep/dae_noisy_train_rerun/noise_eval/robustness_report.json,delta.pixel_pro,6.7182525790423
ablations,05_results/ablations/noisy_dae_3ep/dae_noisy_train_rerun/noise_eval/robustness_report.json,delta.pixel_ap,0.9146554066822774
ablations,05_results/ablations/noisy_dae_3ep/dae_noisy_train_rerun/noisy_only_comparison_to_run21_base.json,baseline,"""run21_resplit_15es"""
ablations,05_results/ablations/noisy_dae_3ep/dae_noisy_train_rerun/noisy_only_comparison_to_run21_base.json,candidate,"""noisy_dae_3ep/dae_noisy_train_rerun"""
ablations,05_results/ablations/noisy_dae_3ep/dae_noisy_train_rerun/noisy_only_comparison_to_run21_base.json,candidate_epochs,3
ablations,05_results/ablations/noisy_dae_3ep/dae_noisy_train_rerun/noisy_only_comparison_to_run21_base.json,comparison_scope,"""noisy_only"""
ablations,05_results/ablations/noisy_dae_3ep/dae_noisy_train_rerun/noisy_only_comparison_to_run21_base.json,metrics.noisy.image_auroc.baseline,87.00396825396825
ablations,05_results/ablations/noisy_dae_3ep/dae_noisy_train_rerun/noisy_only_comparison_to_run21_base.json,metrics.noisy.image_auroc.candidate,58.82936507936508
ablations,05_results/ablations/noisy_dae_3ep/dae_noisy_train_rerun/noisy_only_comparison_to_run21_base.json,metrics.noisy.image_auroc.delta,-28.17460317460317
ablations,05_results/ablations/noisy_dae_3ep/dae_noisy_train_rerun/noisy_only_comparison_to_run21_base.json,metrics.noisy.image_f1_max.baseline,75.86206849464924
ablations,05_results/ablations/noisy_dae_3ep/dae_noisy_train_rerun/noisy_only_comparison_to_run21_base.json,metrics.noisy.image_f1_max.candidate,43.24324274360848
ablations,05_results/ablations/noisy_dae_3ep/dae_noisy_train_rerun/noisy_only_comparison_to_run21_base.json,metrics.noisy.image_f1_max.delta,-32.61882575104076
ablations,05_results/ablations/noisy_dae_3ep/dae_noisy_train_rerun/noisy_only_comparison_to_run21_base.json,metrics.noisy.image_ap.baseline,81.33140933140935
ablations,05_results/ablations/noisy_dae_3ep/dae_noisy_train_rerun/noisy_only_comparison_to_run21_base.json,metrics.noisy.image_ap.candidate,41.71730847621294
ablations,05_results/ablations/noisy_dae_3ep/dae_noisy_train_rerun/noisy_only_comparison_to_run21_base.json,metrics.noisy.image_ap.delta,-39.614100855196405
ablations,05_results/ablations/noisy_dae_3ep/dae_noisy_train_rerun/noisy_only_comparison_to_run21_base.json,metrics.noisy.pixel_auroc.baseline,91.81948060451154
ablations,05_results/ablations/noisy_dae_3ep/dae_noisy_train_rerun/noisy_only_comparison_to_run21_base.json,metrics.noisy.pixel_auroc.candidate,85.0455695944438
ablations,05_results/ablations/noisy_dae_3ep/dae_noisy_train_rerun/noisy_only_comparison_to_run21_base.json,metrics.noisy.pixel_auroc.delta,-6.773911010067735
ablations,05_results/ablations/noisy_dae_3ep/dae_noisy_train_rerun/noisy_only_comparison_to_run21_base.json,metrics.noisy.pixel_pro.baseline,58.26781925065566
ablations,05_results/ablations/noisy_dae_3ep/dae_noisy_train_rerun/noisy_only_comparison_to_run21_base.json,metrics.noisy.pixel_pro.candidate,45.718315248237886
ablations,05_results/ablations/noisy_dae_3ep/dae_noisy_train_rerun/noisy_only_comparison_to_run21_base.json,metrics.noisy.pixel_pro.delta,-12.549504002417777
ablations,05_results/ablations/noisy_dae_3ep/dae_noisy_train_rerun/noisy_only_comparison_to_run21_base.json,metrics.noisy.pixel_ap.baseline,34.91051079155625
ablations,05_results/ablations/noisy_dae_3ep/dae_noisy_train_rerun/noisy_only_comparison_to_run21_base.json,metrics.noisy.pixel_ap.candidate,3.416406618787158
ablations,05_results/ablations/noisy_dae_3ep/dae_noisy_train_rerun/noisy_only_comparison_to_run21_base.json,metrics.noisy.pixel_ap.delta,-31.49410417276909
ablations,05_results/ablations/noisy_dae_3ep/dae_noisy_train_rerun/run21_epoch3_vs_dae_best_train_compare.json,run21_metrics_file,"""outputs/run21_resplit_15es/training_metrics.json"""
ablations,05_results/ablations/noisy_dae_3ep/dae_noisy_train_rerun/run21_epoch3_vs_dae_best_train_compare.json,dae_metrics_file,"""outputs/noisy_dae_3ep/dae_noisy_train_rerun/training_metrics.json"""
ablations,05_results/ablations/noisy_dae_3ep/dae_noisy_train_rerun/run21_epoch3_vs_dae_best_train_compare.json,run21_reference_epoch,3
ablations,05_results/ablations/noisy_dae_3ep/dae_noisy_train_rerun/run21_epoch3_vs_dae_best_train_compare.json,dae_best_epoch_by,"""val_loss"""
ablations,05_results/ablations/noisy_dae_3ep/dae_noisy_train_rerun/run21_epoch3_vs_dae_best_train_compare.json,dae_best_epoch,1
ablations,05_results/ablations/noisy_dae_3ep/dae_noisy_train_rerun/run21_epoch3_vs_dae_best_train_compare.json,comparison.train_loss.run21_epoch3,1.3781454508121198
ablations,05_results/ablations/noisy_dae_3ep/dae_noisy_train_rerun/run21_epoch3_vs_dae_best_train_compare.json,comparison.train_loss.dae_best_epoch,4.499567083212045
ablations,05_results/ablations/noisy_dae_3ep/dae_noisy_train_rerun/run21_epoch3_vs_dae_best_train_compare.json,comparison.train_loss.delta_dae_minus_run21,3.121421632399925
ablations,05_results/ablations/noisy_dae_3ep/dae_noisy_train_rerun/run21_epoch3_vs_dae_best_train_compare.json,comparison.train_seg.run21_epoch3,0.0177304776555572
ablations,05_results/ablations/noisy_dae_3ep/dae_noisy_train_rerun/run21_epoch3_vs_dae_best_train_compare.json,comparison.train_seg.dae_best_epoch,0.31911321649184593
ablations,05_results/ablations/noisy_dae_3ep/dae_noisy_train_rerun/run21_epoch3_vs_dae_best_train_compare.json,comparison.train_seg.delta_dae_minus_run21,0.30138273883628874
ablations,05_results/ablations/noisy_dae_3ep/dae_noisy_train_rerun/run21_epoch3_vs_dae_best_train_compare.json,comparison.train_class.run21_epoch3,0.5692218743837797
ablations,05_results/ablations/noisy_dae_3ep/dae_noisy_train_rerun/run21_epoch3_vs_dae_best_train_compare.json,comparison.train_class.dae_best_epoch,0.7054813572993646
ablations,05_results/ablations/noisy_dae_3ep/dae_noisy_train_rerun/run21_epoch3_vs_dae_best_train_compare.json,comparison.train_class.delta_dae_minus_run21,0.13625948291558487
ablations,05_results/ablations/noisy_dae_3ep/dae_noisy_train_rerun/run21_epoch3_vs_dae_best_train_compare.json,comparison.train_vae.run21_epoch3,0.7911931033317859
ablations,05_results/ablations/noisy_dae_3ep/dae_noisy_train_rerun/run21_epoch3_vs_dae_best_train_compare.json,comparison.train_vae.dae_best_epoch,3.400043283059047
ablations,05_results/ablations/noisy_dae_3ep/dae_noisy_train_rerun/run21_epoch3_vs_dae_best_train_compare.json,comparison.train_vae.delta_dae_minus_run21,2.608850179727261
ablations,05_results/ablations/noisy_dae_3ep/dae_noisy_train_rerun/run21_epoch3_vs_dae_best_train_compare.json,comparison.train_reg.run21_epoch3,0.0
ablations,05_results/ablations/noisy_dae_3ep/dae_noisy_train_rerun/run21_epoch3_vs_dae_best_train_compare.json,comparison.train_reg.dae_best_epoch,0.0
ablations,05_results/ablations/noisy_dae_3ep/dae_noisy_train_rerun/run21_epoch3_vs_dae_best_train_compare.json,comparison.train_reg.delta_dae_minus_run21,0.0
ablations,05_results/ablations/noisy_dae_3ep/dae_noisy_train_rerun/run21_epoch3_vs_dae_best_train_compare.json,comparison.val_loss.run21_epoch3,1.0225289463996887
ablations,05_results/ablations/noisy_dae_3ep/dae_noisy_train_rerun/run21_epoch3_vs_dae_best_train_compare.json,comparison.val_loss.dae_best_epoch,2.9259552717208863
ablations,05_results/ablations/noisy_dae_3ep/dae_noisy_train_rerun/run21_epoch3_vs_dae_best_train_compare.json,comparison.val_loss.delta_dae_minus_run21,1.9034263253211976
ablations,05_results/ablations/noisy_dae_3ep/dae_noisy_train_rerun/run21_epoch3_vs_dae_best_train_compare.json,comparison.val_seg.run21_epoch3,0.015383721620310098
ablations,05_results/ablations/noisy_dae_3ep/dae_noisy_train_rerun/run21_epoch3_vs_dae_best_train_compare.json,comparison.val_seg.dae_best_epoch,0.31395802050828936
ablations,05_results/ablations/noisy_dae_3ep/dae_noisy_train_rerun/run21_epoch3_vs_dae_best_train_compare.json,comparison.val_seg.delta_dae_minus_run21,0.29857429888797926
ablations,05_results/ablations/noisy_dae_3ep/dae_noisy_train_rerun/run21_epoch3_vs_dae_best_train_compare.json,comparison.val_class.run21_epoch3,0.5876377835869789
ablations,05_results/ablations/noisy_dae_3ep/dae_noisy_train_rerun/run21_epoch3_vs_dae_best_train_compare.json,comparison.val_class.dae_best_epoch,0.6988926142454147
ablations,05_results/ablations/noisy_dae_3ep/dae_noisy_train_rerun/run21_epoch3_vs_dae_best_train_compare.json,comparison.val_class.delta_dae_minus_run21,0.11125483065843578
ablations,05_results/ablations/noisy_dae_3ep/dae_noisy_train_rerun/run21_epoch3_vs_dae_best_train_compare.json,comparison.val_vae.run21_epoch3,0.4195074483752251
ablations,05_results/ablations/noisy_dae_3ep/dae_noisy_train_rerun/run21_epoch3_vs_dae_best_train_compare.json,comparison.val_vae.dae_best_epoch,1.913104659318924
ablations,05_results/ablations/noisy_dae_3ep/dae_noisy_train_rerun/run21_epoch3_vs_dae_best_train_compare.json,comparison.val_vae.delta_dae_minus_run21,1.493597210943699
ablations,05_results/ablations/noisy_dae_3ep/dae_noisy_train_rerun/run21_epoch3_vs_dae_best_train_compare.json,comparison.val_reg.run21_epoch3,0.0
ablations,05_results/ablations/noisy_dae_3ep/dae_noisy_train_rerun/run21_epoch3_vs_dae_best_train_compare.json,comparison.val_reg.dae_best_epoch,0.0
ablations,05_results/ablations/noisy_dae_3ep/dae_noisy_train_rerun/run21_epoch3_vs_dae_best_train_compare.json,comparison.val_reg.delta_dae_minus_run21,0.0
ablations,05_results/ablations/noisy_dae_3ep/dae_noisy_train_rerun/run21_epoch3_vs_dae_best_train_compare.json,comparison.lr.run21_epoch3,0.00036923076923076927
ablations,05_results/ablations/noisy_dae_3ep/dae_noisy_train_rerun/run21_epoch3_vs_dae_best_train_compare.json,comparison.lr.dae_best_epoch,0.0001230769230769231
ablations,05_results/ablations/noisy_dae_3ep/dae_noisy_train_rerun/run21_epoch3_vs_dae_best_train_compare.json,comparison.lr.delta_dae_minus_run21,-0.00024615384615384614
ablations,05_results/ablations/noisy_dae_3ep/dae_noisy_train_rerun/run21_epoch3_vs_dae_best_train_compare.json,comparison.epoch_time_sec.run21_epoch3,99.14849638938904
ablations,05_results/ablations/noisy_dae_3ep/dae_noisy_train_rerun/run21_epoch3_vs_dae_best_train_compare.json,comparison.epoch_time_sec.dae_best_epoch,90.1013514995575
ablations,05_results/ablations/noisy_dae_3ep/dae_noisy_train_rerun/run21_epoch3_vs_dae_best_train_compare.json,comparison.epoch_time_sec.delta_dae_minus_run21,-9.047144889831543
ablations,05_results/ablations/noisy_dae_3ep/dae_noisy_train_rerun/run21_epoch3_vs_dae_best_train_compare.json,comparison.train_denoise.run21_epoch3,
ablations,05_results/ablations/noisy_dae_3ep/dae_noisy_train_rerun/run21_epoch3_vs_dae_best_train_compare.json,comparison.train_denoise.dae_best_epoch,0.29971693754196166
ablations,05_results/ablations/noisy_dae_3ep/dae_noisy_train_rerun/run21_epoch3_vs_dae_best_train_compare.json,comparison.train_denoise.delta_dae_minus_run21,
ablations,05_results/ablations/noisy_dae_3ep/dae_noisy_train_rerun/run21_epoch3_vs_dae_best_train_compare.json,comparison.val_denoise.run21_epoch3,
ablations,05_results/ablations/noisy_dae_3ep/dae_noisy_train_rerun/run21_epoch3_vs_dae_best_train_compare.json,comparison.val_denoise.dae_best_epoch,0.0
ablations,05_results/ablations/noisy_dae_3ep/dae_noisy_train_rerun/run21_epoch3_vs_dae_best_train_compare.json,comparison.val_denoise.delta_dae_minus_run21,
ablations,05_results/ablations/noisy_dae_3ep/dae_noisy_train_rerun/training_metrics.json,[0].epoch,1
ablations,05_results/ablations/noisy_dae_3ep/dae_noisy_train_rerun/training_metrics.json,[0].train_loss,4.499567083212045
ablations,05_results/ablations/noisy_dae_3ep/dae_noisy_train_rerun/training_metrics.json,[0].train_seg,0.31911321649184593
ablations,05_results/ablations/noisy_dae_3ep/dae_noisy_train_rerun/training_metrics.json,[0].train_class,0.7054813572993646
ablations,05_results/ablations/noisy_dae_3ep/dae_noisy_train_rerun/training_metrics.json,[0].train_vae,3.400043283059047
ablations,05_results/ablations/noisy_dae_3ep/dae_noisy_train_rerun/training_metrics.json,[0].train_reg,0.0
ablations,05_results/ablations/noisy_dae_3ep/dae_noisy_train_rerun/training_metrics.json,[0].train_denoise,0.29971693754196166
ablations,05_results/ablations/noisy_dae_3ep/dae_noisy_train_rerun/training_metrics.json,[0].train_consistency,0.0
ablations,05_results/ablations/noisy_dae_3ep/dae_noisy_train_rerun/training_metrics.json,[0].train_distill,0.0
ablations,05_results/ablations/noisy_dae_3ep/dae_noisy_train_rerun/training_metrics.json,[0].train_distill_map,0.0
ablations,05_results/ablations/noisy_dae_3ep/dae_noisy_train_rerun/training_metrics.json,[0].train_distill_score,0.0
ablations,05_results/ablations/noisy_dae_3ep/dae_noisy_train_rerun/training_metrics.json,[0].train_distill_feat,0.0
ablations,05_results/ablations/noisy_dae_3ep/dae_noisy_train_rerun/training_metrics.json,[0].val_loss,2.9259552717208863
ablations,05_results/ablations/noisy_dae_3ep/dae_noisy_train_rerun/training_metrics.json,[0].val_seg,0.31395802050828936
ablations,05_results/ablations/noisy_dae_3ep/dae_noisy_train_rerun/training_metrics.json,[0].val_class,0.6988926142454147
ablations,05_results/ablations/noisy_dae_3ep/dae_noisy_train_rerun/training_metrics.json,[0].val_vae,1.913104659318924
ablations,05_results/ablations/noisy_dae_3ep/dae_noisy_train_rerun/training_metrics.json,[0].val_reg,0.0
ablations,05_results/ablations/noisy_dae_3ep/dae_noisy_train_rerun/training_metrics.json,[0].val_denoise,0.0
ablations,05_results/ablations/noisy_dae_3ep/dae_noisy_train_rerun/training_metrics.json,[0].lr,0.0001230769230769231
ablations,05_results/ablations/noisy_dae_3ep/dae_noisy_train_rerun/training_metrics.json,[0].epoch_time_sec,90.1013514995575
ablations,05_results/ablations/noisy_dae_3ep/dae_noisy_train_rerun/training_metrics.json,[1].epoch,2
ablations,05_results/ablations/noisy_dae_3ep/dae_noisy_train_rerun/training_metrics.json,[1].train_loss,4.941402290417598
ablations,05_results/ablations/noisy_dae_3ep/dae_noisy_train_rerun/training_metrics.json,[1].train_seg,0.3299137986623324
ablations,05_results/ablations/noisy_dae_3ep/dae_noisy_train_rerun/training_metrics.json,[1].train_class,0.7095504196790549
ablations,05_results/ablations/noisy_dae_3ep/dae_noisy_train_rerun/training_metrics.json,[1].train_vae,3.8385344276061426
ablations,05_results/ablations/noisy_dae_3ep/dae_noisy_train_rerun/training_metrics.json,[1].train_reg,0.0
ablations,05_results/ablations/noisy_dae_3ep/dae_noisy_train_rerun/training_metrics.json,[1].train_denoise,0.25361451999499246
ablations,05_results/ablations/noisy_dae_3ep/dae_noisy_train_rerun/training_metrics.json,[1].train_consistency,0.0
ablations,05_results/ablations/noisy_dae_3ep/dae_noisy_train_rerun/training_metrics.json,[1].train_distill,0.0
ablations,05_results/ablations/noisy_dae_3ep/dae_noisy_train_rerun/training_metrics.json,[1].train_distill_map,0.0
ablations,05_results/ablations/noisy_dae_3ep/dae_noisy_train_rerun/training_metrics.json,[1].train_distill_score,0.0
ablations,05_results/ablations/noisy_dae_3ep/dae_noisy_train_rerun/training_metrics.json,[1].train_distill_feat,0.0
ablations,05_results/ablations/noisy_dae_3ep/dae_noisy_train_rerun/training_metrics.json,[1].val_loss,4.346117091178894
ablations,05_results/ablations/noisy_dae_3ep/dae_noisy_train_rerun/training_metrics.json,[1].val_seg,0.31445343494415284
ablations,05_results/ablations/noisy_dae_3ep/dae_noisy_train_rerun/training_metrics.json,[1].val_class,0.6932525396347046
ablations,05_results/ablations/noisy_dae_3ep/dae_noisy_train_rerun/training_metrics.json,[1].val_vae,3.3384111285209657
ablations,05_results/ablations/noisy_dae_3ep/dae_noisy_train_rerun/training_metrics.json,[1].val_reg,0.0
ablations,05_results/ablations/noisy_dae_3ep/dae_noisy_train_rerun/training_metrics.json,[1].val_denoise,0.0
ablations,05_results/ablations/noisy_dae_3ep/dae_noisy_train_rerun/training_metrics.json,[1].lr,0.0002461538461538462
ablations,05_results/ablations/noisy_dae_3ep/dae_noisy_train_rerun/training_metrics.json,[1].epoch_time_sec,88.70691680908203
ablations,05_results/ablations/noisy_dae_3ep/dae_noisy_train_rerun/training_metrics.json,[2].epoch,3
ablations,05_results/ablations/noisy_dae_3ep/dae_noisy_train_rerun/training_metrics.json,[2].train_loss,4.918592291611891
ablations,05_results/ablations/noisy_dae_3ep/dae_noisy_train_rerun/training_metrics.json,[2].train_seg,0.31452734974714425
ablations,05_results/ablations/noisy_dae_3ep/dae_noisy_train_rerun/training_metrics.json,[2].train_class,0.6682350452129657
ablations,05_results/ablations/noisy_dae_3ep/dae_noisy_train_rerun/training_metrics.json,[2].train_vae,3.8770207175841698
ablations,05_results/ablations/noisy_dae_3ep/dae_noisy_train_rerun/training_metrics.json,[2].train_reg,0.0
ablations,05_results/ablations/noisy_dae_3ep/dae_noisy_train_rerun/training_metrics.json,[2].train_denoise,0.2352367035471476
ablations,05_results/ablations/noisy_dae_3ep/dae_noisy_train_rerun/training_metrics.json,[2].train_consistency,0.0
ablations,05_results/ablations/noisy_dae_3ep/dae_noisy_train_rerun/training_metrics.json,[2].train_distill,0.0
ablations,05_results/ablations/noisy_dae_3ep/dae_noisy_train_rerun/training_metrics.json,[2].train_distill_map,0.0
ablations,05_results/ablations/noisy_dae_3ep/dae_noisy_train_rerun/training_metrics.json,[2].train_distill_score,0.0
ablations,05_results/ablations/noisy_dae_3ep/dae_noisy_train_rerun/training_metrics.json,[2].train_distill_feat,0.0
ablations,05_results/ablations/noisy_dae_3ep/dae_noisy_train_rerun/training_metrics.json,[2].val_loss,4.206379055976868
ablations,05_results/ablations/noisy_dae_3ep/dae_noisy_train_rerun/training_metrics.json,[2].val_seg,0.32011153995990754
ablations,05_results/ablations/noisy_dae_3ep/dae_noisy_train_rerun/training_metrics.json,[2].val_class,0.6544729918241501
ablations,05_results/ablations/noisy_dae_3ep/dae_noisy_train_rerun/training_metrics.json,[2].val_vae,3.231794536113739
ablations,05_results/ablations/noisy_dae_3ep/dae_noisy_train_rerun/training_metrics.json,[2].val_reg,0.0
ablations,05_results/ablations/noisy_dae_3ep/dae_noisy_train_rerun/training_metrics.json,[2].val_denoise,0.0
ablations,05_results/ablations/noisy_dae_3ep/dae_noisy_train_rerun/training_metrics.json,[2].lr,0.00036923076923076927
ablations,05_results/ablations/noisy_dae_3ep/dae_noisy_train_rerun/training_metrics.json,[2].epoch_time_sec,89.12733840942383
ablations,05_results/ablations/noisy_dae_3ep/dae_noisy_train_rerun/training_summary.json,best_val_loss,2.9259552717208863
ablations,05_results/ablations/noisy_dae_3ep/dae_noisy_train_rerun/training_summary.json,epochs_completed,3
ablations,05_results/ablations/noisy_dae_3ep/dae_noisy_train_rerun/training_summary.json,early_stopping_enabled,True
ablations,05_results/ablations/noisy_dae_3ep/dae_noisy_train_rerun/training_summary.json,early_stopping_patience,5
ablations,05_results/ablations/noisy_dae_3ep/dae_noisy_train_rerun/training_summary.json,monitor,"""val_loss"""
ablations,05_results/ablations/noisy_dae_3ep/dae_noisy_train_rerun/training_summary.json,metrics_file,"""outputs/noisy_dae_3ep/dae_noisy_train_rerun\\training_metrics.json"""
ablations,05_results/ablations/noisy_dae_3ep/dae_noisy_train_rerun/training_summary.json,val_visualizations_dir,"""outputs/noisy_dae_3ep/dae_noisy_train_rerun\\val_visualizations"""
ablations,05_results/ablations/run15/eval_results/results.json,per_category.cable.image_level.auroc,89.65517241379311
ablations,05_results/ablations/run15/eval_results/results.json,per_category.cable.image_level.f1_max,86.40776649599397
ablations,05_results/ablations/run15/eval_results/results.json,per_category.cable.image_level.ap,93.57688221735873
ablations,05_results/ablations/run15/eval_results/results.json,per_category.cable.pixel_level.auroc,69.80651182425856
ablations,05_results/ablations/run15/eval_results/results.json,per_category.cable.pixel_level.pro,25.631528145624443
ablations,05_results/ablations/run15/eval_results/results.json,per_category.cable.pixel_level.ap,5.249328952970641
ablations,05_results/ablations/run15/eval_results/results.json,per_category.cable.n_samples,150
ablations,05_results/ablations/run15/eval_results/results.json,per_category.cable.n_anomalous,92
ablations,05_results/ablations/run15/eval_results/results.json,overall.image_level.auroc,89.65517241379311
ablations,05_results/ablations/run15/eval_results/results.json,overall.image_level.f1_max,86.40776649599397
ablations,05_results/ablations/run15/eval_results/results.json,overall.image_level.ap,93.57688221735873
ablations,05_results/ablations/run15/eval_results/results.json,overall.pixel_level.auroc,69.80651182425856
ablations,05_results/ablations/run15/eval_results/results.json,overall.pixel_level.pro,25.631528145624443
ablations,05_results/ablations/run15/eval_results/results.json,overall.pixel_level.ap,5.249328952970641
ablations,05_results/ablations/run15/eval_results/results.json,overall.n_samples,150
ablations,05_results/ablations/run16_seg/eval_results/results.json,per_category.cable.image_level.auroc,100.0
ablations,05_results/ablations/run16_seg/eval_results/results.json,per_category.cable.image_level.f1_max,99.9999995
ablations,05_results/ablations/run16_seg/eval_results/results.json,per_category.cable.image_level.ap,100.00000000000003
ablations,05_results/ablations/run16_seg/eval_results/results.json,per_category.cable.pixel_level.auroc,92.86822223004106
ablations,05_results/ablations/run16_seg/eval_results/results.json,per_category.cable.pixel_level.pro,83.4061267417862
ablations,05_results/ablations/run16_seg/eval_results/results.json,per_category.cable.pixel_level.ap,73.61504848680465
ablations,05_results/ablations/run16_seg/eval_results/results.json,per_category.cable.n_samples,150
ablations,05_results/ablations/run16_seg/eval_results/results.json,per_category.cable.n_anomalous,92
ablations,05_results/ablations/run16_seg/eval_results/results.json,overall.image_level.auroc,100.0
ablations,05_results/ablations/run16_seg/eval_results/results.json,overall.image_level.f1_max,99.9999995
ablations,05_results/ablations/run16_seg/eval_results/results.json,overall.image_level.ap,100.00000000000003
ablations,05_results/ablations/run16_seg/eval_results/results.json,overall.pixel_level.auroc,92.86822223004106
ablations,05_results/ablations/run16_seg/eval_results/results.json,overall.pixel_level.pro,83.4061267417862
ablations,05_results/ablations/run16_seg/eval_results/results.json,overall.pixel_level.ap,73.61504848680465
ablations,05_results/ablations/run16_seg/eval_results/results.json,overall.n_samples,150
ablations,05_results/ablations/run21_resplit_15es/eval_results/results.json,per_category.cable.image_level.auroc,97.42063492063492
ablations,05_results/ablations/run21_resplit_15es/eval_results/results.json,per_category.cable.image_level.f1_max,84.84848435261708
ablations,05_results/ablations/run21_resplit_15es/eval_results/results.json,per_category.cable.image_level.ap,93.61511539143119
ablations,05_results/ablations/run21_resplit_15es/eval_results/results.json,per_category.cable.pixel_level.auroc,95.33689776120521
ablations,05_results/ablations/run21_resplit_15es/eval_results/results.json,per_category.cable.pixel_level.pro,29.535681104290955
ablations,05_results/ablations/run21_resplit_15es/eval_results/results.json,per_category.cable.pixel_level.ap,50.88694692577435
ablations,05_results/ablations/run21_resplit_15es/eval_results/results.json,per_category.cable.n_samples,74
ablations,05_results/ablations/run21_resplit_15es/eval_results/results.json,per_category.cable.n_anomalous,18
ablations,05_results/ablations/run21_resplit_15es/eval_results/results.json,overall.image_level.auroc,97.42063492063492
ablations,05_results/ablations/run21_resplit_15es/eval_results/results.json,overall.image_level.f1_max,84.84848435261708
ablations,05_results/ablations/run21_resplit_15es/eval_results/results.json,overall.image_level.ap,93.61511539143119
ablations,05_results/ablations/run21_resplit_15es/eval_results/results.json,overall.pixel_level.auroc,95.33689776120521
ablations,05_results/ablations/run21_resplit_15es/eval_results/results.json,overall.pixel_level.pro,29.535681104290955
ablations,05_results/ablations/run21_resplit_15es/eval_results/results.json,overall.pixel_level.ap,50.88694692577435
ablations,05_results/ablations/run21_resplit_15es/eval_results/results.json,overall.n_samples,74
ablations,05_results/ablations/run21_resplit_15es/noise_eval/noise_results.json,overall.image_level.auroc,87.00396825396825
ablations,05_results/ablations/run21_resplit_15es/noise_eval/noise_results.json,overall.image_level.f1_max,75.86206849464924
ablations,05_results/ablations/run21_resplit_15es/noise_eval/noise_results.json,overall.image_level.ap,81.33140933140935
ablations,05_results/ablations/run21_resplit_15es/noise_eval/noise_results.json,overall.pixel_level.auroc,91.81948060451154
ablations,05_results/ablations/run21_resplit_15es/noise_eval/noise_results.json,overall.pixel_level.pro,58.26781925065566
ablations,05_results/ablations/run21_resplit_15es/noise_eval/noise_results.json,overall.pixel_level.ap,34.91051079155625
ablations,05_results/ablations/run21_resplit_15es/noise_eval/noise_results.json,overall.n_samples,74
ablations,05_results/ablations/run21_resplit_15es/noise_eval/robustness_report.json,clean.image_level.auroc,97.42063492063492
ablations,05_results/ablations/run21_resplit_15es/noise_eval/robustness_report.json,clean.image_level.f1_max,84.84848435261708
ablations,05_results/ablations/run21_resplit_15es/noise_eval/robustness_report.json,clean.image_level.ap,93.61511539143119
ablations,05_results/ablations/run21_resplit_15es/noise_eval/robustness_report.json,clean.pixel_level.auroc,95.33689776120521
ablations,05_results/ablations/run21_resplit_15es/noise_eval/robustness_report.json,clean.pixel_level.pro,29.535681104290955
ablations,05_results/ablations/run21_resplit_15es/noise_eval/robustness_report.json,clean.pixel_level.ap,50.88694692577435
ablations,05_results/ablations/run21_resplit_15es/noise_eval/robustness_report.json,clean.n_samples,74
ablations,05_results/ablations/run21_resplit_15es/noise_eval/robustness_report.json,noisy.image_level.auroc,87.00396825396825
ablations,05_results/ablations/run21_resplit_15es/noise_eval/robustness_report.json,noisy.image_level.f1_max,75.86206849464924
ablations,05_results/ablations/run21_resplit_15es/noise_eval/robustness_report.json,noisy.image_level.ap,81.33140933140935
ablations,05_results/ablations/run21_resplit_15es/noise_eval/robustness_report.json,noisy.pixel_level.auroc,91.81948060451154
ablations,05_results/ablations/run21_resplit_15es/noise_eval/robustness_report.json,noisy.pixel_level.pro,58.26781925065566
ablations,05_results/ablations/run21_resplit_15es/noise_eval/robustness_report.json,noisy.pixel_level.ap,34.91051079155625
ablations,05_results/ablations/run21_resplit_15es/noise_eval/robustness_report.json,noisy.n_samples,74
ablations,05_results/ablations/run21_resplit_15es/noise_eval/robustness_report.json,delta.image_auroc,-10.416666666666671
ablations,05_results/ablations/run21_resplit_15es/noise_eval/robustness_report.json,delta.image_f1_max,-8.986415857967842
ablations,05_results/ablations/run21_resplit_15es/noise_eval/robustness_report.json,delta.image_ap,-12.283706060021842
ablations,05_results/ablations/run21_resplit_15es/noise_eval/robustness_report.json,delta.pixel_auroc,-3.517417156693668
ablations,05_results/ablations/run21_resplit_15es/noise_eval/robustness_report.json,delta.pixel_pro,28.732138146364708
ablations,05_results/ablations/run21_resplit_15es/noise_eval/robustness_report.json,delta.pixel_ap,-15.976436134218105
ablations,05_results/ablations/run21_resplit_15es/training_metrics.json,[0].epoch,1
ablations,05_results/ablations/run21_resplit_15es/training_metrics.json,[0].train_loss,4.033599925041199
ablations,05_results/ablations/run21_resplit_15es/training_metrics.json,[0].train_seg,0.024709237095129746
ablations,05_results/ablations/run21_resplit_15es/training_metrics.json,[0].train_class,0.7049685927537771
ablations,05_results/ablations/run21_resplit_15es/training_metrics.json,[0].train_vae,3.303922083744636
ablations,05_results/ablations/run21_resplit_15es/training_metrics.json,[0].train_reg,0.0
ablations,05_results/ablations/run21_resplit_15es/training_metrics.json,[0].val_loss,1.6274111807346343
ablations,05_results/ablations/run21_resplit_15es/training_metrics.json,[0].val_seg,0.023634132888400928
ablations,05_results/ablations/run21_resplit_15es/training_metrics.json,[0].val_class,0.6761186987161636
ablations,05_results/ablations/run21_resplit_15es/training_metrics.json,[0].val_vae,0.9276583403348923
ablations,05_results/ablations/run21_resplit_15es/training_metrics.json,[0].val_reg,0.0
ablations,05_results/ablations/run21_resplit_15es/training_metrics.json,[0].lr,0.0001230769230769231
ablations,05_results/ablations/run21_resplit_15es/training_metrics.json,[0].epoch_time_sec,100.97502708435059
ablations,05_results/ablations/run21_resplit_15es/training_metrics.json,[1].epoch,2
ablations,05_results/ablations/run21_resplit_15es/training_metrics.json,[1].train_loss,1.6676193934220533
ablations,05_results/ablations/run21_resplit_15es/training_metrics.json,[1].train_seg,0.022464392025050565
ablations,05_results/ablations/run21_resplit_15es/training_metrics.json,[1].train_class,0.6336144610093191
ablations,05_results/ablations/run21_resplit_15es/training_metrics.json,[1].train_vae,1.011540536238597
ablations,05_results/ablations/run21_resplit_15es/training_metrics.json,[1].train_reg,0.0
ablations,05_results/ablations/run21_resplit_15es/training_metrics.json,[1].val_loss,1.2183682918548584
ablations,05_results/ablations/run21_resplit_15es/training_metrics.json,[1].val_seg,0.021459317521657795
ablations,05_results/ablations/run21_resplit_15es/training_metrics.json,[1].val_class,0.5959553807973862
ablations,05_results/ablations/run21_resplit_15es/training_metrics.json,[1].val_vae,0.6009535998106003
ablations,05_results/ablations/run21_resplit_15es/training_metrics.json,[1].val_reg,0.0
ablations,05_results/ablations/run21_resplit_15es/training_metrics.json,[1].lr,0.0002461538461538462
ablations,05_results/ablations/run21_resplit_15es/training_metrics.json,[1].epoch_time_sec,99.56035733222961
ablations,05_results/ablations/run21_resplit_15es/training_metrics.json,[2].epoch,3
ablations,05_results/ablations/run21_resplit_15es/training_metrics.json,[2].train_loss,1.3781454508121198
ablations,05_results/ablations/run21_resplit_15es/training_metrics.json,[2].train_seg,0.0177304776555572
ablations,05_results/ablations/run21_resplit_15es/training_metrics.json,[2].train_class,0.5692218743837797
ablations,05_results/ablations/run21_resplit_15es/training_metrics.json,[2].train_vae,0.7911931033317859
ablations,05_results/ablations/run21_resplit_15es/training_metrics.json,[2].train_reg,0.0
ablations,05_results/ablations/run21_resplit_15es/training_metrics.json,[2].val_loss,1.0225289463996887
ablations,05_results/ablations/run21_resplit_15es/training_metrics.json,[2].val_seg,0.015383721620310098
ablations,05_results/ablations/run21_resplit_15es/training_metrics.json,[2].val_class,0.5876377835869789
ablations,05_results/ablations/run21_resplit_15es/training_metrics.json,[2].val_vae,0.4195074483752251
ablations,05_results/ablations/run21_resplit_15es/training_metrics.json,[2].val_reg,0.0
ablations,05_results/ablations/run21_resplit_15es/training_metrics.json,[2].lr,0.00036923076923076927
ablations,05_results/ablations/run21_resplit_15es/training_metrics.json,[2].epoch_time_sec,99.14849638938904
ablations,05_results/ablations/run21_resplit_15es/training_metrics.json,[3].epoch,4
ablations,05_results/ablations/run21_resplit_15es/training_metrics.json,[3].train_loss,1.2192583657228029
ablations,05_results/ablations/run21_resplit_15es/training_metrics.json,[3].train_seg,0.015117705567871991
ablations,05_results/ablations/run21_resplit_15es/training_metrics.json,[3].train_class,0.5484776946214529
ablations,05_results/ablations/run21_resplit_15es/training_metrics.json,[3].train_vae,0.6556629634820498
ablations,05_results/ablations/run21_resplit_15es/training_metrics.json,[3].train_reg,0.0
ablations,05_results/ablations/run21_resplit_15es/training_metrics.json,[3].val_loss,0.898550134897232
ablations,05_results/ablations/run21_resplit_15es/training_metrics.json,[3].val_seg,0.028450256382348015
ablations,05_results/ablations/run21_resplit_15es/training_metrics.json,[3].val_class,0.5471350535750389
ablations,05_results/ablations/run21_resplit_15es/training_metrics.json,[3].val_vae,0.32296482771635054
ablations,05_results/ablations/run21_resplit_15es/training_metrics.json,[3].val_reg,0.0
ablations,05_results/ablations/run21_resplit_15es/training_metrics.json,[3].lr,0.0004923076923076924
ablations,05_results/ablations/run21_resplit_15es/training_metrics.json,[3].epoch_time_sec,100.0355932712555
ablations,05_results/ablations/run21_resplit_15es/training_metrics.json,[4].epoch,5
ablations,05_results/ablations/run21_resplit_15es/training_metrics.json,[4].train_loss,1.1052373519310585
ablations,05_results/ablations/run21_resplit_15es/training_metrics.json,[4].train_seg,0.02592246586219307
ablations,05_results/ablations/run21_resplit_15es/training_metrics.json,[4].train_class,0.5029669328377797
ablations,05_results/ablations/run21_resplit_15es/training_metrics.json,[4].train_vae,0.5763479484961583
ablations,05_results/ablations/run21_resplit_15es/training_metrics.json,[4].train_reg,0.0
ablations,05_results/ablations/run21_resplit_15es/training_metrics.json,[4].val_loss,0.929863965511322
ablations,05_results/ablations/run21_resplit_15es/training_metrics.json,[4].val_seg,0.02224159149918705
ablations,05_results/ablations/run21_resplit_15es/training_metrics.json,[4].val_class,0.5346886470913887
ablations,05_results/ablations/run21_resplit_15es/training_metrics.json,[4].val_vae,0.3729337304830551
ablations,05_results/ablations/run21_resplit_15es/training_metrics.json,[4].val_reg,0.0
ablations,05_results/ablations/run21_resplit_15es/training_metrics.json,[4].lr,0.0004996648728847504
ablations,05_results/ablations/run21_resplit_15es/training_metrics.json,[4].epoch_time_sec,100.70675015449524
ablations,05_results/ablations/run21_resplit_15es/training_metrics.json,[5].epoch,6
ablations,05_results/ablations/run21_resplit_15es/training_metrics.json,[5].train_loss,1.00419753744052
ablations,05_results/ablations/run21_resplit_15es/training_metrics.json,[5].train_seg,0.02142410412558932
ablations,05_results/ablations/run21_resplit_15es/training_metrics.json,[5].train_class,0.5024244365783838
ablations,05_results/ablations/run21_resplit_15es/training_metrics.json,[5].train_vae,0.4803489932647118
ablations,05_results/ablations/run21_resplit_15es/training_metrics.json,[5].train_reg,0.0
ablations,05_results/ablations/run21_resplit_15es/training_metrics.json,[5].val_loss,1.3443844437599182
ablations,05_results/ablations/run21_resplit_15es/training_metrics.json,[5].val_seg,0.01772938332433114
ablations,05_results/ablations/run21_resplit_15es/training_metrics.json,[5].val_class,0.5373605147004128
ablations,05_results/ablations/run21_resplit_15es/training_metrics.json,[5].val_vae,0.7892945438623429
ablations,05_results/ablations/run21_resplit_15es/training_metrics.json,[5].val_reg,0.0
ablations,05_results/ablations/run21_resplit_15es/training_metrics.json,[5].lr,0.000498569667339325
ablations,05_results/ablations/run21_resplit_15es/training_metrics.json,[5].epoch_time_sec,100.51608180999756
ablations,05_results/ablations/run21_resplit_15es/training_metrics.json,[6].epoch,7
ablations,05_results/ablations/run21_resplit_15es/training_metrics.json,[6].train_loss,0.9292114234887636
ablations,05_results/ablations/run21_resplit_15es/training_metrics.json,[6].train_seg,0.02143302472356761
ablations,05_results/ablations/run21_resplit_15es/training_metrics.json,[6].train_class,0.47789459847486937
ablations,05_results/ablations/run21_resplit_15es/training_metrics.json,[6].train_vae,0.42988380789756775
ablations,05_results/ablations/run21_resplit_15es/training_metrics.json,[6].train_reg,0.0
ablations,05_results/ablations/run21_resplit_15es/training_metrics.json,[6].val_loss,1.8079014360904693
ablations,05_results/ablations/run21_resplit_15es/training_metrics.json,[6].val_seg,0.018327164620495752
ablations,05_results/ablations/run21_resplit_15es/training_metrics.json,[6].val_class,0.5127278611063957
ablations,05_results/ablations/run21_resplit_15es/training_metrics.json,[6].val_vae,1.276846420764923
ablations,05_results/ablations/run21_resplit_15es/training_metrics.json,[6].val_reg,0.0
ablations,05_results/ablations/run21_resplit_15es/training_metrics.json,[6].lr,0.0004967162609100342
ablations,05_results/ablations/run21_resplit_15es/training_metrics.json,[6].epoch_time_sec,99.66141366958618
ablations,05_results/ablations/run21_resplit_15es/training_metrics.json,[7].epoch,8
ablations,05_results/ablations/run21_resplit_15es/training_metrics.json,[7].train_loss,0.9305064146335308
ablations,05_results/ablations/run21_resplit_15es/training_metrics.json,[7].train_seg,0.016747541396639812
ablations,05_results/ablations/run21_resplit_15es/training_metrics.json,[7].train_class,0.4625907086409055
ablations,05_results/ablations/run21_resplit_15es/training_metrics.json,[7].train_vae,0.4511681664448518
ablations,05_results/ablations/run21_resplit_15es/training_metrics.json,[7].train_reg,0.0
ablations,05_results/ablations/run21_resplit_15es/training_metrics.json,[7].val_loss,2.2484313249588013
ablations,05_results/ablations/run21_resplit_15es/training_metrics.json,[7].val_seg,0.02790351592685738
ablations,05_results/ablations/run21_resplit_15es/training_metrics.json,[7].val_class,0.4978057771921158
ablations,05_results/ablations/run21_resplit_15es/training_metrics.json,[7].val_vae,1.7227220058441162
ablations,05_results/ablations/run21_resplit_15es/training_metrics.json,[7].val_reg,0.0
ablations,05_results/ablations/run21_resplit_15es/training_metrics.json,[7].lr,0.0004941102862358093
ablations,05_results/ablations/run21_resplit_15es/training_metrics.json,[7].epoch_time_sec,100.20352959632874
ablations,05_results/ablations/run21_resplit_15es/training_metrics.json,[8].epoch,9
ablations,05_results/ablations/run21_resplit_15es/training_metrics.json,[8].train_loss,0.9763659720237439
ablations,05_results/ablations/run21_resplit_15es/training_metrics.json,[8].train_seg,0.01737091511850852
ablations,05_results/ablations/run21_resplit_15es/training_metrics.json,[8].train_class,0.428812398818823
ablations,05_results/ablations/run21_resplit_15es/training_metrics.json,[8].train_vae,0.5301826584797639
ablations,05_results/ablations/run21_resplit_15es/training_metrics.json,[8].train_reg,0.0
ablations,05_results/ablations/run21_resplit_15es/training_metrics.json,[8].val_loss,2.9371028304100038
ablations,05_results/ablations/run21_resplit_15es/training_metrics.json,[8].val_seg,0.023112581549742117
ablations,05_results/ablations/run21_resplit_15es/training_metrics.json,[8].val_class,0.47662150859832764
ablations,05_results/ablations/run21_resplit_15es/training_metrics.json,[8].val_vae,2.4373687267303468
ablations,05_results/ablations/run21_resplit_15es/training_metrics.json,[8].val_reg,0.0
ablations,05_results/ablations/run21_resplit_15es/training_metrics.json,[8].lr,0.0004907596856355667
ablations,05_results/ablations/run21_resplit_15es/training_metrics.json,[8].epoch_time_sec,100.58059453964233
ablations,05_results/ablations/run21_resplit_15es/training_summary.json,best_val_loss,0.898550134897232
ablations,05_results/ablations/run21_resplit_15es/training_summary.json,epochs_completed,9
ablations,05_results/ablations/run21_resplit_15es/training_summary.json,early_stopping_enabled,True
ablations,05_results/ablations/run21_resplit_15es/training_summary.json,early_stopping_patience,5
ablations,05_results/ablations/run21_resplit_15es/training_summary.json,monitor,"""val_loss"""
ablations,05_results/ablations/run21_resplit_15es/training_summary.json,metrics_file,"""outputs/run21_resplit_15es\\training_metrics.json"""
ablations,05_results/ablations/run21_resplit_15es/training_summary.json,val_visualizations_dir,"""outputs/run21_resplit_15es\\val_visualizations"""
ablations,05_results/ablations/run22_promptdice_3ep/eval_results/results.json,per_category.cable.image_level.auroc,67.9563492063492
ablations,05_results/ablations/run22_promptdice_3ep/eval_results/results.json,per_category.cable.image_level.f1_max,48.64864814901389
ablations,05_results/ablations/run22_promptdice_3ep/eval_results/results.json,per_category.cable.image_level.ap,45.37107781543299
ablations,05_results/ablations/run22_promptdice_3ep/eval_results/results.json,per_category.cable.pixel_level.auroc,83.0712994565375
ablations,05_results/ablations/run22_promptdice_3ep/eval_results/results.json,per_category.cable.pixel_level.pro,42.33026131005014
ablations,05_results/ablations/run22_promptdice_3ep/eval_results/results.json,per_category.cable.pixel_level.ap,11.288730307838536
ablations,05_results/ablations/run22_promptdice_3ep/eval_results/results.json,per_category.cable.n_samples,74
ablations,05_results/ablations/run22_promptdice_3ep/eval_results/results.json,per_category.cable.n_anomalous,18
ablations,05_results/ablations/run22_promptdice_3ep/eval_results/results.json,overall.image_level.auroc,67.9563492063492
ablations,05_results/ablations/run22_promptdice_3ep/eval_results/results.json,overall.image_level.f1_max,48.64864814901389
ablations,05_results/ablations/run22_promptdice_3ep/eval_results/results.json,overall.image_level.ap,45.37107781543299
ablations,05_results/ablations/run22_promptdice_3ep/eval_results/results.json,overall.pixel_level.auroc,83.0712994565375
ablations,05_results/ablations/run22_promptdice_3ep/eval_results/results.json,overall.pixel_level.pro,42.33026131005014
ablations,05_results/ablations/run22_promptdice_3ep/eval_results/results.json,overall.pixel_level.ap,11.288730307838536
ablations,05_results/ablations/run22_promptdice_3ep/eval_results/results.json,overall.n_samples,74
ablations,05_results/ablations/run22_promptdice_3ep/noise_eval/noise_results.json,overall.image_level.auroc,61.80555555555556
ablations,05_results/ablations/run22_promptdice_3ep/noise_eval/noise_results.json,overall.image_level.f1_max,45.83333286458333
ablations,05_results/ablations/run22_promptdice_3ep/noise_eval/noise_results.json,overall.image_level.ap,41.17117518345744
ablations,05_results/ablations/run22_promptdice_3ep/noise_eval/noise_results.json,overall.pixel_level.auroc,74.36697713222557
ablations,05_results/ablations/run22_promptdice_3ep/noise_eval/noise_results.json,overall.pixel_level.pro,42.33726464925985
ablations,05_results/ablations/run22_promptdice_3ep/noise_eval/noise_results.json,overall.pixel_level.ap,2.9993425413488746
ablations,05_results/ablations/run22_promptdice_3ep/noise_eval/noise_results.json,overall.n_samples,74
ablations,05_results/ablations/run22_promptdice_3ep/noise_eval/robustness_report.json,clean.image_level.auroc,67.9563492063492
ablations,05_results/ablations/run22_promptdice_3ep/noise_eval/robustness_report.json,clean.image_level.f1_max,48.64864814901389
ablations,05_results/ablations/run22_promptdice_3ep/noise_eval/robustness_report.json,clean.image_level.ap,45.37107781543299
ablations,05_results/ablations/run22_promptdice_3ep/noise_eval/robustness_report.json,clean.pixel_level.auroc,83.0712994565375
ablations,05_results/ablations/run22_promptdice_3ep/noise_eval/robustness_report.json,clean.pixel_level.pro,42.33026131005014
ablations,05_results/ablations/run22_promptdice_3ep/noise_eval/robustness_report.json,clean.pixel_level.ap,11.288730307838536
ablations,05_results/ablations/run22_promptdice_3ep/noise_eval/robustness_report.json,clean.n_samples,74
ablations,05_results/ablations/run22_promptdice_3ep/noise_eval/robustness_report.json,noisy.image_level.auroc,61.80555555555556
ablations,05_results/ablations/run22_promptdice_3ep/noise_eval/robustness_report.json,noisy.image_level.f1_max,45.83333286458333
ablations,05_results/ablations/run22_promptdice_3ep/noise_eval/robustness_report.json,noisy.image_level.ap,41.17117518345744
ablations,05_results/ablations/run22_promptdice_3ep/noise_eval/robustness_report.json,noisy.pixel_level.auroc,74.36697713222557
ablations,05_results/ablations/run22_promptdice_3ep/noise_eval/robustness_report.json,noisy.pixel_level.pro,42.33726464925985
ablations,05_results/ablations/run22_promptdice_3ep/noise_eval/robustness_report.json,noisy.pixel_level.ap,2.9993425413488746
ablations,05_results/ablations/run22_promptdice_3ep/noise_eval/robustness_report.json,noisy.n_samples,74
ablations,05_results/ablations/run22_promptdice_3ep/noise_eval/robustness_report.json,delta.image_auroc,-6.150793650793645
ablations,05_results/ablations/run22_promptdice_3ep/noise_eval/robustness_report.json,delta.image_f1_max,-2.815315284430554
ablations,05_results/ablations/run22_promptdice_3ep/noise_eval/robustness_report.json,delta.image_ap,-4.199902631975547
ablations,05_results/ablations/run22_promptdice_3ep/noise_eval/robustness_report.json,delta.pixel_auroc,-8.704322324311931
ablations,05_results/ablations/run22_promptdice_3ep/noise_eval/robustness_report.json,delta.pixel_pro,0.007003339209710191
ablations,05_results/ablations/run22_promptdice_3ep/noise_eval/robustness_report.json,delta.pixel_ap,-8.28938776648966
ablations,05_results/ablations/run22_promptdice_3ep/training_metrics.json,[0].epoch,1
ablations,05_results/ablations/run22_promptdice_3ep/training_metrics.json,[0].train_loss,4.9558770931684055
ablations,05_results/ablations/run22_promptdice_3ep/training_metrics.json,[0].train_seg,0.5131241894685306
ablations,05_results/ablations/run22_promptdice_3ep/training_metrics.json,[0].train_focal,0.02328790610638232
ablations,05_results/ablations/run22_promptdice_3ep/training_metrics.json,[0].train_dice,0.979672569494981
ablations,05_results/ablations/run22_promptdice_3ep/training_metrics.json,[0].train_class,0.7214668058432065
ablations,05_results/ablations/run22_promptdice_3ep/training_metrics.json,[0].train_vae,3.379110535291525
ablations,05_results/ablations/run22_promptdice_3ep/training_metrics.json,[0].train_reg,0.6843511333832374
ablations,05_results/ablations/run22_promptdice_3ep/training_metrics.json,[0].val_loss,2.65594722032547
ablations,05_results/ablations/run22_promptdice_3ep/training_metrics.json,[0].val_seg,0.5117683976888656
ablations,05_results/ablations/run22_promptdice_3ep/training_metrics.json,[0].val_focal,0.021690496848896144
ablations,05_results/ablations/run22_promptdice_3ep/training_metrics.json,[0].val_dice,0.9801557987928391
ablations,05_results/ablations/run22_promptdice_3ep/training_metrics.json,[0].val_class,0.709056955575943
ablations,05_results/ablations/run22_promptdice_3ep/training_metrics.json,[0].val_vae,1.085145103931427
ablations,05_results/ablations/run22_promptdice_3ep/training_metrics.json,[0].val_reg,0.6999535381793975
ablations,05_results/ablations/run22_promptdice_3ep/training_metrics.json,[0].lr,0.0001230769230769231
ablations,05_results/ablations/run22_promptdice_3ep/training_metrics.json,[0].epoch_time_sec,100.93628811836243
ablations,05_results/ablations/run22_promptdice_3ep/training_metrics.json,[1].epoch,2
ablations,05_results/ablations/run22_promptdice_3ep/training_metrics.json,[1].train_loss,4.689442137571482
ablations,05_results/ablations/run22_promptdice_3ep/training_metrics.json,[1].train_seg,0.5125955379926241
ablations,05_results/ablations/run22_promptdice_3ep/training_metrics.json,[1].train_focal,0.022802538593084766
ablations,05_results/ablations/run22_promptdice_3ep/training_metrics.json,[1].train_dice,0.9795860006259038
ablations,05_results/ablations/run22_promptdice_3ep/training_metrics.json,[1].train_class,0.7224504956832298
ablations,05_results/ablations/run22_promptdice_3ep/training_metrics.json,[1].train_vae,3.149109243429624
ablations,05_results/ablations/run22_promptdice_3ep/training_metrics.json,[1].train_reg,0.6105736539914057
ablations,05_results/ablations/run22_promptdice_3ep/training_metrics.json,[1].val_loss,3.514364516735077
ablations,05_results/ablations/run22_promptdice_3ep/training_metrics.json,[1].val_seg,0.5114685386419296
ablations,05_results/ablations/run22_promptdice_3ep/training_metrics.json,[1].val_focal,0.022514581214636564
ablations,05_results/ablations/run22_promptdice_3ep/training_metrics.json,[1].val_dice,0.977907907962799
ablations,05_results/ablations/run22_promptdice_3ep/training_metrics.json,[1].val_class,0.7187310367822647
ablations,05_results/ablations/run22_promptdice_3ep/training_metrics.json,[1].val_vae,1.951720529794693
ablations,05_results/ablations/run22_promptdice_3ep/training_metrics.json,[1].val_reg,0.664888808131218
ablations,05_results/ablations/run22_promptdice_3ep/training_metrics.json,[1].lr,0.0002461538461538462
ablations,05_results/ablations/run22_promptdice_3ep/training_metrics.json,[1].epoch_time_sec,100.97944235801697
ablations,05_results/ablations/run22_promptdice_3ep/training_metrics.json,[2].epoch,3
ablations,05_results/ablations/run22_promptdice_3ep/training_metrics.json,[2].train_loss,5.515889857365535
ablations,05_results/ablations/run22_promptdice_3ep/training_metrics.json,[2].train_seg,0.5153854741499975
ablations,05_results/ablations/run22_promptdice_3ep/training_metrics.json,[2].train_focal,0.02420119222325201
ablations,05_results/ablations/run22_promptdice_3ep/training_metrics.json,[2].train_dice,0.9823685568112593
ablations,05_results/ablations/run22_promptdice_3ep/training_metrics.json,[2].train_class,0.7065027819230006
ablations,05_results/ablations/run22_promptdice_3ep/training_metrics.json,[2].train_vae,4.010201083696805
ablations,05_results/ablations/run22_promptdice_3ep/training_metrics.json,[2].train_reg,0.567601027397009
ablations,05_results/ablations/run22_promptdice_3ep/training_metrics.json,[2].val_loss,4.871432685852051
ablations,05_results/ablations/run22_promptdice_3ep/training_metrics.json,[2].val_seg,0.5147736877202987
ablations,05_results/ablations/run22_promptdice_3ep/training_metrics.json,[2].val_focal,0.024161618418293073
ablations,05_results/ablations/run22_promptdice_3ep/training_metrics.json,[2].val_dice,0.9812241345643997
ablations,05_results/ablations/run22_promptdice_3ep/training_metrics.json,[2].val_class,0.7042652577161789
ablations,05_results/ablations/run22_promptdice_3ep/training_metrics.json,[2].val_vae,3.3279165506362913
ablations,05_results/ablations/run22_promptdice_3ep/training_metrics.json,[2].val_reg,0.6489544093608857
ablations,05_results/ablations/run22_promptdice_3ep/training_metrics.json,[2].lr,0.00036923076923076927
ablations,05_results/ablations/run22_promptdice_3ep/training_metrics.json,[2].epoch_time_sec,101.12672758102417
ablations,05_results/ablations/run22_promptdice_3ep/training_summary.json,best_val_loss,2.65594722032547
ablations,05_results/ablations/run22_promptdice_3ep/training_summary.json,epochs_completed,3
ablations,05_results/ablations/run22_promptdice_3ep/training_summary.json,early_stopping_enabled,True
ablations,05_results/ablations/run22_promptdice_3ep/training_summary.json,early_stopping_patience,5
ablations,05_results/ablations/run22_promptdice_3ep/training_summary.json,monitor,"""val_loss"""
ablations,05_results/ablations/run22_promptdice_3ep/training_summary.json,metrics_file,"""outputs/run22_promptdice_3ep\\training_metrics.json"""
ablations,05_results/ablations/run22_promptdice_3ep/training_summary.json,val_visualizations_dir,"""outputs/run22_promptdice_3ep\\val_visualizations"""
ablations,05_results/ablations/run23_robustpatch_15ep/calibration_thresholds.json,image_threshold,0.06543472409248352
ablations,05_results/ablations/run23_robustpatch_15ep/calibration_thresholds.json,pixel_threshold,0.8851523399353027
ablations,05_results/ablations/run23_robustpatch_15ep/calibration_thresholds.json,val_image_f1,0.4444444409876544
ablations,05_results/ablations/run23_robustpatch_15ep/calibration_thresholds.json,val_pixel_f1,0.10055808251780253
ablations,05_results/ablations/run23_robustpatch_15ep/eval_results/results.json,per_category.cable.image_level.auroc,72.91666666666666
ablations,05_results/ablations/run23_robustpatch_15ep/eval_results/results.json,per_category.cable.image_level.f1_max,54.16666619791668
ablations,05_results/ablations/run23_robustpatch_15ep/eval_results/results.json,per_category.cable.image_level.ap,46.90322917415434
ablations,05_results/ablations/run23_robustpatch_15ep/eval_results/results.json,per_category.cable.pixel_level.auroc,76.98669511061816
ablations,05_results/ablations/run23_robustpatch_15ep/eval_results/results.json,per_category.cable.pixel_level.pro,40.70973456425636
ablations,05_results/ablations/run23_robustpatch_15ep/eval_results/results.json,per_category.cable.pixel_level.ap,3.8651821025647424
ablations,05_results/ablations/run23_robustpatch_15ep/eval_results/results.json,per_category.cable.n_samples,74
ablations,05_results/ablations/run23_robustpatch_15ep/eval_results/results.json,per_category.cable.n_anomalous,18
ablations,05_results/ablations/run23_robustpatch_15ep/eval_results/results.json,overall.image_level.auroc,72.91666666666666
ablations,05_results/ablations/run23_robustpatch_15ep/eval_results/results.json,overall.image_level.f1_max,54.16666619791668
ablations,05_results/ablations/run23_robustpatch_15ep/eval_results/results.json,overall.image_level.ap,46.90322917415434
ablations,05_results/ablations/run23_robustpatch_15ep/eval_results/results.json,overall.pixel_level.auroc,76.98669511061816
ablations,05_results/ablations/run23_robustpatch_15ep/eval_results/results.json,overall.pixel_level.pro,40.70973456425636
ablations,05_results/ablations/run23_robustpatch_15ep/eval_results/results.json,overall.pixel_level.ap,3.8651821025647424
ablations,05_results/ablations/run23_robustpatch_15ep/eval_results/results.json,overall.n_samples,74
ablations,05_results/ablations/run23_robustpatch_15ep/eval_results/results.json,overall.thresholded.image_threshold,0.06543472409248352
ablations,05_results/ablations/run23_robustpatch_15ep/eval_results/results.json,overall.thresholded.pixel_threshold,0.8851523399353027
ablations,05_results/ablations/run23_robustpatch_15ep/eval_results/results.json,overall.thresholded.image_accuracy,29.72972972972973
ablations,05_results/ablations/run23_robustpatch_15ep/eval_results/results.json,overall.thresholded.image_precision,25.71428571428571
ablations,05_results/ablations/run23_robustpatch_15ep/eval_results/results.json,overall.thresholded.image_recall,100.0
ablations,05_results/ablations/run23_robustpatch_15ep/eval_results/results.json,overall.thresholded.image_f1,40.909090909090914
ablations,05_results/ablations/run23_robustpatch_15ep/eval_results/results.json,overall.thresholded.pixel_accuracy,96.18340594287584
ablations,05_results/ablations/run23_robustpatch_15ep/noise_eval/noise_results.json,overall.image_level.auroc,46.62698412698413
ablations,05_results/ablations/run23_robustpatch_15ep/noise_eval/noise_results.json,overall.image_level.f1_max,39.560439243086584
ablations,05_results/ablations/run23_robustpatch_15ep/noise_eval/noise_results.json,overall.image_level.ap,25.825381310369266
ablations,05_results/ablations/run23_robustpatch_15ep/noise_eval/noise_results.json,overall.pixel_level.auroc,68.16590528909514
ablations,05_results/ablations/run23_robustpatch_15ep/noise_eval/noise_results.json,overall.pixel_level.pro,34.96440169722258
ablations,05_results/ablations/run23_robustpatch_15ep/noise_eval/noise_results.json,overall.pixel_level.ap,1.8261829563587344
ablations,05_results/ablations/run23_robustpatch_15ep/noise_eval/noise_results.json,overall.n_samples,74
ablations,05_results/ablations/run23_robustpatch_15ep/noise_eval/noise_results.json,overall.thresholded.image_threshold,0.06543472409248352
ablations,05_results/ablations/run23_robustpatch_15ep/noise_eval/noise_results.json,overall.thresholded.pixel_threshold,0.8851523399353027
ablations,05_results/ablations/run23_robustpatch_15ep/noise_eval/noise_results.json,overall.thresholded.image_accuracy,24.324324324324326
ablations,05_results/ablations/run23_robustpatch_15ep/noise_eval/noise_results.json,overall.thresholded.image_precision,24.324324324324326
ablations,05_results/ablations/run23_robustpatch_15ep/noise_eval/noise_results.json,overall.thresholded.image_recall,100.0
ablations,05_results/ablations/run23_robustpatch_15ep/noise_eval/noise_results.json,overall.thresholded.image_f1,39.130434782608695
ablations,05_results/ablations/run23_robustpatch_15ep/noise_eval/noise_results.json,overall.thresholded.pixel_accuracy,95.57312619636527
ablations,05_results/ablations/run23_robustpatch_15ep/noise_eval/robustness_report.json,clean.image_level.auroc,72.91666666666666
ablations,05_results/ablations/run23_robustpatch_15ep/noise_eval/robustness_report.json,clean.image_level.f1_max,54.16666619791668
ablations,05_results/ablations/run23_robustpatch_15ep/noise_eval/robustness_report.json,clean.image_level.ap,46.90322917415434
ablations,05_results/ablations/run23_robustpatch_15ep/noise_eval/robustness_report.json,clean.pixel_level.auroc,76.98669511061816
ablations,05_results/ablations/run23_robustpatch_15ep/noise_eval/robustness_report.json,clean.pixel_level.pro,40.70973456425636
ablations,05_results/ablations/run23_robustpatch_15ep/noise_eval/robustness_report.json,clean.pixel_level.ap,3.8651821025647424
ablations,05_results/ablations/run23_robustpatch_15ep/noise_eval/robustness_report.json,clean.n_samples,74
ablations,05_results/ablations/run23_robustpatch_15ep/noise_eval/robustness_report.json,clean.thresholded.image_threshold,0.06543472409248352
ablations,05_results/ablations/run23_robustpatch_15ep/noise_eval/robustness_report.json,clean.thresholded.pixel_threshold,0.8851523399353027
ablations,05_results/ablations/run23_robustpatch_15ep/noise_eval/robustness_report.json,clean.thresholded.image_accuracy,29.72972972972973
ablations,05_results/ablations/run23_robustpatch_15ep/noise_eval/robustness_report.json,clean.thresholded.image_precision,25.71428571428571
ablations,05_results/ablations/run23_robustpatch_15ep/noise_eval/robustness_report.json,clean.thresholded.image_recall,100.0
ablations,05_results/ablations/run23_robustpatch_15ep/noise_eval/robustness_report.json,clean.thresholded.image_f1,40.909090909090914
ablations,05_results/ablations/run23_robustpatch_15ep/noise_eval/robustness_report.json,clean.thresholded.pixel_accuracy,96.18340594287584
ablations,05_results/ablations/run23_robustpatch_15ep/noise_eval/robustness_report.json,noisy.image_level.auroc,46.62698412698413
ablations,05_results/ablations/run23_robustpatch_15ep/noise_eval/robustness_report.json,noisy.image_level.f1_max,39.560439243086584
ablations,05_results/ablations/run23_robustpatch_15ep/noise_eval/robustness_report.json,noisy.image_level.ap,25.825381310369266
ablations,05_results/ablations/run23_robustpatch_15ep/noise_eval/robustness_report.json,noisy.pixel_level.auroc,68.16590528909514
ablations,05_results/ablations/run23_robustpatch_15ep/noise_eval/robustness_report.json,noisy.pixel_level.pro,34.96440169722258
ablations,05_results/ablations/run23_robustpatch_15ep/noise_eval/robustness_report.json,noisy.pixel_level.ap,1.8261829563587344
ablations,05_results/ablations/run23_robustpatch_15ep/noise_eval/robustness_report.json,noisy.n_samples,74
ablations,05_results/ablations/run23_robustpatch_15ep/noise_eval/robustness_report.json,noisy.thresholded.image_threshold,0.06543472409248352
ablations,05_results/ablations/run23_robustpatch_15ep/noise_eval/robustness_report.json,noisy.thresholded.pixel_threshold,0.8851523399353027
ablations,05_results/ablations/run23_robustpatch_15ep/noise_eval/robustness_report.json,noisy.thresholded.image_accuracy,24.324324324324326
ablations,05_results/ablations/run23_robustpatch_15ep/noise_eval/robustness_report.json,noisy.thresholded.image_precision,24.324324324324326
ablations,05_results/ablations/run23_robustpatch_15ep/noise_eval/robustness_report.json,noisy.thresholded.image_recall,100.0
ablations,05_results/ablations/run23_robustpatch_15ep/noise_eval/robustness_report.json,noisy.thresholded.image_f1,39.130434782608695
ablations,05_results/ablations/run23_robustpatch_15ep/noise_eval/robustness_report.json,noisy.thresholded.pixel_accuracy,95.57312619636527
ablations,05_results/ablations/run23_robustpatch_15ep/noise_eval/robustness_report.json,delta.image_auroc,-26.28968253968253
ablations,05_results/ablations/run23_robustpatch_15ep/noise_eval/robustness_report.json,delta.image_f1_max,-14.606226954830099
ablations,05_results/ablations/run23_robustpatch_15ep/noise_eval/robustness_report.json,delta.image_ap,-21.077847863785074
ablations,05_results/ablations/run23_robustpatch_15ep/noise_eval/robustness_report.json,delta.pixel_auroc,-8.820789821523022
ablations,05_results/ablations/run23_robustpatch_15ep/noise_eval/robustness_report.json,delta.pixel_pro,-5.745332867033781
ablations,05_results/ablations/run23_robustpatch_15ep/noise_eval/robustness_report.json,delta.pixel_ap,-2.0389991462060078
ablations,05_results/ablations/run23_robustpatch_15ep/noise_eval/robustness_report.json,delta.image_accuracy,-5.4054054054054035
ablations,05_results/ablations/run23_robustpatch_15ep/noise_eval/robustness_report.json,delta.image_f1,-1.7786561264822183
ablations,05_results/ablations/run23_robustpatch_15ep/noise_eval/robustness_report.json,delta.pixel_accuracy,-0.6102797465105709
ablations,05_results/ablations/run23_robustpatch_15ep/training_metrics.json,[0].epoch,1
ablations,05_results/ablations/run23_robustpatch_15ep/training_metrics.json,[0].train_loss,4.54902373277224
ablations,05_results/ablations/run23_robustpatch_15ep/training_metrics.json,[0].train_seg,0.02330256053336108
ablations,05_results/ablations/run23_robustpatch_15ep/training_metrics.json,[0].train_class,0.7215537250041961
ablations,05_results/ablations/run23_robustpatch_15ep/training_metrics.json,[0].train_vae,3.4616980268405033
ablations,05_results/ablations/run23_robustpatch_15ep/training_metrics.json,[0].train_reg,0.6849369012392484
ablations,05_results/ablations/run23_robustpatch_15ep/training_metrics.json,[0].train_consistency,9.43262520754965e-06
ablations,05_results/ablations/run23_robustpatch_15ep/training_metrics.json,[0].val_loss,2.2180564641952514
ablations,05_results/ablations/run23_robustpatch_15ep/training_metrics.json,[0].val_seg,0.021944667177740483
ablations,05_results/ablations/run23_robustpatch_15ep/training_metrics.json,[0].val_class,0.7087119817733765
ablations,05_results/ablations/run23_robustpatch_15ep/training_metrics.json,[0].val_vae,1.1370154559612273
ablations,05_results/ablations/run23_robustpatch_15ep/training_metrics.json,[0].val_reg,0.7007687151432037
ablations,05_results/ablations/run23_robustpatch_15ep/training_metrics.json,[0].lr,0.0001230769230769231
ablations,05_results/ablations/run23_robustpatch_15ep/training_metrics.json,[0].epoch_time_sec,288.99793815612793
ablations,05_results/ablations/run23_robustpatch_15ep/training_metrics.json,[1].epoch,2
ablations,05_results/ablations/run23_robustpatch_15ep/training_metrics.json,[1].train_loss,4.1670261804874125
ablations,05_results/ablations/run23_robustpatch_15ep/training_metrics.json,[1].train_seg,0.022368628597961595
ablations,05_results/ablations/run23_robustpatch_15ep/training_metrics.json,[1].train_class,0.7212678327010228
ablations,05_results/ablations/run23_robustpatch_15ep/training_metrics.json,[1].train_vae,3.117122502510364
ablations,05_results/ablations/run23_robustpatch_15ep/training_metrics.json,[1].train_reg,0.6125227570533752
ablations,05_results/ablations/run23_robustpatch_15ep/training_metrics.json,[1].train_consistency,5.8291307046741936e-05
ablations,05_results/ablations/run23_robustpatch_15ep/training_metrics.json,[1].val_loss,3.2253185629844667
ablations,05_results/ablations/run23_robustpatch_15ep/training_metrics.json,[1].val_seg,0.021418946189805867
ablations,05_results/ablations/run23_robustpatch_15ep/training_metrics.json,[1].val_class,0.7160955280065536
ablations,05_results/ablations/run23_robustpatch_15ep/training_metrics.json,[1].val_vae,2.1501980423927307
ablations,05_results/ablations/run23_robustpatch_15ep/training_metrics.json,[1].val_reg,0.675212049484253
ablations,05_results/ablations/run23_robustpatch_15ep/training_metrics.json,[1].lr,0.0002461538461538462
ablations,05_results/ablations/run23_robustpatch_15ep/training_metrics.json,[1].epoch_time_sec,283.0952022075653
ablations,05_results/ablations/run23_robustpatch_15ep/training_metrics.json,[2].epoch,3
ablations,05_results/ablations/run23_robustpatch_15ep/training_metrics.json,[2].train_loss,4.984874853721032
ablations,05_results/ablations/run23_robustpatch_15ep/training_metrics.json,[2].train_seg,0.028564063379039557
ablations,05_results/ablations/run23_robustpatch_15ep/training_metrics.json,[2].train_class,0.7035430619349846
ablations,05_results/ablations/run23_robustpatch_15ep/training_metrics.json,[2].train_vae,3.970102990590609
ablations,05_results/ablations/run23_robustpatch_15ep/training_metrics.json,[2].train_reg,0.5653199842342964
ablations,05_results/ablations/run23_robustpatch_15ep/training_metrics.json,[2].train_consistency,4.753431200277611e-05
ablations,05_results/ablations/run23_robustpatch_15ep/training_metrics.json,[2].val_loss,4.252957820892334
ablations,05_results/ablations/run23_robustpatch_15ep/training_metrics.json,[2].val_seg,0.030267809158249292
ablations,05_results/ablations/run23_robustpatch_15ep/training_metrics.json,[2].val_class,0.7001075506210327
ablations,05_results/ablations/run23_robustpatch_15ep/training_metrics.json,[2].val_vae,3.202327477931976
ablations,05_results/ablations/run23_robustpatch_15ep/training_metrics.json,[2].val_reg,0.6405098855495452
ablations,05_results/ablations/run23_robustpatch_15ep/training_metrics.json,[2].lr,0.00036923076923076927
ablations,05_results/ablations/run23_robustpatch_15ep/training_metrics.json,[2].epoch_time_sec,247.78234386444092
ablations,05_results/ablations/run23_robustpatch_15ep/training_metrics.json,[3].epoch,4
ablations,05_results/ablations/run23_robustpatch_15ep/training_metrics.json,[3].train_loss,5.445052864001347
ablations,05_results/ablations/run23_robustpatch_15ep/training_metrics.json,[3].train_seg,0.023204619050599062
ablations,05_results/ablations/run23_robustpatch_15ep/training_metrics.json,[3].train_class,0.7206550433085515
ablations,05_results/ablations/run23_robustpatch_15ep/training_metrics.json,[3].train_vae,4.439334937242362
ablations,05_results/ablations/run23_robustpatch_15ep/training_metrics.json,[3].train_reg,0.523712171958043
ablations,05_results/ablations/run23_robustpatch_15ep/training_metrics.json,[3].train_consistency,2.1494391530023468e-05
ablations,05_results/ablations/run23_robustpatch_15ep/training_metrics.json,[3].val_loss,4.903903388977051
ablations,05_results/ablations/run23_robustpatch_15ep/training_metrics.json,[3].val_seg,0.021452260669320822
ablations,05_results/ablations/run23_robustpatch_15ep/training_metrics.json,[3].val_class,0.713319206237793
ablations,05_results/ablations/run23_robustpatch_15ep/training_metrics.json,[3].val_vae,3.8552101254463196
ablations,05_results/ablations/run23_robustpatch_15ep/training_metrics.json,[3].val_reg,0.6278436869382858
ablations,05_results/ablations/run23_robustpatch_15ep/training_metrics.json,[3].lr,0.0004923076923076924
ablations,05_results/ablations/run23_robustpatch_15ep/training_metrics.json,[3].epoch_time_sec,247.07904815673828
ablations,05_results/ablations/run23_robustpatch_15ep/training_metrics.json,[4].epoch,5
ablations,05_results/ablations/run23_robustpatch_15ep/training_metrics.json,[4].train_loss,6.189088102487418
ablations,05_results/ablations/run23_robustpatch_15ep/training_metrics.json,[4].train_seg,0.027033389935296817
ablations,05_results/ablations/run23_robustpatch_15ep/training_metrics.json,[4].train_class,0.701545865719135
ablations,05_results/ablations/run23_robustpatch_15ep/training_metrics.json,[4].train_vae,5.21633734519665
ablations,05_results/ablations/run23_robustpatch_15ep/training_metrics.json,[4].train_reg,0.4883375332905696
ablations,05_results/ablations/run23_robustpatch_15ep/training_metrics.json,[4].train_consistency,2.75375445548539e-05
ablations,05_results/ablations/run23_robustpatch_15ep/training_metrics.json,[4].val_loss,5.996426820755005
ablations,05_results/ablations/run23_robustpatch_15ep/training_metrics.json,[4].val_seg,0.03193742857183679
ablations,05_results/ablations/run23_robustpatch_15ep/training_metrics.json,[4].val_class,0.6963479220867157
ablations,05_results/ablations/run23_robustpatch_15ep/training_metrics.json,[4].val_vae,4.982371997833252
ablations,05_results/ablations/run23_robustpatch_15ep/training_metrics.json,[4].val_reg,0.5715389370918273
ablations,05_results/ablations/run23_robustpatch_15ep/training_metrics.json,[4].lr,0.0004996648728847504
ablations,05_results/ablations/run23_robustpatch_15ep/training_metrics.json,[4].epoch_time_sec,247.4716353416443
ablations,05_results/ablations/run23_robustpatch_15ep/training_metrics.json,[5].epoch,6
ablations,05_results/ablations/run23_robustpatch_15ep/training_metrics.json,[5].train_loss,6.742099068715022
ablations,05_results/ablations/run23_robustpatch_15ep/training_metrics.json,[5].train_seg,0.02898540300957393
ablations,05_results/ablations/run23_robustpatch_15ep/training_metrics.json,[5].train_class,0.6993999164838057
ablations,05_results/ablations/run23_robustpatch_15ep/training_metrics.json,[5].train_vae,5.778940270497249
ablations,05_results/ablations/run23_robustpatch_15ep/training_metrics.json,[5].train_reg,0.4695015515272434
ablations,05_results/ablations/run23_robustpatch_15ep/training_metrics.json,[5].train_consistency,0.00022699767520792264
ablations,05_results/ablations/run23_robustpatch_15ep/training_metrics.json,[5].val_loss,6.2501746892929075
ablations,05_results/ablations/run23_robustpatch_15ep/training_metrics.json,[5].val_seg,0.022024310613051056
ablations,05_results/ablations/run23_robustpatch_15ep/training_metrics.json,[5].val_class,0.7131690144538879
ablations,05_results/ablations/run23_robustpatch_15ep/training_metrics.json,[5].val_vae,5.238797521591186
ablations,05_results/ablations/run23_robustpatch_15ep/training_metrics.json,[5].val_reg,0.5523676663637161
ablations,05_results/ablations/run23_robustpatch_15ep/training_metrics.json,[5].lr,0.000498569667339325
ablations,05_results/ablations/run23_robustpatch_15ep/training_metrics.json,[5].epoch_time_sec,247.27433562278748
ablations,05_results/ablations/run23_robustpatch_15ep/training_summary.json,best_val_loss,2.2180564641952514
ablations,05_results/ablations/run23_robustpatch_15ep/training_summary.json,epochs_completed,6
ablations,05_results/ablations/run23_robustpatch_15ep/training_summary.json,early_stopping_enabled,True
ablations,05_results/ablations/run23_robustpatch_15ep/training_summary.json,early_stopping_patience,5
ablations,05_results/ablations/run23_robustpatch_15ep/training_summary.json,monitor,"""val_loss"""
ablations,05_results/ablations/run23_robustpatch_15ep/training_summary.json,metrics_file,"""outputs/run23_robustpatch_15ep\\training_metrics.json"""
ablations,05_results/ablations/run23_robustpatch_15ep/training_summary.json,val_visualizations_dir,"""outputs/run23_robustpatch_15ep\\val_visualizations"""
ablations,05_results/ablations/run25_speed_mitigated_1ep/calibration_thresholds.json,image_threshold,0.058492496609687805
ablations,05_results/ablations/run25_speed_mitigated_1ep/calibration_thresholds.json,pixel_threshold,0.8571362495422363
ablations,05_results/ablations/run25_speed_mitigated_1ep/calibration_thresholds.json,val_image_f1,0.4545454510330579
ablations,05_results/ablations/run25_speed_mitigated_1ep/calibration_thresholds.json,val_pixel_f1,0.07736297714748364
ablations,05_results/ablations/run25_speed_mitigated_1ep/training_metrics.json,[0].epoch,1
ablations,05_results/ablations/run25_speed_mitigated_1ep/training_metrics.json,[0].train_loss,1.4169157560055072
ablations,05_results/ablations/run25_speed_mitigated_1ep/training_metrics.json,[0].train_seg,0.3182684896083979
ablations,05_results/ablations/run25_speed_mitigated_1ep/training_metrics.json,[0].train_class,0.7218157497736124
ablations,05_results/ablations/run25_speed_mitigated_1ep/training_metrics.json,[0].train_vae,3.740853395828834
ablations,05_results/ablations/run25_speed_mitigated_1ep/training_metrics.json,[0].train_reg,0.6788459644867824
ablations,05_results/ablations/run25_speed_mitigated_1ep/training_metrics.json,[0].train_consistency,0.0
ablations,05_results/ablations/run25_speed_mitigated_1ep/training_metrics.json,[0].val_loss,1.3688644289970398
ablations,05_results/ablations/run25_speed_mitigated_1ep/training_metrics.json,[0].val_seg,0.31742552369832994
ablations,05_results/ablations/run25_speed_mitigated_1ep/training_metrics.json,[0].val_class,0.7070927858352661
ablations,05_results/ablations/run25_speed_mitigated_1ep/training_metrics.json,[0].val_vae,1.5115583181381225
ablations,05_results/ablations/run25_speed_mitigated_1ep/training_metrics.json,[0].val_reg,0.6584610432386399
ablations,05_results/ablations/run25_speed_mitigated_1ep/training_metrics.json,[0].lr,0.0001230769230769231
ablations,05_results/ablations/run25_speed_mitigated_1ep/training_metrics.json,[0].epoch_time_sec,100.61238956451416
ablations,05_results/ablations/run25_speed_mitigated_1ep/training_summary.json,best_val_loss,1.3688644289970398
ablations,05_results/ablations/run25_speed_mitigated_1ep/training_summary.json,epochs_completed,1
ablations,05_results/ablations/run25_speed_mitigated_1ep/training_summary.json,early_stopping_enabled,True
ablations,05_results/ablations/run25_speed_mitigated_1ep/training_summary.json,early_stopping_patience,5
ablations,05_results/ablations/run25_speed_mitigated_1ep/training_summary.json,monitor,"""val_loss"""
ablations,05_results/ablations/run25_speed_mitigated_1ep/training_summary.json,metrics_file,"""outputs/run25_speed_mitigated_1ep\\training_metrics.json"""
ablations,05_results/ablations/run25_speed_mitigated_1ep/training_summary.json,val_visualizations_dir,"""outputs/run25_speed_mitigated_1ep\\val_visualizations"""
ablations,05_results/ablations/run28_lora_segfix_10ep/calibration_thresholds.json,image_threshold,-0.015909608453512192
ablations,05_results/ablations/run28_lora_segfix_10ep/calibration_thresholds.json,pixel_threshold,0.9291562438011169
ablations,05_results/ablations/run28_lora_segfix_10ep/calibration_thresholds.json,val_image_f1,0.6086956472589792
ablations,05_results/ablations/run28_lora_segfix_10ep/calibration_thresholds.json,val_pixel_f1,0.09856951674035377
ablations,05_results/ablations/run28_lora_segfix_10ep/eval_results/results.json,per_category.cable.image_level.auroc,72.42063492063492
ablations,05_results/ablations/run28_lora_segfix_10ep/eval_results/results.json,per_category.cable.image_level.f1_max,54.54545406198348
ablations,05_results/ablations/run28_lora_segfix_10ep/eval_results/results.json,per_category.cable.image_level.ap,40.96595763148091
ablations,05_results/ablations/run28_lora_segfix_10ep/eval_results/results.json,per_category.cable.pixel_level.auroc,80.24380807258059
ablations,05_results/ablations/run28_lora_segfix_10ep/eval_results/results.json,per_category.cable.pixel_level.pro,27.10317443810989
ablations,05_results/ablations/run28_lora_segfix_10ep/eval_results/results.json,per_category.cable.pixel_level.ap,3.4971732750550633
ablations,05_results/ablations/run28_lora_segfix_10ep/eval_results/results.json,per_category.cable.n_samples,74
ablations,05_results/ablations/run28_lora_segfix_10ep/eval_results/results.json,per_category.cable.n_anomalous,18
ablations,05_results/ablations/run28_lora_segfix_10ep/eval_results/results.json,overall.image_level.auroc,72.42063492063492
ablations,05_results/ablations/run28_lora_segfix_10ep/eval_results/results.json,overall.image_level.f1_max,54.54545406198348
ablations,05_results/ablations/run28_lora_segfix_10ep/eval_results/results.json,overall.image_level.ap,40.96595763148091
ablations,05_results/ablations/run28_lora_segfix_10ep/eval_results/results.json,overall.pixel_level.auroc,80.24380807258059
ablations,05_results/ablations/run28_lora_segfix_10ep/eval_results/results.json,overall.pixel_level.pro,27.10317443810989
ablations,05_results/ablations/run28_lora_segfix_10ep/eval_results/results.json,overall.pixel_level.ap,3.4971732750550633
ablations,05_results/ablations/run28_lora_segfix_10ep/eval_results/results.json,overall.n_samples,74
ablations,05_results/ablations/run28_lora_segfix_10ep/eval_results/results.json,overall.thresholded.image_threshold,-0.015909608453512192
ablations,05_results/ablations/run28_lora_segfix_10ep/eval_results/results.json,overall.thresholded.pixel_threshold,0.9291562438011169
ablations,05_results/ablations/run28_lora_segfix_10ep/eval_results/results.json,overall.thresholded.image_accuracy,71.62162162162163
ablations,05_results/ablations/run28_lora_segfix_10ep/eval_results/results.json,overall.thresholded.image_precision,42.10526315789473
ablations,05_results/ablations/run28_lora_segfix_10ep/eval_results/results.json,overall.thresholded.image_recall,44.44444444444444
ablations,05_results/ablations/run28_lora_segfix_10ep/eval_results/results.json,overall.thresholded.image_f1,43.24324324324324
ablations,05_results/ablations/run28_lora_segfix_10ep/eval_results/results.json,overall.thresholded.pixel_accuracy,96.86608706618098
ablations,05_results/ablations/run28_lora_segfix_10ep/noise_eval/noise_results.json,overall.image_level.auroc,74.30555555555556
ablations,05_results/ablations/run28_lora_segfix_10ep/noise_eval/noise_results.json,overall.image_level.f1_max,53.84615339349112
ablations,05_results/ablations/run28_lora_segfix_10ep/noise_eval/noise_results.json,overall.image_level.ap,46.99513817104166
ablations,05_results/ablations/run28_lora_segfix_10ep/noise_eval/noise_results.json,overall.pixel_level.auroc,76.55910927105612
ablations,05_results/ablations/run28_lora_segfix_10ep/noise_eval/noise_results.json,overall.pixel_level.pro,28.5476597291553
ablations,05_results/ablations/run28_lora_segfix_10ep/noise_eval/noise_results.json,overall.pixel_level.ap,2.9516513354276688
ablations,05_results/ablations/run28_lora_segfix_10ep/noise_eval/noise_results.json,overall.n_samples,74
ablations,05_results/ablations/run28_lora_segfix_10ep/noise_eval/noise_results.json,overall.thresholded.image_threshold,-0.015909608453512192
ablations,05_results/ablations/run28_lora_segfix_10ep/noise_eval/noise_results.json,overall.thresholded.pixel_threshold,0.9291562438011169
ablations,05_results/ablations/run28_lora_segfix_10ep/noise_eval/noise_results.json,overall.thresholded.image_accuracy,24.324324324324326
ablations,05_results/ablations/run28_lora_segfix_10ep/noise_eval/noise_results.json,overall.thresholded.image_precision,24.324324324324326
ablations,05_results/ablations/run28_lora_segfix_10ep/noise_eval/noise_results.json,overall.thresholded.image_recall,100.0
ablations,05_results/ablations/run28_lora_segfix_10ep/noise_eval/noise_results.json,overall.thresholded.image_f1,39.130434782608695
ablations,05_results/ablations/run28_lora_segfix_10ep/noise_eval/noise_results.json,overall.thresholded.pixel_accuracy,97.20773735826434
ablations,05_results/ablations/run28_lora_segfix_10ep/noise_eval/robustness_report.json,clean.image_level.auroc,72.42063492063492
ablations,05_results/ablations/run28_lora_segfix_10ep/noise_eval/robustness_report.json,clean.image_level.f1_max,54.54545406198348
ablations,05_results/ablations/run28_lora_segfix_10ep/noise_eval/robustness_report.json,clean.image_level.ap,40.96595763148091
ablations,05_results/ablations/run28_lora_segfix_10ep/noise_eval/robustness_report.json,clean.pixel_level.auroc,80.24380807258059
ablations,05_results/ablations/run28_lora_segfix_10ep/noise_eval/robustness_report.json,clean.pixel_level.pro,27.10317443810989
ablations,05_results/ablations/run28_lora_segfix_10ep/noise_eval/robustness_report.json,clean.pixel_level.ap,3.4971732750550633
ablations,05_results/ablations/run28_lora_segfix_10ep/noise_eval/robustness_report.json,clean.n_samples,74
ablations,05_results/ablations/run28_lora_segfix_10ep/noise_eval/robustness_report.json,clean.thresholded.image_threshold,-0.015909608453512192
ablations,05_results/ablations/run28_lora_segfix_10ep/noise_eval/robustness_report.json,clean.thresholded.pixel_threshold,0.9291562438011169
ablations,05_results/ablations/run28_lora_segfix_10ep/noise_eval/robustness_report.json,clean.thresholded.image_accuracy,71.62162162162163
ablations,05_results/ablations/run28_lora_segfix_10ep/noise_eval/robustness_report.json,clean.thresholded.image_precision,42.10526315789473
ablations,05_results/ablations/run28_lora_segfix_10ep/noise_eval/robustness_report.json,clean.thresholded.image_recall,44.44444444444444
ablations,05_results/ablations/run28_lora_segfix_10ep/noise_eval/robustness_report.json,clean.thresholded.image_f1,43.24324324324324
ablations,05_results/ablations/run28_lora_segfix_10ep/noise_eval/robustness_report.json,clean.thresholded.pixel_accuracy,96.86608706618098
ablations,05_results/ablations/run28_lora_segfix_10ep/noise_eval/robustness_report.json,noisy.image_level.auroc,74.30555555555556
ablations,05_results/ablations/run28_lora_segfix_10ep/noise_eval/robustness_report.json,noisy.image_level.f1_max,53.84615339349112
ablations,05_results/ablations/run28_lora_segfix_10ep/noise_eval/robustness_report.json,noisy.image_level.ap,46.99513817104166
ablations,05_results/ablations/run28_lora_segfix_10ep/noise_eval/robustness_report.json,noisy.pixel_level.auroc,76.55910927105612
ablations,05_results/ablations/run28_lora_segfix_10ep/noise_eval/robustness_report.json,noisy.pixel_level.pro,28.5476597291553
ablations,05_results/ablations/run28_lora_segfix_10ep/noise_eval/robustness_report.json,noisy.pixel_level.ap,2.9516513354276688
ablations,05_results/ablations/run28_lora_segfix_10ep/noise_eval/robustness_report.json,noisy.n_samples,74
ablations,05_results/ablations/run28_lora_segfix_10ep/noise_eval/robustness_report.json,noisy.thresholded.image_threshold,-0.015909608453512192
ablations,05_results/ablations/run28_lora_segfix_10ep/noise_eval/robustness_report.json,noisy.thresholded.pixel_threshold,0.9291562438011169
ablations,05_results/ablations/run28_lora_segfix_10ep/noise_eval/robustness_report.json,noisy.thresholded.image_accuracy,24.324324324324326
ablations,05_results/ablations/run28_lora_segfix_10ep/noise_eval/robustness_report.json,noisy.thresholded.image_precision,24.324324324324326
ablations,05_results/ablations/run28_lora_segfix_10ep/noise_eval/robustness_report.json,noisy.thresholded.image_recall,100.0
ablations,05_results/ablations/run28_lora_segfix_10ep/noise_eval/robustness_report.json,noisy.thresholded.image_f1,39.130434782608695
ablations,05_results/ablations/run28_lora_segfix_10ep/noise_eval/robustness_report.json,noisy.thresholded.pixel_accuracy,97.20773735826434
ablations,05_results/ablations/run28_lora_segfix_10ep/noise_eval/robustness_report.json,delta.image_auroc,1.8849206349206327
ablations,05_results/ablations/run28_lora_segfix_10ep/noise_eval/robustness_report.json,delta.image_f1_max,-0.6993006684923557
ablations,05_results/ablations/run28_lora_segfix_10ep/noise_eval/robustness_report.json,delta.image_ap,6.029180539560748
ablations,05_results/ablations/run28_lora_segfix_10ep/noise_eval/robustness_report.json,delta.pixel_auroc,-3.684698801524476
ablations,05_results/ablations/run28_lora_segfix_10ep/noise_eval/robustness_report.json,delta.pixel_pro,1.4444852910454102
ablations,05_results/ablations/run28_lora_segfix_10ep/noise_eval/robustness_report.json,delta.pixel_ap,-0.5455219396273945
ablations,05_results/ablations/run28_lora_segfix_10ep/noise_eval/robustness_report.json,delta.image_accuracy,-47.297297297297305
ablations,05_results/ablations/run28_lora_segfix_10ep/noise_eval/robustness_report.json,delta.image_f1,-4.112808460634547
ablations,05_results/ablations/run28_lora_segfix_10ep/noise_eval/robustness_report.json,delta.pixel_accuracy,0.34165029208335795
ablations,05_results/ablations/run28_lora_segfix_10ep/training_metrics.json,[0].epoch,1
ablations,05_results/ablations/run28_lora_segfix_10ep/training_metrics.json,[0].train_loss,1.4158935766953689
ablations,05_results/ablations/run28_lora_segfix_10ep/training_metrics.json,[0].train_seg,0.31739072730908024
ablations,05_results/ablations/run28_lora_segfix_10ep/training_metrics.json,[0].train_class,0.721572324862847
ablations,05_results/ablations/run28_lora_segfix_10ep/training_metrics.json,[0].train_vae,3.744772004164182
ablations,05_results/ablations/run28_lora_segfix_10ep/training_metrics.json,[0].train_reg,0.6789656221866608
ablations,05_results/ablations/run28_lora_segfix_10ep/training_metrics.json,[0].train_consistency,0.0
ablations,05_results/ablations/run28_lora_segfix_10ep/training_metrics.json,[0].val_loss,1.3686079382896423
ablations,05_results/ablations/run28_lora_segfix_10ep/training_metrics.json,[0].val_seg,0.3174442067742348
ablations,05_results/ablations/run28_lora_segfix_10ep/training_metrics.json,[0].val_class,0.7069028705358505
ablations,05_results/ablations/run28_lora_segfix_10ep/training_metrics.json,[0].val_vae,1.60782989859581
ablations,05_results/ablations/run28_lora_segfix_10ep/training_metrics.json,[0].val_reg,0.6563651382923126
ablations,05_results/ablations/run28_lora_segfix_10ep/training_metrics.json,[0].lr,0.0001230769230769231
ablations,05_results/ablations/run28_lora_segfix_10ep/training_metrics.json,[0].epoch_time_sec,97.65827441215515
ablations,05_results/ablations/run28_lora_segfix_10ep/training_metrics.json,[1].epoch,2
ablations,05_results/ablations/run28_lora_segfix_10ep/training_metrics.json,[1].train_loss,1.3698714613914489
ablations,05_results/ablations/run28_lora_segfix_10ep/training_metrics.json,[1].train_seg,0.3336661836275688
ablations,05_results/ablations/run28_lora_segfix_10ep/training_metrics.json,[1].train_class,0.6989526854111598
ablations,05_results/ablations/run28_lora_segfix_10ep/training_metrics.json,[1].train_vae,3.4212688326835634
ablations,05_results/ablations/run28_lora_segfix_10ep/training_metrics.json,[1].train_reg,0.6005636164775261
ablations,05_results/ablations/run28_lora_segfix_10ep/training_metrics.json,[1].train_consistency,0.027581003996042106
ablations,05_results/ablations/run28_lora_segfix_10ep/training_metrics.json,[1].val_loss,1.3725389420986176
ablations,05_results/ablations/run28_lora_segfix_10ep/training_metrics.json,[1].val_seg,0.34511408060789106
ablations,05_results/ablations/run28_lora_segfix_10ep/training_metrics.json,[1].val_class,0.6938345998525619
ablations,05_results/ablations/run28_lora_segfix_10ep/training_metrics.json,[1].val_vae,2.297886145114899
ablations,05_results/ablations/run28_lora_segfix_10ep/training_metrics.json,[1].val_reg,0.6212227791547775
ablations,05_results/ablations/run28_lora_segfix_10ep/training_metrics.json,[1].lr,0.0002461538461538462
ablations,05_results/ablations/run28_lora_segfix_10ep/training_metrics.json,[1].epoch_time_sec,125.38692736625671
ablations,05_results/ablations/run28_lora_segfix_10ep/training_metrics.json,[2].epoch,3
ablations,05_results/ablations/run28_lora_segfix_10ep/training_metrics.json,[2].train_loss,1.3857663227961614
ablations,05_results/ablations/run28_lora_segfix_10ep/training_metrics.json,[2].train_seg,0.3629044950008392
ablations,05_results/ablations/run28_lora_segfix_10ep/training_metrics.json,[2].train_class,0.6918796048714564
ablations,05_results/ablations/run28_lora_segfix_10ep/training_metrics.json,[2].train_vae,4.419476193648118
ablations,05_results/ablations/run28_lora_segfix_10ep/training_metrics.json,[2].train_reg,0.5634595669232882
ablations,05_results/ablations/run28_lora_segfix_10ep/training_metrics.json,[2].train_consistency,0.05057690559098354
ablations,05_results/ablations/run28_lora_segfix_10ep/training_metrics.json,[2].val_loss,1.3858518660068513
ablations,05_results/ablations/run28_lora_segfix_10ep/training_metrics.json,[2].val_seg,0.3481633305549622
ablations,05_results/ablations/run28_lora_segfix_10ep/training_metrics.json,[2].val_class,0.6951543390750885
ablations,05_results/ablations/run28_lora_segfix_10ep/training_metrics.json,[2].val_vae,3.746457874774933
ablations,05_results/ablations/run28_lora_segfix_10ep/training_metrics.json,[2].val_reg,0.6101392388343811
ablations,05_results/ablations/run28_lora_segfix_10ep/training_metrics.json,[2].lr,0.00036923076923076927
ablations,05_results/ablations/run28_lora_segfix_10ep/training_metrics.json,[2].epoch_time_sec,126.06224989891052
ablations,05_results/ablations/run28_lora_segfix_10ep/training_metrics.json,[3].epoch,4
ablations,05_results/ablations/run28_lora_segfix_10ep/training_metrics.json,[3].train_loss,1.340251691524799
ablations,05_results/ablations/run28_lora_segfix_10ep/training_metrics.json,[3].train_seg,0.31779495500601257
ablations,05_results/ablations/run28_lora_segfix_10ep/training_metrics.json,[3].train_class,0.7155494424012991
ablations,05_results/ablations/run28_lora_segfix_10ep/training_metrics.json,[3].train_vae,4.016191311982962
ablations,05_results/ablations/run28_lora_segfix_10ep/training_metrics.json,[3].train_reg,0.517125599200909
ablations,05_results/ablations/run28_lora_segfix_10ep/training_metrics.json,[3].train_consistency,0.08182578505231784
ablations,05_results/ablations/run28_lora_segfix_10ep/training_metrics.json,[3].val_loss,1.3331540882587434
ablations,05_results/ablations/run28_lora_segfix_10ep/training_metrics.json,[3].val_seg,0.31884387582540513
ablations,05_results/ablations/run28_lora_segfix_10ep/training_metrics.json,[3].val_class,0.70326027572155
ablations,05_results/ablations/run28_lora_segfix_10ep/training_metrics.json,[3].val_vae,3.0742409467697143
ablations,05_results/ablations/run28_lora_segfix_10ep/training_metrics.json,[3].val_reg,0.5606149911880494
ablations,05_results/ablations/run28_lora_segfix_10ep/training_metrics.json,[3].lr,0.0004923076923076924
ablations,05_results/ablations/run28_lora_segfix_10ep/training_metrics.json,[3].epoch_time_sec,125.03836703300476
ablations,05_results/ablations/run28_lora_segfix_10ep/training_metrics.json,[4].epoch,5
ablations,05_results/ablations/run28_lora_segfix_10ep/training_metrics.json,[4].train_loss,1.3411083001356858
ablations,05_results/ablations/run28_lora_segfix_10ep/training_metrics.json,[4].train_seg,0.35442727918808276
ablations,05_results/ablations/run28_lora_segfix_10ep/training_metrics.json,[4].train_class,0.6925400371734912
ablations,05_results/ablations/run28_lora_segfix_10ep/training_metrics.json,[4].train_vae,4.358722385993371
ablations,05_results/ablations/run28_lora_segfix_10ep/training_metrics.json,[4].train_reg,0.48777573429621185
ablations,05_results/ablations/run28_lora_segfix_10ep/training_metrics.json,[4].train_consistency,0.06665887454381356
ablations,05_results/ablations/run28_lora_segfix_10ep/training_metrics.json,[4].val_loss,1.3368014335632323
ablations,05_results/ablations/run28_lora_segfix_10ep/training_metrics.json,[4].val_seg,0.3328528493642807
ablations,05_results/ablations/run28_lora_segfix_10ep/training_metrics.json,[4].val_class,0.6959304660558701
ablations,05_results/ablations/run28_lora_segfix_10ep/training_metrics.json,[4].val_vae,2.5492346048355103
ablations,05_results/ablations/run28_lora_segfix_10ep/training_metrics.json,[4].val_reg,0.5650515496730805
ablations,05_results/ablations/run28_lora_segfix_10ep/training_metrics.json,[4].lr,0.0004991893321275711
ablations,05_results/ablations/run28_lora_segfix_10ep/training_metrics.json,[4].epoch_time_sec,123.68841886520386
ablations,05_results/ablations/run28_lora_segfix_10ep/training_metrics.json,[5].epoch,6
ablations,05_results/ablations/run28_lora_segfix_10ep/training_metrics.json,[5].train_loss,1.3296519279479981
ablations,05_results/ablations/run28_lora_segfix_10ep/training_metrics.json,[5].train_seg,0.3155650592767275
ablations,05_results/ablations/run28_lora_segfix_10ep/training_metrics.json,[5].train_class,0.7139515807995429
ablations,05_results/ablations/run28_lora_segfix_10ep/training_metrics.json,[5].train_vae,5.59005347948808
ablations,05_results/ablations/run28_lora_segfix_10ep/training_metrics.json,[5].train_reg,0.4668609055188986
ablations,05_results/ablations/run28_lora_segfix_10ep/training_metrics.json,[5].train_consistency,0.10804306641221047
ablations,05_results/ablations/run28_lora_segfix_10ep/training_metrics.json,[5].val_loss,1.3180461347103118
ablations,05_results/ablations/run28_lora_segfix_10ep/training_metrics.json,[5].val_seg,0.32709470838308335
ablations,05_results/ablations/run28_lora_segfix_10ep/training_metrics.json,[5].val_class,0.6983613014221192
ablations,05_results/ablations/run28_lora_segfix_10ep/training_metrics.json,[5].val_vae,3.056304323673248
ablations,05_results/ablations/run28_lora_segfix_10ep/training_metrics.json,[5].val_reg,0.5240541696548462
ablations,05_results/ablations/run28_lora_segfix_10ep/training_metrics.json,[5].lr,0.0004965436458587647
ablations,05_results/ablations/run28_lora_segfix_10ep/training_metrics.json,[5].epoch_time_sec,123.69524812698364
ablations,05_results/ablations/run28_lora_segfix_10ep/training_metrics.json,[6].epoch,7
ablations,05_results/ablations/run28_lora_segfix_10ep/training_metrics.json,[6].train_loss,1.3177058944335351
ablations,05_results/ablations/run28_lora_segfix_10ep/training_metrics.json,[6].train_seg,0.3440783005494338
ablations,05_results/ablations/run28_lora_segfix_10ep/training_metrics.json,[6].train_class,0.6917500766424033
ablations,05_results/ablations/run28_lora_segfix_10ep/training_metrics.json,[6].train_vae,4.434509471746591
ablations,05_results/ablations/run28_lora_segfix_10ep/training_metrics.json,[6].train_reg,0.4533967041052305
ablations,05_results/ablations/run28_lora_segfix_10ep/training_metrics.json,[6].train_consistency,0.10834075762675359
ablations,05_results/ablations/run28_lora_segfix_10ep/training_metrics.json,[6].val_loss,1.3144001424312592
ablations,05_results/ablations/run28_lora_segfix_10ep/training_metrics.json,[6].val_seg,0.34244129359722136
ablations,05_results/ablations/run28_lora_segfix_10ep/training_metrics.json,[6].val_class,0.6898227632045746
ablations,05_results/ablations/run28_lora_segfix_10ep/training_metrics.json,[6].val_vae,2.7317872762680055
ablations,05_results/ablations/run28_lora_segfix_10ep/training_metrics.json,[6].val_reg,0.5096364825963974
ablations,05_results/ablations/run28_lora_segfix_10ep/training_metrics.json,[6].lr,0.0004920788854360581
ablations,05_results/ablations/run28_lora_segfix_10ep/training_metrics.json,[6].epoch_time_sec,125.10754609107971
ablations,05_results/ablations/run28_lora_segfix_10ep/training_metrics.json,[7].epoch,8
ablations,05_results/ablations/run28_lora_segfix_10ep/training_metrics.json,[7].train_loss,1.326432427076193
ablations,05_results/ablations/run28_lora_segfix_10ep/training_metrics.json,[7].train_seg,0.37320828919227306
ablations,05_results/ablations/run28_lora_segfix_10ep/training_metrics.json,[7].train_class,0.6850736095355108
ablations,05_results/ablations/run28_lora_segfix_10ep/training_metrics.json,[7].train_vae,3.770578252352201
ablations,05_results/ablations/run28_lora_segfix_10ep/training_metrics.json,[7].train_reg,0.43774920266408185
ablations,05_results/ablations/run28_lora_segfix_10ep/training_metrics.json,[7].train_consistency,0.11570143986206788
ablations,05_results/ablations/run28_lora_segfix_10ep/training_metrics.json,[7].val_loss,1.3304983913898467
ablations,05_results/ablations/run28_lora_segfix_10ep/training_metrics.json,[7].val_seg,0.3750827148556709
ablations,05_results/ablations/run28_lora_segfix_10ep/training_metrics.json,[7].val_class,0.6845310002565383
ablations,05_results/ablations/run28_lora_segfix_10ep/training_metrics.json,[7].val_vae,3.0118280410766602
ablations,05_results/ablations/run28_lora_segfix_10ep/training_metrics.json,[7].val_reg,0.48153278082609174
ablations,05_results/ablations/run28_lora_segfix_10ep/training_metrics.json,[7].lr,0.0004858279824256897
ablations,05_results/ablations/run28_lora_segfix_10ep/training_metrics.json,[7].epoch_time_sec,125.44065523147583
ablations,05_results/ablations/run28_lora_segfix_10ep/training_metrics.json,[8].epoch,9
ablations,05_results/ablations/run28_lora_segfix_10ep/training_metrics.json,[8].train_loss,1.3045385654156025
ablations,05_results/ablations/run28_lora_segfix_10ep/training_metrics.json,[8].train_seg,0.3755982573215778
ablations,05_results/ablations/run28_lora_segfix_10ep/training_metrics.json,[8].train_class,0.6801452645888695
ablations,05_results/ablations/run28_lora_segfix_10ep/training_metrics.json,[8].train_vae,3.035963801237253
ablations,05_results/ablations/run28_lora_segfix_10ep/training_metrics.json,[8].train_reg,0.4194763211103586
ablations,05_results/ablations/run28_lora_segfix_10ep/training_metrics.json,[8].train_consistency,0.08697245121002198
ablations,05_results/ablations/run28_lora_segfix_10ep/training_metrics.json,[8].val_loss,1.2608015596866609
ablations,05_results/ablations/run28_lora_segfix_10ep/training_metrics.json,[8].val_seg,0.32311494946479796
ablations,05_results/ablations/run28_lora_segfix_10ep/training_metrics.json,[8].val_class,0.689061576128006
ablations,05_results/ablations/run28_lora_segfix_10ep/training_metrics.json,[8].val_vae,1.8791554868221283
ablations,05_results/ablations/run28_lora_segfix_10ep/training_metrics.json,[8].val_reg,0.45966693162918093
ablations,05_results/ablations/run28_lora_segfix_10ep/training_metrics.json,[8].lr,0.0004778370410203934
ablations,05_results/ablations/run28_lora_segfix_10ep/training_metrics.json,[8].epoch_time_sec,124.00537180900574
ablations,05_results/ablations/run28_lora_segfix_10ep/training_metrics.json,[9].epoch,10
ablations,05_results/ablations/run28_lora_segfix_10ep/training_metrics.json,[9].train_loss,1.3006468057632445
ablations,05_results/ablations/run28_lora_segfix_10ep/training_metrics.json,[9].train_seg,0.32320447655824514
ablations,05_results/ablations/run28_lora_segfix_10ep/training_metrics.json,[9].train_class,0.7154516504361079
ablations,05_results/ablations/run28_lora_segfix_10ep/training_metrics.json,[9].train_vae,5.071971240410438
ablations,05_results/ablations/run28_lora_segfix_10ep/training_metrics.json,[9].train_reg,0.39848429216788367
ablations,05_results/ablations/run28_lora_segfix_10ep/training_metrics.json,[9].train_consistency,0.12028828721780044
ablations,05_results/ablations/run28_lora_segfix_10ep/training_metrics.json,[9].val_loss,1.2674483001232146
ablations,05_results/ablations/run28_lora_segfix_10ep/training_metrics.json,[9].val_seg,0.3310699239373207
ablations,05_results/ablations/run28_lora_segfix_10ep/training_metrics.json,[9].val_class,0.6974921196699142
ablations,05_results/ablations/run28_lora_segfix_10ep/training_metrics.json,[9].val_vae,3.335155355930328
ablations,05_results/ablations/run28_lora_segfix_10ep/training_metrics.json,[9].val_reg,0.41106946021318436
ablations,05_results/ablations/run28_lora_segfix_10ep/training_metrics.json,[9].lr,0.00046816504001617434
ablations,05_results/ablations/run28_lora_segfix_10ep/training_metrics.json,[9].epoch_time_sec,123.38127326965332
ablations,05_results/ablations/run28_lora_segfix_10ep/training_summary.json,best_val_loss,1.2608015596866609
ablations,05_results/ablations/run28_lora_segfix_10ep/training_summary.json,epochs_completed,10
ablations,05_results/ablations/run28_lora_segfix_10ep/training_summary.json,early_stopping_enabled,True
ablations,05_results/ablations/run28_lora_segfix_10ep/training_summary.json,early_stopping_patience,5
ablations,05_results/ablations/run28_lora_segfix_10ep/training_summary.json,monitor,"""val_loss"""
ablations,05_results/ablations/run28_lora_segfix_10ep/training_summary.json,metrics_file,"""outputs/run28_lora_segfix_10ep\\training_metrics.json"""
ablations,05_results/ablations/run28_lora_segfix_10ep/training_summary.json,val_visualizations_dir,"""outputs/run28_lora_segfix_10ep\\val_visualizations"""
ablations,05_results/ablations/run29_entropy_pro_noisycal_5ep/calibration_thresholds.json,image_threshold,0.007486935704946518
ablations,05_results/ablations/run29_entropy_pro_noisycal_5ep/calibration_thresholds.json,pixel_threshold,0.7667936682701111
ablations,05_results/ablations/run29_entropy_pro_noisycal_5ep/calibration_thresholds.json,val_image_f1,0.4999999950000001
ablations,05_results/ablations/run29_entropy_pro_noisycal_5ep/calibration_thresholds.json,val_pixel_f1,0.11831733114871709
ablations,05_results/ablations/run29_entropy_pro_noisycal_5ep/calibration_thresholds.json,calibration_mode,"""clean_only"""
ablations,05_results/ablations/run29_entropy_pro_noisycal_5ep/eval_results/results.json,per_category.cable.image_level.auroc,66.66666666666666
ablations,05_results/ablations/run29_entropy_pro_noisycal_5ep/eval_results/results.json,per_category.cable.image_level.f1_max,48.27586164090369
ablations,05_results/ablations/run29_entropy_pro_noisycal_5ep/eval_results/results.json,per_category.cable.image_level.ap,51.022485986385625
ablations,05_results/ablations/run29_entropy_pro_noisycal_5ep/eval_results/results.json,per_category.cable.pixel_level.auroc,64.20626718962819
ablations,05_results/ablations/run29_entropy_pro_noisycal_5ep/eval_results/results.json,per_category.cable.pixel_level.pro,34.45245162561732
ablations,05_results/ablations/run29_entropy_pro_noisycal_5ep/eval_results/results.json,per_category.cable.pixel_level.ap,3.5503364342975825
ablations,05_results/ablations/run29_entropy_pro_noisycal_5ep/eval_results/results.json,per_category.cable.n_samples,74
ablations,05_results/ablations/run29_entropy_pro_noisycal_5ep/eval_results/results.json,per_category.cable.n_anomalous,18
ablations,05_results/ablations/run29_entropy_pro_noisycal_5ep/eval_results/results.json,overall.image_level.auroc,66.66666666666666
ablations,05_results/ablations/run29_entropy_pro_noisycal_5ep/eval_results/results.json,overall.image_level.f1_max,48.27586164090369
ablations,05_results/ablations/run29_entropy_pro_noisycal_5ep/eval_results/results.json,overall.image_level.ap,51.022485986385625
ablations,05_results/ablations/run29_entropy_pro_noisycal_5ep/eval_results/results.json,overall.pixel_level.auroc,64.20626718962819
ablations,05_results/ablations/run29_entropy_pro_noisycal_5ep/eval_results/results.json,overall.pixel_level.pro,34.45245162561732
ablations,05_results/ablations/run29_entropy_pro_noisycal_5ep/eval_results/results.json,overall.pixel_level.ap,3.5503364342975825
ablations,05_results/ablations/run29_entropy_pro_noisycal_5ep/eval_results/results.json,overall.n_samples,74
ablations,05_results/ablations/run29_entropy_pro_noisycal_5ep/eval_results/results.json,overall.thresholded.image_threshold,0.007486935704946518
ablations,05_results/ablations/run29_entropy_pro_noisycal_5ep/eval_results/results.json,overall.thresholded.pixel_threshold,0.7667936682701111
ablations,05_results/ablations/run29_entropy_pro_noisycal_5ep/eval_results/results.json,overall.thresholded.image_accuracy,71.62162162162163
ablations,05_results/ablations/run29_entropy_pro_noisycal_5ep/eval_results/results.json,overall.thresholded.image_precision,41.17647058823529
ablations,05_results/ablations/run29_entropy_pro_noisycal_5ep/eval_results/results.json,overall.thresholded.image_recall,38.88888888888889
ablations,05_results/ablations/run29_entropy_pro_noisycal_5ep/eval_results/results.json,overall.thresholded.image_f1,40.0
ablations,05_results/ablations/run29_entropy_pro_noisycal_5ep/eval_results/results.json,overall.thresholded.pixel_accuracy,96.55607964070867
ablations,05_results/ablations/run29_entropy_pro_noisycal_5ep/noise_eval/noise_results.json,overall.image_level.auroc,54.365079365079374
ablations,05_results/ablations/run29_entropy_pro_noisycal_5ep/noise_eval/noise_results.json,overall.image_level.f1_max,40.50632876205737
ablations,05_results/ablations/run29_entropy_pro_noisycal_5ep/noise_eval/noise_results.json,overall.image_level.ap,36.47534983519329
ablations,05_results/ablations/run29_entropy_pro_noisycal_5ep/noise_eval/noise_results.json,overall.pixel_level.auroc,69.58622694369727
ablations,05_results/ablations/run29_entropy_pro_noisycal_5ep/noise_eval/noise_results.json,overall.pixel_level.pro,35.24850589756441
ablations,05_results/ablations/run29_entropy_pro_noisycal_5ep/noise_eval/noise_results.json,overall.pixel_level.ap,2.9796854478313706
ablations,05_results/ablations/run29_entropy_pro_noisycal_5ep/noise_eval/noise_results.json,overall.n_samples,74
ablations,05_results/ablations/run29_entropy_pro_noisycal_5ep/noise_eval/noise_results.json,overall.thresholded.image_threshold,0.007486935704946518
ablations,05_results/ablations/run29_entropy_pro_noisycal_5ep/noise_eval/noise_results.json,overall.thresholded.pixel_threshold,0.7667936682701111
ablations,05_results/ablations/run29_entropy_pro_noisycal_5ep/noise_eval/noise_results.json,overall.thresholded.image_accuracy,64.86486486486487
ablations,05_results/ablations/run29_entropy_pro_noisycal_5ep/noise_eval/noise_results.json,overall.thresholded.image_precision,33.33333333333333
ablations,05_results/ablations/run29_entropy_pro_noisycal_5ep/noise_eval/noise_results.json,overall.thresholded.image_recall,44.44444444444444
ablations,05_results/ablations/run29_entropy_pro_noisycal_5ep/noise_eval/noise_results.json,overall.thresholded.image_f1,38.095238095238095
ablations,05_results/ablations/run29_entropy_pro_noisycal_5ep/noise_eval/noise_results.json,overall.thresholded.pixel_accuracy,95.90875311291673
ablations,05_results/ablations/run29_entropy_pro_noisycal_5ep/noise_eval/robustness_report.json,clean.image_level.auroc,66.66666666666666
ablations,05_results/ablations/run29_entropy_pro_noisycal_5ep/noise_eval/robustness_report.json,clean.image_level.f1_max,48.27586164090369
ablations,05_results/ablations/run29_entropy_pro_noisycal_5ep/noise_eval/robustness_report.json,clean.image_level.ap,51.022485986385625
ablations,05_results/ablations/run29_entropy_pro_noisycal_5ep/noise_eval/robustness_report.json,clean.pixel_level.auroc,64.20626718962819
ablations,05_results/ablations/run29_entropy_pro_noisycal_5ep/noise_eval/robustness_report.json,clean.pixel_level.pro,34.45245162561732
ablations,05_results/ablations/run29_entropy_pro_noisycal_5ep/noise_eval/robustness_report.json,clean.pixel_level.ap,3.5503364342975825
ablations,05_results/ablations/run29_entropy_pro_noisycal_5ep/noise_eval/robustness_report.json,clean.n_samples,74
ablations,05_results/ablations/run29_entropy_pro_noisycal_5ep/noise_eval/robustness_report.json,clean.thresholded.image_threshold,0.007486935704946518
ablations,05_results/ablations/run29_entropy_pro_noisycal_5ep/noise_eval/robustness_report.json,clean.thresholded.pixel_threshold,0.7667936682701111
ablations,05_results/ablations/run29_entropy_pro_noisycal_5ep/noise_eval/robustness_report.json,clean.thresholded.image_accuracy,71.62162162162163
ablations,05_results/ablations/run29_entropy_pro_noisycal_5ep/noise_eval/robustness_report.json,clean.thresholded.image_precision,41.17647058823529
ablations,05_results/ablations/run29_entropy_pro_noisycal_5ep/noise_eval/robustness_report.json,clean.thresholded.image_recall,38.88888888888889
ablations,05_results/ablations/run29_entropy_pro_noisycal_5ep/noise_eval/robustness_report.json,clean.thresholded.image_f1,40.0
ablations,05_results/ablations/run29_entropy_pro_noisycal_5ep/noise_eval/robustness_report.json,clean.thresholded.pixel_accuracy,96.55607964070867
ablations,05_results/ablations/run29_entropy_pro_noisycal_5ep/noise_eval/robustness_report.json,noisy.image_level.auroc,54.365079365079374
ablations,05_results/ablations/run29_entropy_pro_noisycal_5ep/noise_eval/robustness_report.json,noisy.image_level.f1_max,40.50632876205737
ablations,05_results/ablations/run29_entropy_pro_noisycal_5ep/noise_eval/robustness_report.json,noisy.image_level.ap,36.47534983519329
ablations,05_results/ablations/run29_entropy_pro_noisycal_5ep/noise_eval/robustness_report.json,noisy.pixel_level.auroc,69.58622694369727
ablations,05_results/ablations/run29_entropy_pro_noisycal_5ep/noise_eval/robustness_report.json,noisy.pixel_level.pro,35.24850589756441
ablations,05_results/ablations/run29_entropy_pro_noisycal_5ep/noise_eval/robustness_report.json,noisy.pixel_level.ap,2.9796854478313706
ablations,05_results/ablations/run29_entropy_pro_noisycal_5ep/noise_eval/robustness_report.json,noisy.n_samples,74
ablations,05_results/ablations/run29_entropy_pro_noisycal_5ep/noise_eval/robustness_report.json,noisy.thresholded.image_threshold,0.007486935704946518
ablations,05_results/ablations/run29_entropy_pro_noisycal_5ep/noise_eval/robustness_report.json,noisy.thresholded.pixel_threshold,0.7667936682701111
ablations,05_results/ablations/run29_entropy_pro_noisycal_5ep/noise_eval/robustness_report.json,noisy.thresholded.image_accuracy,64.86486486486487
ablations,05_results/ablations/run29_entropy_pro_noisycal_5ep/noise_eval/robustness_report.json,noisy.thresholded.image_precision,33.33333333333333
ablations,05_results/ablations/run29_entropy_pro_noisycal_5ep/noise_eval/robustness_report.json,noisy.thresholded.image_recall,44.44444444444444
ablations,05_results/ablations/run29_entropy_pro_noisycal_5ep/noise_eval/robustness_report.json,noisy.thresholded.image_f1,38.095238095238095
ablations,05_results/ablations/run29_entropy_pro_noisycal_5ep/noise_eval/robustness_report.json,noisy.thresholded.pixel_accuracy,95.90875311291673
ablations,05_results/ablations/run29_entropy_pro_noisycal_5ep/noise_eval/robustness_report.json,delta.image_auroc,-12.301587301587283
ablations,05_results/ablations/run29_entropy_pro_noisycal_5ep/noise_eval/robustness_report.json,delta.image_f1_max,-7.76953287884632
ablations,05_results/ablations/run29_entropy_pro_noisycal_5ep/noise_eval/robustness_report.json,delta.image_ap,-14.547136151192333
ablations,05_results/ablations/run29_entropy_pro_noisycal_5ep/noise_eval/robustness_report.json,delta.pixel_auroc,5.379959754069077
ablations,05_results/ablations/run29_entropy_pro_noisycal_5ep/noise_eval/robustness_report.json,delta.pixel_pro,0.7960542719470851
ablations,05_results/ablations/run29_entropy_pro_noisycal_5ep/noise_eval/robustness_report.json,delta.pixel_ap,-0.5706509864662119
ablations,05_results/ablations/run29_entropy_pro_noisycal_5ep/noise_eval/robustness_report.json,delta.image_accuracy,-6.756756756756758
ablations,05_results/ablations/run29_entropy_pro_noisycal_5ep/noise_eval/robustness_report.json,delta.image_f1,-1.904761904761905
ablations,05_results/ablations/run29_entropy_pro_noisycal_5ep/noise_eval/robustness_report.json,delta.pixel_accuracy,-0.6473265277919467
ablations,05_results/ablations/run29_entropy_pro_noisycal_5ep/training_metrics.json,[0].epoch,1
ablations,05_results/ablations/run29_entropy_pro_noisycal_5ep/training_metrics.json,[0].train_loss,1.7033419517370372
ablations,05_results/ablations/run29_entropy_pro_noisycal_5ep/training_metrics.json,[0].train_seg,0.6104021737208734
ablations,05_results/ablations/run29_entropy_pro_noisycal_5ep/training_metrics.json,[0].train_class,0.7158646867825434
ablations,05_results/ablations/run29_entropy_pro_noisycal_5ep/training_metrics.json,[0].train_vae,3.756805818814498
ablations,05_results/ablations/run29_entropy_pro_noisycal_5ep/training_metrics.json,[0].train_reg,0.6790140670079451
ablations,05_results/ablations/run29_entropy_pro_noisycal_5ep/training_metrics.json,[0].train_consistency,0.0
ablations,05_results/ablations/run29_entropy_pro_noisycal_5ep/training_metrics.json,[0].val_loss,1.5751959145069123
ablations,05_results/ablations/run29_entropy_pro_noisycal_5ep/training_metrics.json,[0].val_seg,0.5334864914417267
ablations,05_results/ablations/run29_entropy_pro_noisycal_5ep/training_metrics.json,[0].val_class,0.6966917008161545
ablations,05_results/ablations/run29_entropy_pro_noisycal_5ep/training_metrics.json,[0].val_vae,1.5724093794822693
ablations,05_results/ablations/run29_entropy_pro_noisycal_5ep/training_metrics.json,[0].val_reg,0.6585872411727905
ablations,05_results/ablations/run29_entropy_pro_noisycal_5ep/training_metrics.json,[0].lr,0.0001230769230769231
ablations,05_results/ablations/run29_entropy_pro_noisycal_5ep/training_metrics.json,[0].epoch_time_sec,94.70757603645325
ablations,05_results/ablations/run29_entropy_pro_noisycal_5ep/training_metrics.json,[1].epoch,2
ablations,05_results/ablations/run29_entropy_pro_noisycal_5ep/training_metrics.json,[1].train_loss,1.5858546779705929
ablations,05_results/ablations/run29_entropy_pro_noisycal_5ep/training_metrics.json,[1].train_seg,0.5516153092567737
ablations,05_results/ablations/run29_entropy_pro_noisycal_5ep/training_metrics.json,[1].train_class,0.6929507613182068
ablations,05_results/ablations/run29_entropy_pro_noisycal_5ep/training_metrics.json,[1].train_vae,3.6802221270707935
ablations,05_results/ablations/run29_entropy_pro_noisycal_5ep/training_metrics.json,[1].train_reg,0.603135700409229
ablations,05_results/ablations/run29_entropy_pro_noisycal_5ep/training_metrics.json,[1].train_consistency,0.029185373450701053
ablations,05_results/ablations/run29_entropy_pro_noisycal_5ep/training_metrics.json,[1].val_loss,1.5936558723449707
ablations,05_results/ablations/run29_entropy_pro_noisycal_5ep/training_metrics.json,[1].val_seg,0.5602093875408173
ablations,05_results/ablations/run29_entropy_pro_noisycal_5ep/training_metrics.json,[1].val_class,0.6926571726799011
ablations,05_results/ablations/run29_entropy_pro_noisycal_5ep/training_metrics.json,[1].val_vae,2.634908926486969
ablations,05_results/ablations/run29_entropy_pro_noisycal_5ep/training_metrics.json,[1].val_reg,0.6288804590702057
ablations,05_results/ablations/run29_entropy_pro_noisycal_5ep/training_metrics.json,[1].lr,0.0002461538461538462
ablations,05_results/ablations/run29_entropy_pro_noisycal_5ep/training_metrics.json,[1].epoch_time_sec,121.30880308151245
ablations,05_results/ablations/run29_entropy_pro_noisycal_5ep/training_metrics.json,[2].epoch,3
ablations,05_results/ablations/run29_entropy_pro_noisycal_5ep/training_metrics.json,[2].train_loss,1.5576196294564468
ablations,05_results/ablations/run29_entropy_pro_noisycal_5ep/training_metrics.json,[2].train_seg,0.5316296141881209
ablations,05_results/ablations/run29_entropy_pro_noisycal_5ep/training_metrics.json,[2].train_class,0.6994548669228187
ablations,05_results/ablations/run29_entropy_pro_noisycal_5ep/training_metrics.json,[2].train_vae,4.140751570921678
ablations,05_results/ablations/run29_entropy_pro_noisycal_5ep/training_metrics.json,[2].train_reg,0.5602815036590283
ablations,05_results/ablations/run29_entropy_pro_noisycal_5ep/training_metrics.json,[2].train_consistency,0.04986876085973703
ablations,05_results/ablations/run29_entropy_pro_noisycal_5ep/training_metrics.json,[2].val_loss,1.5690680980682372
ablations,05_results/ablations/run29_entropy_pro_noisycal_5ep/training_metrics.json,[2].val_seg,0.5394911110401154
ablations,05_results/ablations/run29_entropy_pro_noisycal_5ep/training_metrics.json,[2].val_class,0.6950871706008911
ablations,05_results/ablations/run29_entropy_pro_noisycal_5ep/training_metrics.json,[2].val_vae,3.3419732093811034
ablations,05_results/ablations/run29_entropy_pro_noisycal_5ep/training_metrics.json,[2].val_reg,0.6021401584148407
ablations,05_results/ablations/run29_entropy_pro_noisycal_5ep/training_metrics.json,[2].lr,0.00036923076923076927
ablations,05_results/ablations/run29_entropy_pro_noisycal_5ep/training_metrics.json,[2].epoch_time_sec,121.06058931350708
ablations,05_results/ablations/run29_entropy_pro_noisycal_5ep/training_metrics.json,[3].epoch,4
ablations,05_results/ablations/run29_entropy_pro_noisycal_5ep/training_metrics.json,[3].train_loss,1.5997526150483352
ablations,05_results/ablations/run29_entropy_pro_noisycal_5ep/training_metrics.json,[3].train_seg,0.5927508904383733
ablations,05_results/ablations/run29_entropy_pro_noisycal_5ep/training_metrics.json,[3].train_class,0.690930379812534
ablations,05_results/ablations/run29_entropy_pro_noisycal_5ep/training_metrics.json,[3].train_vae,4.673150029549232
ablations,05_results/ablations/run29_entropy_pro_noisycal_5ep/training_metrics.json,[3].train_reg,0.5206335397867056
ablations,05_results/ablations/run29_entropy_pro_noisycal_5ep/training_metrics.json,[3].train_consistency,0.0902306854724884
ablations,05_results/ablations/run29_entropy_pro_noisycal_5ep/training_metrics.json,[3].val_loss,1.5614634096622466
ablations,05_results/ablations/run29_entropy_pro_noisycal_5ep/training_metrics.json,[3].val_seg,0.5334100216627121
ablations,05_results/ablations/run29_entropy_pro_noisycal_5ep/training_metrics.json,[3].val_class,0.7033355355262756
ablations,05_results/ablations/run29_entropy_pro_noisycal_5ep/training_metrics.json,[3].val_vae,3.6175580978393556
ablations,05_results/ablations/run29_entropy_pro_noisycal_5ep/training_metrics.json,[3].val_reg,0.577084556221962
ablations,05_results/ablations/run29_entropy_pro_noisycal_5ep/training_metrics.json,[3].lr,0.0004923076923076924
ablations,05_results/ablations/run29_entropy_pro_noisycal_5ep/training_metrics.json,[3].epoch_time_sec,122.29310846328735
ablations,05_results/ablations/run29_entropy_pro_noisycal_5ep/training_metrics.json,[4].epoch,5
ablations,05_results/ablations/run29_entropy_pro_noisycal_5ep/training_metrics.json,[4].train_loss,1.6766966810593238
ablations,05_results/ablations/run29_entropy_pro_noisycal_5ep/training_metrics.json,[4].train_seg,0.6567520943971781
ablations,05_results/ablations/run29_entropy_pro_noisycal_5ep/training_metrics.json,[4].train_class,0.7124057907324571
ablations,05_results/ablations/run29_entropy_pro_noisycal_5ep/training_metrics.json,[4].train_vae,5.147235804337722
ablations,05_results/ablations/run29_entropy_pro_noisycal_5ep/training_metrics.json,[4].train_reg,0.4879125450666134
ablations,05_results/ablations/run29_entropy_pro_noisycal_5ep/training_metrics.json,[4].train_consistency,0.12110172739395729
ablations,05_results/ablations/run29_entropy_pro_noisycal_5ep/training_metrics.json,[4].val_loss,1.5328880548477173
ablations,05_results/ablations/run29_entropy_pro_noisycal_5ep/training_metrics.json,[4].val_seg,0.5350185334682465
ablations,05_results/ablations/run29_entropy_pro_noisycal_5ep/training_metrics.json,[4].val_class,0.694277074933052
ablations,05_results/ablations/run29_entropy_pro_noisycal_5ep/training_metrics.json,[4].val_vae,3.910340201854706
ablations,05_results/ablations/run29_entropy_pro_noisycal_5ep/training_metrics.json,[4].val_reg,0.5289780616760253
ablations,05_results/ablations/run29_entropy_pro_noisycal_5ep/training_metrics.json,[4].lr,0.0004959049820899964
ablations,05_results/ablations/run29_entropy_pro_noisycal_5ep/training_metrics.json,[4].epoch_time_sec,122.17565631866455
ablations,05_results/ablations/run29_entropy_pro_noisycal_5ep/training_summary.json,best_val_loss,1.5328880548477173
ablations,05_results/ablations/run29_entropy_pro_noisycal_5ep/training_summary.json,epochs_completed,5
ablations,05_results/ablations/run29_entropy_pro_noisycal_5ep/training_summary.json,early_stopping_enabled,True
ablations,05_results/ablations/run29_entropy_pro_noisycal_5ep/training_summary.json,early_stopping_patience,5
ablations,05_results/ablations/run29_entropy_pro_noisycal_5ep/training_summary.json,monitor,"""val_loss"""
ablations,05_results/ablations/run29_entropy_pro_noisycal_5ep/training_summary.json,metrics_file,"""outputs/run29_entropy_pro_noisycal_5ep\\training_metrics.json"""
ablations,05_results/ablations/run29_entropy_pro_noisycal_5ep/training_summary.json,val_visualizations_dir,"""outputs/run29_entropy_pro_noisycal_5ep\\val_visualizations"""
ablations,05_results/ablations/run30_entropy_pro_noisycal_15es/calibration_thresholds.json,image_threshold,-0.024699760600924492
ablations,05_results/ablations/run30_entropy_pro_noisycal_15es/calibration_thresholds.json,pixel_threshold,0.8692181706428528
ablations,05_results/ablations/run30_entropy_pro_noisycal_15es/calibration_thresholds.json,val_image_f1,0.6666666617283951
ablations,05_results/ablations/run30_entropy_pro_noisycal_15es/calibration_thresholds.json,val_pixel_f1,0.0888217258182486
ablations,05_results/ablations/run30_entropy_pro_noisycal_15es/calibration_thresholds.json,calibration_mode,"""clean_only"""
ablations,05_results/ablations/run30_entropy_pro_noisycal_15es/eval_results/results.json,per_category.cable.image_level.auroc,66.07142857142858
ablations,05_results/ablations/run30_entropy_pro_noisycal_15es/eval_results/results.json,per_category.cable.image_level.f1_max,47.761193636890184
ablations,05_results/ablations/run30_entropy_pro_noisycal_15es/eval_results/results.json,per_category.cable.image_level.ap,38.11680036598564
ablations,05_results/ablations/run30_entropy_pro_noisycal_15es/eval_results/results.json,per_category.cable.pixel_level.auroc,79.90697352113654
ablations,05_results/ablations/run30_entropy_pro_noisycal_15es/eval_results/results.json,per_category.cable.pixel_level.pro,52.72255457064996
ablations,05_results/ablations/run30_entropy_pro_noisycal_15es/eval_results/results.json,per_category.cable.pixel_level.ap,2.885614357665097
ablations,05_results/ablations/run30_entropy_pro_noisycal_15es/eval_results/results.json,per_category.cable.n_samples,74
ablations,05_results/ablations/run30_entropy_pro_noisycal_15es/eval_results/results.json,per_category.cable.n_anomalous,18
ablations,05_results/ablations/run30_entropy_pro_noisycal_15es/eval_results/results.json,overall.image_level.auroc,66.07142857142858
ablations,05_results/ablations/run30_entropy_pro_noisycal_15es/eval_results/results.json,overall.image_level.f1_max,47.761193636890184
ablations,05_results/ablations/run30_entropy_pro_noisycal_15es/eval_results/results.json,overall.image_level.ap,38.11680036598564
ablations,05_results/ablations/run30_entropy_pro_noisycal_15es/eval_results/results.json,overall.pixel_level.auroc,79.90697352113654
ablations,05_results/ablations/run30_entropy_pro_noisycal_15es/eval_results/results.json,overall.pixel_level.pro,52.72255457064996
ablations,05_results/ablations/run30_entropy_pro_noisycal_15es/eval_results/results.json,overall.pixel_level.ap,2.885614357665097
ablations,05_results/ablations/run30_entropy_pro_noisycal_15es/eval_results/results.json,overall.n_samples,74
ablations,05_results/ablations/run30_entropy_pro_noisycal_15es/eval_results/results.json,overall.thresholded.image_threshold,-0.024699760600924492
ablations,05_results/ablations/run30_entropy_pro_noisycal_15es/eval_results/results.json,overall.thresholded.pixel_threshold,0.8692181706428528
ablations,05_results/ablations/run30_entropy_pro_noisycal_15es/eval_results/results.json,overall.thresholded.image_accuracy,75.67567567567568
ablations,05_results/ablations/run30_entropy_pro_noisycal_15es/eval_results/results.json,overall.thresholded.image_precision,50.0
ablations,05_results/ablations/run30_entropy_pro_noisycal_15es/eval_results/results.json,overall.thresholded.image_recall,22.22222222222222
ablations,05_results/ablations/run30_entropy_pro_noisycal_15es/eval_results/results.json,overall.thresholded.image_f1,30.76923076923077
ablations,05_results/ablations/run30_entropy_pro_noisycal_15es/eval_results/results.json,overall.thresholded.pixel_accuracy,92.12839499806003
ablations,05_results/ablations/run30_entropy_pro_noisycal_15es/noise_eval/noise_results.json,overall.image_level.auroc,45.33730158730159
ablations,05_results/ablations/run30_entropy_pro_noisycal_15es/noise_eval/noise_results.json,overall.image_level.f1_max,44.155843797605
ablations,05_results/ablations/run30_entropy_pro_noisycal_15es/noise_eval/noise_results.json,overall.image_level.ap,21.835695003358012
ablations,05_results/ablations/run30_entropy_pro_noisycal_15es/noise_eval/noise_results.json,overall.pixel_level.auroc,82.09336649037017
ablations,05_results/ablations/run30_entropy_pro_noisycal_15es/noise_eval/noise_results.json,overall.pixel_level.pro,43.49295240264234
ablations,05_results/ablations/run30_entropy_pro_noisycal_15es/noise_eval/noise_results.json,overall.pixel_level.ap,2.5755069925246468
ablations,05_results/ablations/run30_entropy_pro_noisycal_15es/noise_eval/noise_results.json,overall.n_samples,74
ablations,05_results/ablations/run30_entropy_pro_noisycal_15es/noise_eval/noise_results.json,overall.thresholded.image_threshold,-0.024699760600924492
ablations,05_results/ablations/run30_entropy_pro_noisycal_15es/noise_eval/noise_results.json,overall.thresholded.pixel_threshold,0.8692181706428528
ablations,05_results/ablations/run30_entropy_pro_noisycal_15es/noise_eval/noise_results.json,overall.thresholded.image_accuracy,24.324324324324326
ablations,05_results/ablations/run30_entropy_pro_noisycal_15es/noise_eval/noise_results.json,overall.thresholded.image_precision,24.324324324324326
ablations,05_results/ablations/run30_entropy_pro_noisycal_15es/noise_eval/noise_results.json,overall.thresholded.image_recall,100.0
ablations,05_results/ablations/run30_entropy_pro_noisycal_15es/noise_eval/noise_results.json,overall.thresholded.image_f1,39.130434782608695
ablations,05_results/ablations/run30_entropy_pro_noisycal_15es/noise_eval/noise_results.json,overall.thresholded.pixel_accuracy,90.74685122504177
ablations,05_results/ablations/run30_entropy_pro_noisycal_15es/noise_eval/robustness_report.json,clean.image_level.auroc,66.07142857142858
ablations,05_results/ablations/run30_entropy_pro_noisycal_15es/noise_eval/robustness_report.json,clean.image_level.f1_max,47.761193636890184
ablations,05_results/ablations/run30_entropy_pro_noisycal_15es/noise_eval/robustness_report.json,clean.image_level.ap,38.11680036598564
ablations,05_results/ablations/run30_entropy_pro_noisycal_15es/noise_eval/robustness_report.json,clean.pixel_level.auroc,79.90697352113654
ablations,05_results/ablations/run30_entropy_pro_noisycal_15es/noise_eval/robustness_report.json,clean.pixel_level.pro,52.72255457064996
ablations,05_results/ablations/run30_entropy_pro_noisycal_15es/noise_eval/robustness_report.json,clean.pixel_level.ap,2.885614357665097
ablations,05_results/ablations/run30_entropy_pro_noisycal_15es/noise_eval/robustness_report.json,clean.n_samples,74
ablations,05_results/ablations/run30_entropy_pro_noisycal_15es/noise_eval/robustness_report.json,clean.thresholded.image_threshold,-0.024699760600924492
ablations,05_results/ablations/run30_entropy_pro_noisycal_15es/noise_eval/robustness_report.json,clean.thresholded.pixel_threshold,0.8692181706428528
ablations,05_results/ablations/run30_entropy_pro_noisycal_15es/noise_eval/robustness_report.json,clean.thresholded.image_accuracy,75.67567567567568
ablations,05_results/ablations/run30_entropy_pro_noisycal_15es/noise_eval/robustness_report.json,clean.thresholded.image_precision,50.0
ablations,05_results/ablations/run30_entropy_pro_noisycal_15es/noise_eval/robustness_report.json,clean.thresholded.image_recall,22.22222222222222
ablations,05_results/ablations/run30_entropy_pro_noisycal_15es/noise_eval/robustness_report.json,clean.thresholded.image_f1,30.76923076923077
ablations,05_results/ablations/run30_entropy_pro_noisycal_15es/noise_eval/robustness_report.json,clean.thresholded.pixel_accuracy,92.12839499806003
ablations,05_results/ablations/run30_entropy_pro_noisycal_15es/noise_eval/robustness_report.json,noisy.image_level.auroc,45.33730158730159
ablations,05_results/ablations/run30_entropy_pro_noisycal_15es/noise_eval/robustness_report.json,noisy.image_level.f1_max,44.155843797605
ablations,05_results/ablations/run30_entropy_pro_noisycal_15es/noise_eval/robustness_report.json,noisy.image_level.ap,21.835695003358012
ablations,05_results/ablations/run30_entropy_pro_noisycal_15es/noise_eval/robustness_report.json,noisy.pixel_level.auroc,82.09336649037017
ablations,05_results/ablations/run30_entropy_pro_noisycal_15es/noise_eval/robustness_report.json,noisy.pixel_level.pro,43.49295240264234
ablations,05_results/ablations/run30_entropy_pro_noisycal_15es/noise_eval/robustness_report.json,noisy.pixel_level.ap,2.5755069925246468
ablations,05_results/ablations/run30_entropy_pro_noisycal_15es/noise_eval/robustness_report.json,noisy.n_samples,74
ablations,05_results/ablations/run30_entropy_pro_noisycal_15es/noise_eval/robustness_report.json,noisy.thresholded.image_threshold,-0.024699760600924492
ablations,05_results/ablations/run30_entropy_pro_noisycal_15es/noise_eval/robustness_report.json,noisy.thresholded.pixel_threshold,0.8692181706428528
ablations,05_results/ablations/run30_entropy_pro_noisycal_15es/noise_eval/robustness_report.json,noisy.thresholded.image_accuracy,24.324324324324326
ablations,05_results/ablations/run30_entropy_pro_noisycal_15es/noise_eval/robustness_report.json,noisy.thresholded.image_precision,24.324324324324326
ablations,05_results/ablations/run30_entropy_pro_noisycal_15es/noise_eval/robustness_report.json,noisy.thresholded.image_recall,100.0
ablations,05_results/ablations/run30_entropy_pro_noisycal_15es/noise_eval/robustness_report.json,noisy.thresholded.image_f1,39.130434782608695
ablations,05_results/ablations/run30_entropy_pro_noisycal_15es/noise_eval/robustness_report.json,noisy.thresholded.pixel_accuracy,90.74685122504177
ablations,05_results/ablations/run30_entropy_pro_noisycal_15es/noise_eval/robustness_report.json,delta.image_auroc,-20.734126984126995
ablations,05_results/ablations/run30_entropy_pro_noisycal_15es/noise_eval/robustness_report.json,delta.image_f1_max,-3.605349839285182
ablations,05_results/ablations/run30_entropy_pro_noisycal_15es/noise_eval/robustness_report.json,delta.image_ap,-16.281105362627628
ablations,05_results/ablations/run30_entropy_pro_noisycal_15es/noise_eval/robustness_report.json,delta.pixel_auroc,2.186392969233637
ablations,05_results/ablations/run30_entropy_pro_noisycal_15es/noise_eval/robustness_report.json,delta.pixel_pro,-9.229602168007624
ablations,05_results/ablations/run30_entropy_pro_noisycal_15es/noise_eval/robustness_report.json,delta.pixel_ap,-0.31010736514045023
ablations,05_results/ablations/run30_entropy_pro_noisycal_15es/noise_eval/robustness_report.json,delta.image_accuracy,-51.351351351351354
ablations,05_results/ablations/run30_entropy_pro_noisycal_15es/noise_eval/robustness_report.json,delta.image_f1,8.361204013377925
ablations,05_results/ablations/run30_entropy_pro_noisycal_15es/noise_eval/robustness_report.json,delta.pixel_accuracy,-1.3815437730182651
ablations,05_results/ablations/run30_entropy_pro_noisycal_15es/training_metrics.json,[0].epoch,1
ablations,05_results/ablations/run30_entropy_pro_noisycal_15es/training_metrics.json,[0].train_loss,1.7033419517370372
ablations,05_results/ablations/run30_entropy_pro_noisycal_15es/training_metrics.json,[0].train_seg,0.6104021737208734
ablations,05_results/ablations/run30_entropy_pro_noisycal_15es/training_metrics.json,[0].train_class,0.7158646867825434
ablations,05_results/ablations/run30_entropy_pro_noisycal_15es/training_metrics.json,[0].train_vae,3.756805818814498
ablations,05_results/ablations/run30_entropy_pro_noisycal_15es/training_metrics.json,[0].train_reg,0.6790140670079451
ablations,05_results/ablations/run30_entropy_pro_noisycal_15es/training_metrics.json,[0].train_consistency,0.0
ablations,05_results/ablations/run30_entropy_pro_noisycal_15es/training_metrics.json,[0].val_loss,1.5751959145069123
ablations,05_results/ablations/run30_entropy_pro_noisycal_15es/training_metrics.json,[0].val_seg,0.5334864914417267
ablations,05_results/ablations/run30_entropy_pro_noisycal_15es/training_metrics.json,[0].val_class,0.6966917008161545
ablations,05_results/ablations/run30_entropy_pro_noisycal_15es/training_metrics.json,[0].val_vae,1.5724093794822693
ablations,05_results/ablations/run30_entropy_pro_noisycal_15es/training_metrics.json,[0].val_reg,0.6585872411727905
ablations,05_results/ablations/run30_entropy_pro_noisycal_15es/training_metrics.json,[0].lr,0.0001230769230769231
ablations,05_results/ablations/run30_entropy_pro_noisycal_15es/training_metrics.json,[0].epoch_time_sec,94.42563986778259
ablations,05_results/ablations/run30_entropy_pro_noisycal_15es/training_metrics.json,[1].epoch,2
ablations,05_results/ablations/run30_entropy_pro_noisycal_15es/training_metrics.json,[1].train_loss,1.5858546779705929
ablations,05_results/ablations/run30_entropy_pro_noisycal_15es/training_metrics.json,[1].train_seg,0.5516153092567737
ablations,05_results/ablations/run30_entropy_pro_noisycal_15es/training_metrics.json,[1].train_class,0.6929507613182068
ablations,05_results/ablations/run30_entropy_pro_noisycal_15es/training_metrics.json,[1].train_vae,3.6802221270707935
ablations,05_results/ablations/run30_entropy_pro_noisycal_15es/training_metrics.json,[1].train_reg,0.603135700409229
ablations,05_results/ablations/run30_entropy_pro_noisycal_15es/training_metrics.json,[1].train_consistency,0.029185373450701053
ablations,05_results/ablations/run30_entropy_pro_noisycal_15es/training_metrics.json,[1].val_loss,1.5936558723449707
ablations,05_results/ablations/run30_entropy_pro_noisycal_15es/training_metrics.json,[1].val_seg,0.5602093875408173
ablations,05_results/ablations/run30_entropy_pro_noisycal_15es/training_metrics.json,[1].val_class,0.6926571726799011
ablations,05_results/ablations/run30_entropy_pro_noisycal_15es/training_metrics.json,[1].val_vae,2.634908926486969
ablations,05_results/ablations/run30_entropy_pro_noisycal_15es/training_metrics.json,[1].val_reg,0.6288804590702057
ablations,05_results/ablations/run30_entropy_pro_noisycal_15es/training_metrics.json,[1].lr,0.0002461538461538462
ablations,05_results/ablations/run30_entropy_pro_noisycal_15es/training_metrics.json,[1].epoch_time_sec,122.27618932723999
ablations,05_results/ablations/run30_entropy_pro_noisycal_15es/training_metrics.json,[2].epoch,3
ablations,05_results/ablations/run30_entropy_pro_noisycal_15es/training_metrics.json,[2].train_loss,1.5576196294564468
ablations,05_results/ablations/run30_entropy_pro_noisycal_15es/training_metrics.json,[2].train_seg,0.5316296141881209
ablations,05_results/ablations/run30_entropy_pro_noisycal_15es/training_metrics.json,[2].train_class,0.6994548669228187
ablations,05_results/ablations/run30_entropy_pro_noisycal_15es/training_metrics.json,[2].train_vae,4.140751570921678
ablations,05_results/ablations/run30_entropy_pro_noisycal_15es/training_metrics.json,[2].train_reg,0.5602815036590283
ablations,05_results/ablations/run30_entropy_pro_noisycal_15es/training_metrics.json,[2].train_consistency,0.04986876085973703
ablations,05_results/ablations/run30_entropy_pro_noisycal_15es/training_metrics.json,[2].val_loss,1.5690680980682372
ablations,05_results/ablations/run30_entropy_pro_noisycal_15es/training_metrics.json,[2].val_seg,0.5394911110401154
ablations,05_results/ablations/run30_entropy_pro_noisycal_15es/training_metrics.json,[2].val_class,0.6950871706008911
ablations,05_results/ablations/run30_entropy_pro_noisycal_15es/training_metrics.json,[2].val_vae,3.3419732093811034
ablations,05_results/ablations/run30_entropy_pro_noisycal_15es/training_metrics.json,[2].val_reg,0.6021401584148407
ablations,05_results/ablations/run30_entropy_pro_noisycal_15es/training_metrics.json,[2].lr,0.00036923076923076927
ablations,05_results/ablations/run30_entropy_pro_noisycal_15es/training_metrics.json,[2].epoch_time_sec,121.8976218700409
ablations,05_results/ablations/run30_entropy_pro_noisycal_15es/training_metrics.json,[3].epoch,4
ablations,05_results/ablations/run30_entropy_pro_noisycal_15es/training_metrics.json,[3].train_loss,1.5997526150483352
ablations,05_results/ablations/run30_entropy_pro_noisycal_15es/training_metrics.json,[3].train_seg,0.5927508904383733
ablations,05_results/ablations/run30_entropy_pro_noisycal_15es/training_metrics.json,[3].train_class,0.690930379812534
ablations,05_results/ablations/run30_entropy_pro_noisycal_15es/training_metrics.json,[3].train_vae,4.673150029549232
ablations,05_results/ablations/run30_entropy_pro_noisycal_15es/training_metrics.json,[3].train_reg,0.5206335397867056
ablations,05_results/ablations/run30_entropy_pro_noisycal_15es/training_metrics.json,[3].train_consistency,0.0902306854724884
ablations,05_results/ablations/run30_entropy_pro_noisycal_15es/training_metrics.json,[3].val_loss,1.5614634096622466
ablations,05_results/ablations/run30_entropy_pro_noisycal_15es/training_metrics.json,[3].val_seg,0.5334100216627121
ablations,05_results/ablations/run30_entropy_pro_noisycal_15es/training_metrics.json,[3].val_class,0.7033355355262756
ablations,05_results/ablations/run30_entropy_pro_noisycal_15es/training_metrics.json,[3].val_vae,3.6175580978393556
ablations,05_results/ablations/run30_entropy_pro_noisycal_15es/training_metrics.json,[3].val_reg,0.577084556221962
ablations,05_results/ablations/run30_entropy_pro_noisycal_15es/training_metrics.json,[3].lr,0.0004923076923076924
ablations,05_results/ablations/run30_entropy_pro_noisycal_15es/training_metrics.json,[3].epoch_time_sec,122.59888458251953
ablations,05_results/ablations/run30_entropy_pro_noisycal_15es/training_metrics.json,[4].epoch,5
ablations,05_results/ablations/run30_entropy_pro_noisycal_15es/training_metrics.json,[4].train_loss,1.6767011449887201
ablations,05_results/ablations/run30_entropy_pro_noisycal_15es/training_metrics.json,[4].train_seg,0.6567651739487281
ablations,05_results/ablations/run30_entropy_pro_noisycal_15es/training_metrics.json,[4].train_class,0.7123911885114816
ablations,05_results/ablations/run30_entropy_pro_noisycal_15es/training_metrics.json,[4].train_vae,5.147942460500277
ablations,05_results/ablations/run30_entropy_pro_noisycal_15es/training_metrics.json,[4].train_reg,0.4879073755099223
ablations,05_results/ablations/run30_entropy_pro_noisycal_15es/training_metrics.json,[4].train_consistency,0.12111673057079315
ablations,05_results/ablations/run30_entropy_pro_noisycal_15es/training_metrics.json,[4].val_loss,1.532832098007202
ablations,05_results/ablations/run30_entropy_pro_noisycal_15es/training_metrics.json,[4].val_seg,0.5349859476089478
ablations,05_results/ablations/run30_entropy_pro_noisycal_15es/training_metrics.json,[4].val_class,0.6943206518888474
ablations,05_results/ablations/run30_entropy_pro_noisycal_15es/training_metrics.json,[4].val_vae,3.9001948714256285
ablations,05_results/ablations/run30_entropy_pro_noisycal_15es/training_metrics.json,[4].val_reg,0.5290471225976944
ablations,05_results/ablations/run30_entropy_pro_noisycal_15es/training_metrics.json,[4].lr,0.0004996648728847504
ablations,05_results/ablations/run30_entropy_pro_noisycal_15es/training_metrics.json,[4].epoch_time_sec,122.31325364112854
ablations,05_results/ablations/run30_entropy_pro_noisycal_15es/training_metrics.json,[5].epoch,6
ablations,05_results/ablations/run30_entropy_pro_noisycal_15es/training_metrics.json,[5].train_loss,1.569511105464055
ablations,05_results/ablations/run30_entropy_pro_noisycal_15es/training_metrics.json,[5].train_seg,0.5806245666283828
ablations,05_results/ablations/run30_entropy_pro_noisycal_15es/training_metrics.json,[5].train_class,0.7064244898465963
ablations,05_results/ablations/run30_entropy_pro_noisycal_15es/training_metrics.json,[5].train_vae,3.7586463176287137
ablations,05_results/ablations/run30_entropy_pro_noisycal_15es/training_metrics.json,[5].train_reg,0.47043753197559945
ablations,05_results/ablations/run30_entropy_pro_noisycal_15es/training_metrics.json,[5].train_consistency,0.09656823162849133
ablations,05_results/ablations/run30_entropy_pro_noisycal_15es/training_metrics.json,[5].val_loss,1.5312493026256562
ablations,05_results/ablations/run30_entropy_pro_noisycal_15es/training_metrics.json,[5].val_seg,0.5402073979377746
ablations,05_results/ablations/run30_entropy_pro_noisycal_15es/training_metrics.json,[5].val_class,0.7011315584182739
ablations,05_results/ablations/run30_entropy_pro_noisycal_15es/training_metrics.json,[5].val_vae,2.7672107100486754
ablations,05_results/ablations/run30_entropy_pro_noisycal_15es/training_metrics.json,[5].val_reg,0.5244765102863311
ablations,05_results/ablations/run30_entropy_pro_noisycal_15es/training_metrics.json,[5].lr,0.000498569667339325
ablations,05_results/ablations/run30_entropy_pro_noisycal_15es/training_metrics.json,[5].epoch_time_sec,120.49437952041626
ablations,05_results/ablations/run30_entropy_pro_noisycal_15es/training_metrics.json,[6].epoch,7
ablations,05_results/ablations/run30_entropy_pro_noisycal_15es/training_metrics.json,[6].train_loss,1.6049741048079271
ablations,05_results/ablations/run30_entropy_pro_noisycal_15es/training_metrics.json,[6].train_seg,0.6200996738213759
ablations,05_results/ablations/run30_entropy_pro_noisycal_15es/training_metrics.json,[6].train_class,0.7131382016035227
ablations,05_results/ablations/run30_entropy_pro_noisycal_15es/training_metrics.json,[6].train_vae,3.376780764873211
ablations,05_results/ablations/run30_entropy_pro_noisycal_15es/training_metrics.json,[6].train_reg,0.4561239604766552
ablations,05_results/ablations/run30_entropy_pro_noisycal_15es/training_metrics.json,[6].train_consistency,0.09906442486322843
ablations,05_results/ablations/run30_entropy_pro_noisycal_15es/training_metrics.json,[6].val_loss,1.5356866419315338
ablations,05_results/ablations/run30_entropy_pro_noisycal_15es/training_metrics.json,[6].val_seg,0.5528653204441071
ablations,05_results/ablations/run30_entropy_pro_noisycal_15es/training_metrics.json,[6].val_class,0.7008753657341004
ablations,05_results/ablations/run30_entropy_pro_noisycal_15es/training_metrics.json,[6].val_vae,2.839233064651489
ablations,05_results/ablations/run30_entropy_pro_noisycal_15es/training_metrics.json,[6].val_reg,0.507107263803482
ablations,05_results/ablations/run30_entropy_pro_noisycal_15es/training_metrics.json,[6].lr,0.0004967162609100342
ablations,05_results/ablations/run30_entropy_pro_noisycal_15es/training_metrics.json,[6].epoch_time_sec,120.1015944480896
ablations,05_results/ablations/run30_entropy_pro_noisycal_15es/training_metrics.json,[7].epoch,8
ablations,05_results/ablations/run30_entropy_pro_noisycal_15es/training_metrics.json,[7].train_loss,1.5050735922960135
ablations,05_results/ablations/run30_entropy_pro_noisycal_15es/training_metrics.json,[7].train_seg,0.5341004953934596
ablations,05_results/ablations/run30_entropy_pro_noisycal_15es/training_metrics.json,[7].train_class,0.6937579136628371
ablations,05_results/ablations/run30_entropy_pro_noisycal_15es/training_metrics.json,[7].train_vae,3.9322674696262068
ablations,05_results/ablations/run30_entropy_pro_noisycal_15es/training_metrics.json,[7].train_reg,0.43860592337755056
ablations,05_results/ablations/run30_entropy_pro_noisycal_15es/training_metrics.json,[7].train_consistency,0.18589539436193614
ablations,05_results/ablations/run30_entropy_pro_noisycal_15es/training_metrics.json,[7].val_loss,1.5192474544048309
ablations,05_results/ablations/run30_entropy_pro_noisycal_15es/training_metrics.json,[7].val_seg,0.5574809461832047
ablations,05_results/ablations/run30_entropy_pro_noisycal_15es/training_metrics.json,[7].val_class,0.6875982493162155
ablations,05_results/ablations/run30_entropy_pro_noisycal_15es/training_metrics.json,[7].val_vae,3.080463397502899
ablations,05_results/ablations/run30_entropy_pro_noisycal_15es/training_metrics.json,[7].val_reg,0.48672720938920977
ablations,05_results/ablations/run30_entropy_pro_noisycal_15es/training_metrics.json,[7].lr,0.0004941102862358093
ablations,05_results/ablations/run30_entropy_pro_noisycal_15es/training_metrics.json,[7].epoch_time_sec,120.01031184196472
ablations,05_results/ablations/run30_entropy_pro_noisycal_15es/training_metrics.json,[8].epoch,9
ablations,05_results/ablations/run30_entropy_pro_noisycal_15es/training_metrics.json,[8].train_loss,nan
ablations,05_results/ablations/run30_entropy_pro_noisycal_15es/training_metrics.json,[8].train_seg,nan
ablations,05_results/ablations/run30_entropy_pro_noisycal_15es/training_metrics.json,[8].train_class,nan
ablations,05_results/ablations/run30_entropy_pro_noisycal_15es/training_metrics.json,[8].train_vae,nan
ablations,05_results/ablations/run30_entropy_pro_noisycal_15es/training_metrics.json,[8].train_reg,nan
ablations,05_results/ablations/run30_entropy_pro_noisycal_15es/training_metrics.json,[8].train_consistency,nan
ablations,05_results/ablations/run30_entropy_pro_noisycal_15es/training_metrics.json,[8].val_loss,nan
ablations,05_results/ablations/run30_entropy_pro_noisycal_15es/training_metrics.json,[8].val_seg,nan
ablations,05_results/ablations/run30_entropy_pro_noisycal_15es/training_metrics.json,[8].val_class,nan
ablations,05_results/ablations/run30_entropy_pro_noisycal_15es/training_metrics.json,[8].val_vae,nan
ablations,05_results/ablations/run30_entropy_pro_noisycal_15es/training_metrics.json,[8].val_reg,nan
ablations,05_results/ablations/run30_entropy_pro_noisycal_15es/training_metrics.json,[8].lr,0.0004907596856355667
ablations,05_results/ablations/run30_entropy_pro_noisycal_15es/training_metrics.json,[8].epoch_time_sec,119.55087447166443
ablations,05_results/ablations/run30_entropy_pro_noisycal_15es/training_metrics.json,[9].epoch,10
ablations,05_results/ablations/run30_entropy_pro_noisycal_15es/training_metrics.json,[9].train_loss,nan
ablations,05_results/ablations/run30_entropy_pro_noisycal_15es/training_metrics.json,[9].train_seg,nan
ablations,05_results/ablations/run30_entropy_pro_noisycal_15es/training_metrics.json,[9].train_class,nan
ablations,05_results/ablations/run30_entropy_pro_noisycal_15es/training_metrics.json,[9].train_vae,nan
ablations,05_results/ablations/run30_entropy_pro_noisycal_15es/training_metrics.json,[9].train_reg,nan
ablations,05_results/ablations/run30_entropy_pro_noisycal_15es/training_metrics.json,[9].train_consistency,nan
ablations,05_results/ablations/run30_entropy_pro_noisycal_15es/training_metrics.json,[9].val_loss,nan
ablations,05_results/ablations/run30_entropy_pro_noisycal_15es/training_metrics.json,[9].val_seg,nan
ablations,05_results/ablations/run30_entropy_pro_noisycal_15es/training_metrics.json,[9].val_class,nan
ablations,05_results/ablations/run30_entropy_pro_noisycal_15es/training_metrics.json,[9].val_vae,nan
ablations,05_results/ablations/run30_entropy_pro_noisycal_15es/training_metrics.json,[9].val_reg,nan
ablations,05_results/ablations/run30_entropy_pro_noisycal_15es/training_metrics.json,[9].lr,0.00048667469620704653
ablations,05_results/ablations/run30_entropy_pro_noisycal_15es/training_metrics.json,[9].epoch_time_sec,119.00576949119568
ablations,05_results/ablations/run30_entropy_pro_noisycal_15es/training_metrics.json,[10].epoch,11
ablations,05_results/ablations/run30_entropy_pro_noisycal_15es/training_metrics.json,[10].train_loss,nan
ablations,05_results/ablations/run30_entropy_pro_noisycal_15es/training_metrics.json,[10].train_seg,nan
ablations,05_results/ablations/run30_entropy_pro_noisycal_15es/training_metrics.json,[10].train_class,nan
ablations,05_results/ablations/run30_entropy_pro_noisycal_15es/training_metrics.json,[10].train_vae,nan
ablations,05_results/ablations/run30_entropy_pro_noisycal_15es/training_metrics.json,[10].train_reg,nan
ablations,05_results/ablations/run30_entropy_pro_noisycal_15es/training_metrics.json,[10].train_consistency,nan
ablations,05_results/ablations/run30_entropy_pro_noisycal_15es/training_metrics.json,[10].val_loss,nan
ablations,05_results/ablations/run30_entropy_pro_noisycal_15es/training_metrics.json,[10].val_seg,nan
ablations,05_results/ablations/run30_entropy_pro_noisycal_15es/training_metrics.json,[10].val_class,nan
ablations,05_results/ablations/run30_entropy_pro_noisycal_15es/training_metrics.json,[10].val_vae,nan
ablations,05_results/ablations/run30_entropy_pro_noisycal_15es/training_metrics.json,[10].val_reg,nan
ablations,05_results/ablations/run30_entropy_pro_noisycal_15es/training_metrics.json,[10].lr,0.0004818677753210068
ablations,05_results/ablations/run30_entropy_pro_noisycal_15es/training_metrics.json,[10].epoch_time_sec,119.40237760543823
ablations,05_results/ablations/run30_entropy_pro_noisycal_15es/training_metrics.json,[11].epoch,12
ablations,05_results/ablations/run30_entropy_pro_noisycal_15es/training_metrics.json,[11].train_loss,nan
ablations,05_results/ablations/run30_entropy_pro_noisycal_15es/training_metrics.json,[11].train_seg,nan
ablations,05_results/ablations/run30_entropy_pro_noisycal_15es/training_metrics.json,[11].train_class,nan
ablations,05_results/ablations/run30_entropy_pro_noisycal_15es/training_metrics.json,[11].train_vae,nan
ablations,05_results/ablations/run30_entropy_pro_noisycal_15es/training_metrics.json,[11].train_reg,nan
ablations,05_results/ablations/run30_entropy_pro_noisycal_15es/training_metrics.json,[11].train_consistency,nan
ablations,05_results/ablations/run30_entropy_pro_noisycal_15es/training_metrics.json,[11].val_loss,nan
ablations,05_results/ablations/run30_entropy_pro_noisycal_15es/training_metrics.json,[11].val_seg,nan
ablations,05_results/ablations/run30_entropy_pro_noisycal_15es/training_metrics.json,[11].val_class,nan
ablations,05_results/ablations/run30_entropy_pro_noisycal_15es/training_metrics.json,[11].val_vae,nan
ablations,05_results/ablations/run30_entropy_pro_noisycal_15es/training_metrics.json,[11].val_reg,nan
ablations,05_results/ablations/run30_entropy_pro_noisycal_15es/training_metrics.json,[11].lr,0.0004763535708189011
ablations,05_results/ablations/run30_entropy_pro_noisycal_15es/training_metrics.json,[11].epoch_time_sec,119.68219685554504
ablations,05_results/ablations/run30_entropy_pro_noisycal_15es/training_metrics.json,[12].epoch,13
ablations,05_results/ablations/run30_entropy_pro_noisycal_15es/training_metrics.json,[12].train_loss,nan
ablations,05_results/ablations/run30_entropy_pro_noisycal_15es/training_metrics.json,[12].train_seg,nan
ablations,05_results/ablations/run30_entropy_pro_noisycal_15es/training_metrics.json,[12].train_class,nan
ablations,05_results/ablations/run30_entropy_pro_noisycal_15es/training_metrics.json,[12].train_vae,nan
ablations,05_results/ablations/run30_entropy_pro_noisycal_15es/training_metrics.json,[12].train_reg,nan
ablations,05_results/ablations/run30_entropy_pro_noisycal_15es/training_metrics.json,[12].train_consistency,nan
ablations,05_results/ablations/run30_entropy_pro_noisycal_15es/training_metrics.json,[12].val_loss,nan
ablations,05_results/ablations/run30_entropy_pro_noisycal_15es/training_metrics.json,[12].val_seg,nan
ablations,05_results/ablations/run30_entropy_pro_noisycal_15es/training_metrics.json,[12].val_class,nan
ablations,05_results/ablations/run30_entropy_pro_noisycal_15es/training_metrics.json,[12].val_vae,nan
ablations,05_results/ablations/run30_entropy_pro_noisycal_15es/training_metrics.json,[12].val_reg,nan
ablations,05_results/ablations/run30_entropy_pro_noisycal_15es/training_metrics.json,[12].lr,0.0004701489359140396
ablations,05_results/ablations/run30_entropy_pro_noisycal_15es/training_metrics.json,[12].epoch_time_sec,119.29992771148682
ablations,05_results/ablations/run30_entropy_pro_noisycal_15es/training_summary.json,best_val_loss,1.5192474544048309
ablations,05_results/ablations/run30_entropy_pro_noisycal_15es/training_summary.json,epochs_completed,13
ablations,05_results/ablations/run30_entropy_pro_noisycal_15es/training_summary.json,early_stopping_enabled,True
ablations,05_results/ablations/run30_entropy_pro_noisycal_15es/training_summary.json,early_stopping_patience,5
ablations,05_results/ablations/run30_entropy_pro_noisycal_15es/training_summary.json,monitor,"""val_loss"""
ablations,05_results/ablations/run30_entropy_pro_noisycal_15es/training_summary.json,metrics_file,"""outputs/run30_entropy_pro_noisycal_15es\\training_metrics.json"""
ablations,05_results/ablations/run30_entropy_pro_noisycal_15es/training_summary.json,val_visualizations_dir,"""outputs/run30_entropy_pro_noisycal_15es\\val_visualizations"""
ablation_json_results,05_results/ablation_json_results/ablation_summary.json,base_config,"""configs/default.yaml"""
ablation_json_results,05_results/ablation_json_results/ablation_summary.json,epochs,1
ablation_json_results,05_results/ablation_json_results/ablation_summary.json,variants.no_consistency.clean.i_auroc,78.67063492063492
ablation_json_results,05_results/ablation_json_results/ablation_summary.json,variants.no_consistency.clean.i_f1,61.53846104142012
ablation_json_results,05_results/ablation_json_results/ablation_summary.json,variants.no_consistency.clean.i_ap,57.061032572215176
ablation_json_results,05_results/ablation_json_results/ablation_summary.json,variants.no_consistency.clean.p_auroc,78.56913563473685
ablation_json_results,05_results/ablation_json_results/ablation_summary.json,variants.no_consistency.clean.p_pro,41.14109499684921
ablation_json_results,05_results/ablation_json_results/ablation_summary.json,variants.no_consistency.clean.p_ap,4.037016977918952
ablation_json_results,05_results/ablation_json_results/ablation_summary.json,variants.no_consistency.noisy.i_auroc,42.757936507936506
ablation_json_results,05_results/ablation_json_results/ablation_summary.json,variants.no_consistency.noisy.i_f1,39.99999968
ablation_json_results,05_results/ablation_json_results/ablation_summary.json,variants.no_consistency.noisy.i_ap,22.86829806381631
ablation_json_results,05_results/ablation_json_results/ablation_summary.json,variants.no_consistency.noisy.p_auroc,71.66694852981577
ablation_json_results,05_results/ablation_json_results/ablation_summary.json,variants.no_consistency.noisy.p_pro,39.64417580447453
ablation_json_results,05_results/ablation_json_results/ablation_summary.json,variants.no_consistency.noisy.p_ap,2.120894938768592
ablation_json_results,05_results/ablation_json_results/ablation_summary.json,variants.no_consistency.delta.i_auroc,-35.91269841269842
ablation_json_results,05_results/ablation_json_results/ablation_summary.json,variants.no_consistency.delta.i_f1,-21.53846136142012
ablation_json_results,05_results/ablation_json_results/ablation_summary.json,variants.no_consistency.delta.i_ap,-34.192734508398864
ablation_json_results,05_results/ablation_json_results/ablation_summary.json,variants.no_consistency.delta.p_auroc,-6.902187104921083
ablation_json_results,05_results/ablation_json_results/ablation_summary.json,variants.no_consistency.delta.p_pro,-1.4969191923746834
ablation_json_results,05_results/ablation_json_results/ablation_summary.json,variants.no_consistency.delta.p_ap,-1.9161220391503604
ablation_json_results,05_results/ablation_json_results/ablation_summary.json,variants.lora_no_consistency.clean.i_auroc,57.638888888888886
ablation_json_results,05_results/ablation_json_results/ablation_summary.json,variants.lora_no_consistency.clean.i_f1,42.857142475102044
ablation_json_results,05_results/ablation_json_results/ablation_summary.json,variants.lora_no_consistency.clean.i_ap,34.99833984569629
ablation_json_results,05_results/ablation_json_results/ablation_summary.json,variants.lora_no_consistency.clean.p_auroc,66.06904880619055
ablation_json_results,05_results/ablation_json_results/ablation_summary.json,variants.lora_no_consistency.clean.p_pro,27.71956321130486
ablation_json_results,05_results/ablation_json_results/ablation_summary.json,variants.lora_no_consistency.clean.p_ap,1.8944560113995448
ablation_json_results,05_results/ablation_json_results/ablation_summary.json,variants.lora_no_consistency.noisy.i_auroc,49.702380952380956
ablation_json_results,05_results/ablation_json_results/ablation_summary.json,variants.lora_no_consistency.noisy.i_f1,42.62295040365493
ablation_json_results,05_results/ablation_json_results/ablation_summary.json,variants.lora_no_consistency.noisy.i_ap,28.961937329327185
ablation_json_results,05_results/ablation_json_results/ablation_summary.json,variants.lora_no_consistency.noisy.p_auroc,58.6906182480581
ablation_json_results,05_results/ablation_json_results/ablation_summary.json,variants.lora_no_consistency.noisy.p_pro,22.905518534608724
ablation_json_results,05_results/ablation_json_results/ablation_summary.json,variants.lora_no_consistency.noisy.p_ap,1.2736089655921425
ablation_json_results,05_results/ablation_json_results/ablation_summary.json,variants.lora_no_consistency.delta.i_auroc,-7.93650793650793
ablation_json_results,05_results/ablation_json_results/ablation_summary.json,variants.lora_no_consistency.delta.i_f1,-0.23419207144711152
ablation_json_results,05_results/ablation_json_results/ablation_summary.json,variants.lora_no_consistency.delta.i_ap,-6.036402516369108
ablation_json_results,05_results/ablation_json_results/ablation_summary.json,variants.lora_no_consistency.delta.p_auroc,-7.37843055813245
ablation_json_results,05_results/ablation_json_results/ablation_summary.json,variants.lora_no_consistency.delta.p_pro,-4.814044676696135
ablation_json_results,05_results/ablation_json_results/ablation_summary.json,variants.lora_no_consistency.delta.p_ap,-0.6208470458074022
